Order_ID,Order_Date,Platform,Customer_ID,Product,Price,Quantity,Discount,Revenue,Country
916abd86,2024-05-16,Shopify,1eeefe,Headphones,264.78,3,0.16,667.25,Guinea
1e85b738,2024-04-10,Amazon,7a0154,Tablet,809.56,2,0.09,1473.4,Monaco
a5643451,2024-07-19,Shopify,3ef0de,Headphones,520.08,2,0.09,946.55,Dominica
27a8689c,2025-01-18,Shopify,d9e313,Smartwatch,80.61,4,0.12,283.75,Dominica
630b1112,2024-08-20,Amazon,8f32ea,Tablet,752.19,4,0.0,3008.76,Isle of Man
cd8841fd,2024-10-26,Amazon,562baf,Headphones,225.15,4,0.14,774.52,United Arab Emirates
5f6445e7,2024-04-28,Shopify,78a04d,Camera,550.82,3,0.15,1404.59,Palestinian Territory
ba234be3,2024-05-17,eBay,8dc431,Smartwatch,230.41,3,0.26,511.51,Timor-Leste
e01961f6,2024-06-03,Shopify,575ebc,Laptop,246.84,4,0.13,859.0,Papua New Guinea
6cafeae8,2024-11-04,Shopify,ce571f,Camera,438.07,2,0.11,779.76,French Southern Territories
89bfe2d9,2024-02-25,Shopify,32e077,Smartwatch,1999.71,2,0.3,2799.59,Jersey
60cae6ab,2025-01-24,Shopify,6d91a2,Monitor,54.26,2,0.17,90.07,Zimbabwe
b64d17d9,2024-02-19,Amazon,415a40,Tablet,1295.41,3,0.14,3342.16,United Kingdom
85d050a1,2024-08-27,Shopify,7fdad6,Smartphone,325.43,1,0.15,276.62,Singapore
3c487e88,2025-01-18,eBay,c4102d,Laptop,1845.22,2,0.24,2804.73,Falkland Islands (Malvinas)
9ff77f3a,2024-05-08,Amazon,2a06eb,Camera,232.58,2,0.1,418.64,Sri Lanka
09c36af2,2024-07-29,eBay,51ef62,Camera,1912.37,2,0.12,3365.77,Macao
b596cb3e,2024-08-07,eBay,fb0a13,Headphones,1241.31,4,0.23,3823.23,Uruguay
3e53e7e3,2024-02-18,eBay,527031,Tablet,52.47,3,0.02,154.26,Swaziland
83ea8458,2024-11-14,eBay,aab22e,Smartphone,1793.31,4,0.26,5308.2,Ethiopia
2c493cc2,2024-12-19,Amazon,4fd7bb,Smartwatch,1067.34,4,0.13,3714.34,Congo
c67e773b,2024-07-24,Amazon,71bf14,Smartphone,562.21,1,0.17,466.63,Croatia
bd247b61,2025-01-15,eBay,3e02e2,Tablet,1546.19,4,0.23,4762.27,Georgia
c395f39c,2024-02-23,eBay,c12165,Tablet,1857.0,1,0.08,1708.44,Togo
938f6212,2024-06-22,Amazon,4298c1,Monitor,993.2,4,0.27,2900.14,Bahamas
2c7603ce,2024-02-23,Amazon,ad4bd1,Monitor,665.33,2,0.29,944.77,Switzerland
8b4b2751,2024-10-29,Amazon,8ae839,Smartphone,1588.44,3,0.15,4050.52,China
7079308d,2024-02-09,Shopify,787f80,Smartwatch,1379.48,4,0.28,3972.9,Antigua and Barbuda
5c56467a,2024-06-28,Shopify,7359f3,Smartphone,1783.07,1,0.0,1783.07,Anguilla
3a05f39a,2024-10-04,Shopify,fc41ae,Tablet,1400.4,3,0.27,3066.88,Saint Kitts and Nevis
ec1eb385,2024-06-13,eBay,c02c1f,Tablet,524.88,1,0.09,477.64,Ecuador
27967613,2024-02-12,Shopify,2cdcff,Headphones,1866.74,2,0.09,3397.47,Montenegro
7e4b1e8b,2024-12-26,eBay,34c5fc,Monitor,254.43,4,0.07,946.48,Azerbaijan
d187edcd,2025-01-04,eBay,ea7eaa,Headphones,572.49,3,0.1,1545.72,Cocos (Keeling) Islands
4bb93a95,2024-04-21,Shopify,6cd272,Laptop,1064.38,2,0.06,2001.03,Zimbabwe
0fc2f4fc,2024-02-10,eBay,506bbe,Tablet,1153.2,4,0.27,3367.34,Martinique
36a3bc53,2024-11-28,Shopify,116dc8,Headphones,79.86,4,0.27,233.19,Slovenia
e9a30657,2024-08-24,Shopify,d50915,Smartphone,1572.12,1,0.03,1524.96,El Salvador
647817f3,2024-10-25,Amazon,5d8949,Monitor,755.13,1,0.04,724.92,Egypt
4032b4b4,2024-08-11,Shopify,ae9f3b,Monitor,842.52,2,0.26,1246.93,Greece
e662fbcb,2025-01-12,Amazon,d99cf3,Smartwatch,1628.27,1,0.12,1432.88,Pitcairn Islands
7b21033a,2024-05-26,Shopify,3d27a1,Smartphone,789.6,2,0.05,1500.24,Greece
976bbc81,2024-02-07,Shopify,2f7ff4,Smartwatch,142.09,2,0.15,241.55,Papua New Guinea
57cc70ae,2024-12-19,Amazon,ab0894,Headphones,394.06,2,0.13,685.66,Poland
7527e6d1,2024-10-01,Amazon,fd883c,Camera,1914.01,1,0.07,1780.03,Pitcairn Islands
8691af11,2024-12-05,Shopify,2dc7df,Laptop,187.29,3,0.22,438.26,Sweden
fb241b1e,2024-04-18,eBay,137ed3,Smartphone,742.12,2,0.19,1202.23,Afghanistan
1e2fe79a,2024-02-19,Amazon,ce5073,Smartphone,1031.2,3,0.03,3000.79,Swaziland
15ccac5c,2024-12-27,eBay,135544,Smartphone,1011.9,4,0.28,2914.27,Vietnam
ae278055,2024-04-18,eBay,01370c,Smartwatch,57.72,1,0.17,47.91,South Georgia and the South Sandwich Islands
7f505ae7,2024-08-08,eBay,8fbcab,Headphones,1027.27,1,0.08,945.09,Norway
52d1f332,2024-04-25,Amazon,7997c8,Smartphone,798.36,3,0.06,2251.38,Mexico
3280c39b,2024-08-07,eBay,58b1cb,Camera,1945.55,4,0.04,7470.91,Netherlands
7bcb9ef8,2024-07-01,Amazon,3770c5,Smartphone,360.36,4,0.13,1254.05,Mauritius
f28289b0,2024-12-08,eBay,d1d2bb,Monitor,740.6,2,0.04,1421.95,Samoa
d5c7ad5e,2024-03-24,Shopify,5bcd4d,Laptop,867.99,1,0.12,763.83,Sierra Leone
55c74976,2024-12-17,Shopify,76cdd9,Monitor,811.85,4,0.04,3117.5,Cyprus
97ff10e5,2024-03-13,Amazon,699a93,Monitor,1348.37,4,0.2,4314.78,Vanuatu
a1bdb965,2024-03-27,Shopify,ef709f,Laptop,470.25,2,0.24,714.78,Korea
33476109,2024-03-07,Shopify,f16a8e,Camera,481.09,2,0.16,808.23,Zambia
219d2126,2024-04-25,eBay,d648fc,Headphones,1471.96,3,0.2,3532.7,Reunion
bcb14b50,2024-07-19,Amazon,fe1010,Monitor,1025.57,1,0.28,738.41,Western Sahara
d8db794c,2024-07-18,eBay,ed73f9,Headphones,859.55,4,0.19,2784.94,Liechtenstein
3148c5c4,2024-04-10,eBay,ea3ead,Monitor,379.95,3,0.11,1014.47,Sri Lanka
9cbe694a,2024-08-03,eBay,e0f853,Tablet,415.68,1,0.13,361.64,Pakistan
2a650502,2024-11-21,eBay,ea6c51,Laptop,70.58,3,0.26,156.69,Samoa
ef755bca,2024-08-05,eBay,6f4e53,Monitor,228.28,1,0.04,219.15,Greece
95741996,2024-09-13,eBay,caf840,Tablet,1135.84,1,0.1,1022.26,Mongolia
6a5b0e42,2024-09-26,eBay,946551,Smartwatch,1789.15,4,0.17,5939.98,Faroe Islands
0e376a20,2024-12-23,Amazon,e35704,Tablet,609.97,1,0.2,487.98,Italy
07284373,2024-05-29,Shopify,4145cd,Smartphone,689.11,2,0.23,1061.23,American Samoa
8a611c75,2024-04-08,eBay,84f473,Monitor,275.43,4,0.1,991.55,Nauru
71c697b2,2024-05-28,eBay,7535bb,Tablet,807.83,2,0.04,1551.03,Anguilla
9b3faaae,2024-07-31,eBay,8d188a,Headphones,122.58,3,0.29,261.1,Guyana
394ceb8c,2024-10-05,eBay,730ce7,Smartwatch,1839.32,3,0.02,5407.6,Sweden
9002a759,2024-03-29,eBay,6cb5df,Camera,1362.57,1,0.03,1321.69,Gibraltar
7a7e6043,2024-12-25,eBay,df3679,Monitor,1981.96,1,0.15,1684.67,Bahrain
d7be2485,2024-12-01,Shopify,25acab,Smartphone,1771.51,2,0.25,2657.26,Japan
6f1c9262,2024-08-04,Shopify,321b65,Camera,972.33,2,0.23,1497.39,Maldives
6fd19da1,2024-05-31,eBay,5538b1,Tablet,1063.39,2,0.28,1531.28,British Virgin Islands
8a3e433e,2024-12-15,Shopify,62aec6,Camera,421.62,3,0.04,1214.27,Heard Island and McDonald Islands
a38583fb,2024-06-20,Amazon,571f07,Camera,950.98,2,0.11,1692.74,British Indian Ocean Territory (Chagos Archipelago)
78a67460,2024-11-08,eBay,2aaac6,Smartwatch,1810.9,4,0.08,6664.11,Equatorial Guinea
0c24dc07,2024-03-28,Amazon,e5f293,Camera,149.16,4,0.26,441.51,Lithuania
81bfd0b7,2024-02-16,Amazon,707fbf,Camera,1733.94,3,0.15,4421.55,Italy
0bb5d446,2024-12-14,eBay,fecbf5,Monitor,714.85,2,0.01,1415.4,Georgia
9167a1fe,2024-02-07,Shopify,d0c26f,Smartwatch,1804.05,2,0.21,2850.4,Cameroon
8b60a810,2024-10-01,Amazon,3cf53f,Smartphone,1884.72,1,0.12,1658.55,Paraguay
43c3e391,2024-10-26,eBay,c3c5aa,Tablet,1358.19,4,0.16,4563.52,Western Sahara
e6010948,2024-12-15,Amazon,70e604,Smartwatch,1345.63,3,0.27,2946.93,Solomon Islands
1ef4e132,2024-07-15,Amazon,e4c5d5,Smartwatch,932.87,2,0.08,1716.48,United Kingdom
28aa05e0,2024-08-03,Amazon,df8dcb,Laptop,1679.3,1,0.07,1561.75,Guinea-Bissau
b3f21470,2024-02-09,Amazon,4c44d6,Smartwatch,1925.14,3,0.08,5313.39,Guinea
3dad7c9e,2024-05-14,Shopify,f746dc,Laptop,1561.41,3,0.1,4215.81,Bosnia and Herzegovina
9fe57713,2024-04-27,Amazon,0f3cf4,Tablet,1262.78,4,0.03,4899.59,Bangladesh
c0c9b4f7,2024-03-12,Amazon,71cf45,Camera,1233.25,2,0.21,1948.54,India
7c263bd6,2025-01-22,Amazon,e33941,Monitor,1706.47,3,0.06,4812.25,Germany
cb4ce55e,2024-03-19,Shopify,b191eb,Monitor,1105.35,1,0.28,795.85,Suriname
287af76f,2024-03-23,Amazon,0bf94a,Tablet,1617.53,1,0.06,1520.48,Belgium
5d9a5835,2024-11-24,Amazon,d9831c,Tablet,1042.33,3,0.08,2876.83,Mali
e3ab077b,2024-03-28,Shopify,d0b26d,Headphones,171.77,1,0.09,156.31,Ghana
3500b35a,2025-01-30,Shopify,252bca,Camera,798.7,3,0.23,1845.0,Iran
2f7fd546,2024-03-11,Shopify,79bf8d,Tablet,916.66,1,0.13,797.49,Egypt
95e21a63,2024-04-17,Amazon,3c3843,Smartwatch,326.15,3,0.25,733.84,Guernsey
a2be11c0,2024-05-01,Shopify,7adfdf,Monitor,249.87,3,0.24,569.7,Western Sahara
9e3b80cf,2024-07-16,Shopify,a319a1,Smartphone,1094.16,3,0.28,2363.39,Costa Rica
838a0e27,2024-06-19,Amazon,9f09ff,Monitor,216.03,1,0.23,166.34,Grenada
ae620935,2025-01-13,Shopify,ece58e,Laptop,640.74,3,0.02,1883.78,Equatorial Guinea
3b00ad85,2024-06-06,Amazon,a3294e,Monitor,1501.96,4,0.25,4505.88,Pitcairn Islands
100d5a98,2024-12-23,eBay,f6b193,Headphones,1930.64,3,0.28,4170.18,Libyan Arab Jamahiriya
3befdec2,2024-09-05,Shopify,bd9d97,Camera,1449.85,2,0.3,2029.79,Norway
d56dffa3,2024-10-11,eBay,f03b70,Tablet,1985.62,2,0.04,3812.39,Uganda
47161646,2024-04-15,Amazon,567db5,Camera,1411.76,4,0.18,4630.57,Samoa
255b0abe,2024-12-09,Shopify,651f70,Tablet,622.9,3,0.06,1756.58,Nepal
b42491f0,2024-05-22,Amazon,a06a6f,Monitor,1360.5,2,0.08,2503.32,Falkland Islands (Malvinas)
dc7dcb63,2024-02-06,eBay,c5dc04,Smartphone,1419.21,3,0.22,3320.95,Kiribati
ac5581d4,2024-12-01,Amazon,309e3a,Smartphone,774.87,2,0.29,1100.32,Equatorial Guinea
6fe9684d,2025-01-25,Shopify,f77b46,Headphones,84.54,1,0.18,69.32,South Georgia and the South Sandwich Islands
c69fbded,2024-07-06,Shopify,71b630,Laptop,1421.24,1,0.26,1051.72,Saudi Arabia
b9ed5cc6,2024-09-23,eBay,0cef39,Monitor,92.32,4,0.0,369.28,Algeria
1890635d,2024-04-08,Amazon,8a9e91,Tablet,1280.82,4,0.01,5072.05,Andorra
bcad4f7a,2024-08-23,Shopify,138c4a,Monitor,369.05,3,0.18,907.86,Guam
00860f5d,2024-02-08,eBay,782208,Headphones,1152.93,4,0.12,4058.31,Serbia
5fb25c91,2024-08-09,Shopify,f34eba,Smartwatch,1032.63,3,0.27,2261.46,Mayotte
751ed6c8,2024-08-04,Shopify,7754da,Smartwatch,76.35,1,0.09,69.48,Gibraltar
9c9249dc,2024-03-14,Amazon,10a77c,Headphones,757.59,1,0.13,659.1,China
b4afa89b,2024-11-23,Shopify,16ceff,Tablet,1222.13,2,0.16,2053.18,Anguilla
482e16a1,2024-03-09,Amazon,4faa49,Camera,1704.78,3,0.08,4705.19,Uzbekistan
153f9504,2024-06-01,Shopify,6a67c5,Headphones,1782.85,1,0.27,1301.48,French Guiana
66a4e512,2024-08-21,eBay,4396c8,Tablet,993.51,1,0.14,854.42,Palau
8e3e83b6,2024-06-23,Shopify,812afd,Smartphone,1470.42,3,0.13,3837.8,Norway
d0d25b9a,2024-09-25,Amazon,163646,Headphones,667.09,2,0.25,1000.64,Spain
2c3552ec,2024-08-14,Amazon,6e14ce,Tablet,717.26,2,0.09,1305.41,Grenada
21064bd6,2025-01-02,eBay,d0451d,Headphones,429.2,2,0.25,643.8,Cayman Islands
384828b4,2024-04-15,Shopify,da28d7,Headphones,1145.8,2,0.04,2199.94,Guam
11722275,2024-06-17,Shopify,017c71,Camera,663.4,1,0.05,630.23,Namibia
cb05d363,2024-03-15,eBay,ee0c4a,Camera,214.52,3,0.29,456.93,Turks and Caicos Islands
f5e81e48,2024-08-15,Shopify,1390a6,Tablet,1385.76,3,0.25,3117.96,Djibouti
fb6eb5e1,2024-07-20,Shopify,528e72,Tablet,1430.12,1,0.12,1258.51,Iceland
c3bc25df,2024-11-03,Amazon,f4757e,Laptop,751.99,1,0.19,609.11,Greenland
345a02b0,2024-07-23,Shopify,03a0a6,Headphones,199.61,1,0.28,143.72,Seychelles
2b4a08bf,2024-04-02,Shopify,4a9258,Smartwatch,881.28,4,0.06,3313.61,Nauru
2f0ec468,2024-06-22,eBay,348393,Headphones,912.55,3,0.02,2682.9,Cocos (Keeling) Islands
b370ef3e,2025-01-09,eBay,a5c071,Headphones,1353.91,3,0.16,3411.85,Luxembourg
2390dd01,2024-04-24,Amazon,340c92,Tablet,665.06,3,0.04,1915.37,Bahrain
b5002454,2024-10-25,Shopify,d58907,Headphones,1381.07,2,0.06,2596.41,Kuwait
c6f54e09,2025-01-14,Shopify,b17223,Monitor,1749.4,1,0.27,1277.06,Kuwait
2c75324c,2024-05-04,Shopify,fa1c08,Headphones,513.1,1,0.0,513.1,Georgia
1bd6d6c9,2024-06-27,Amazon,a43742,Monitor,1958.89,1,0.25,1469.17,Colombia
26577fcc,2024-10-04,Amazon,c91d0a,Camera,803.42,4,0.16,2699.49,Norway
8670957d,2025-01-19,eBay,067669,Smartwatch,571.15,3,0.17,1422.16,Sao Tome and Principe
0f11983b,2024-03-27,Amazon,369787,Tablet,871.95,1,0.2,697.56,Moldova
fa225505,2024-12-31,Shopify,af27ec,Headphones,234.08,4,0.13,814.6,French Guiana
579f9af6,2024-08-30,Shopify,e725d1,Monitor,295.13,1,0.03,286.28,Venezuela
d18b2e4d,2024-02-04,Amazon,2a1858,Monitor,858.15,2,0.03,1664.81,Timor-Leste
e3159435,2024-07-04,Shopify,4ed344,Camera,1536.77,3,0.23,3549.94,Latvia
14cdf2b9,2024-08-23,Shopify,a081d8,Monitor,1805.61,4,0.07,6716.87,Congo
01b9c084,2024-09-01,Amazon,fda9bc,Smartphone,1346.4,1,0.01,1332.94,Thailand
13913d8e,2024-07-09,Amazon,04f788,Laptop,255.18,3,0.29,543.53,Congo
a004d64d,2024-09-03,Shopify,cc7de9,Smartwatch,1360.44,4,0.29,3863.65,Peru
58bbb9ee,2024-11-20,Shopify,a45669,Camera,1289.08,3,0.11,3441.84,Bulgaria
571bf709,2024-04-12,Shopify,727962,Camera,1621.24,3,0.01,4815.08,Egypt
47dca845,2024-02-22,eBay,847439,Headphones,1659.23,2,0.22,2588.4,Tokelau
7cb5ce25,2024-12-17,eBay,d75635,Smartphone,1743.0,3,0.25,3921.75,Mauritania
c04ac196,2024-04-25,eBay,976aca,Headphones,857.56,4,0.04,3293.03,Togo
8e8f1499,2024-06-26,Amazon,faf5e4,Headphones,1410.84,3,0.04,4063.22,Falkland Islands (Malvinas)
9dcc7695,2024-03-10,eBay,64abdd,Tablet,573.09,4,0.25,1719.27,Estonia
c05d74f5,2024-04-05,Amazon,ff6615,Tablet,1998.71,3,0.28,4317.21,Mali
81ea07e2,2024-12-07,Amazon,5765ce,Tablet,391.9,1,0.24,297.84,Israel
338288e8,2024-12-24,eBay,01a34d,Smartphone,69.72,2,0.06,131.07,Aruba
4befc6d4,2024-12-13,eBay,384f4e,Headphones,340.18,1,0.12,299.36,China
0cca2ba9,2024-09-12,eBay,3d49e0,Laptop,1562.95,2,0.18,2563.24,Montenegro
ec9cda1b,2024-04-07,Shopify,7a2c59,Smartwatch,921.23,4,0.05,3500.67,Swaziland
84656394,2024-10-21,eBay,a570da,Tablet,922.63,2,0.06,1734.54,Hong Kong
c1c107c1,2024-05-03,Shopify,b3d51b,Tablet,1912.29,3,0.08,5277.92,France
9fe16e50,2024-10-16,Amazon,de88d0,Camera,1843.29,3,0.15,4700.39,Slovenia
24c6c893,2024-05-17,Shopify,15cab6,Headphones,656.83,1,0.15,558.31,Ukraine
6dd55984,2025-01-25,eBay,1e18c2,Headphones,457.66,2,0.24,695.64,French Southern Territories
b3daa55b,2024-03-16,Amazon,426e00,Smartphone,1704.54,4,0.23,5249.98,Comoros
1b2a082f,2024-08-27,Amazon,efaf77,Smartphone,1816.74,4,0.27,5304.88,Montserrat
32844142,2024-02-11,Amazon,185c21,Tablet,1106.11,3,0.25,2488.75,Guinea
43d1d59b,2024-10-19,Shopify,f0270e,Headphones,1277.38,4,0.08,4700.76,Ghana
17f883ed,2024-04-07,eBay,6e66bd,Laptop,550.98,3,0.1,1487.65,Angola
b73a9332,2024-08-07,Amazon,cead47,Smartwatch,1611.57,3,0.15,4109.5,Mozambique
4e8ca2b0,2024-06-24,Amazon,0ba442,Headphones,1282.64,3,0.0,3847.92,Iceland
dd9cc8d7,2024-08-13,Amazon,09f2a1,Camera,1031.85,1,0.27,753.25,Burkina Faso
d4915b2c,2024-05-28,Shopify,62a2fc,Headphones,167.21,1,0.01,165.54,Austria
0198b7be,2024-02-17,Shopify,70a6ae,Monitor,1836.07,3,0.1,4957.39,Yemen
0d90b9f2,2024-07-27,eBay,99610a,Smartphone,1250.13,3,0.17,3112.82,Liberia
c7cec682,2024-02-18,Shopify,694aa6,Camera,425.75,3,0.16,1072.89,Zambia
97629a53,2024-08-25,Amazon,b6aaef,Smartwatch,1232.45,4,0.2,3943.84,Guatemala
486e30b8,2024-04-10,eBay,efb56f,Tablet,1371.05,3,0.16,3455.05,Liberia
5cea8eab,2024-03-04,Amazon,bf90f5,Camera,1075.25,3,0.07,2999.95,Lithuania
f81026dd,2024-10-29,Amazon,ddb62d,Headphones,1450.3,2,0.06,2726.56,Tunisia
0756d237,2024-08-04,Shopify,62397f,Tablet,1183.84,2,0.27,1728.41,Ghana
4413053e,2024-09-27,eBay,9cbb11,Headphones,1898.15,2,0.08,3492.6,Saint Kitts and Nevis
c06d4333,2024-10-15,Shopify,ce8058,Tablet,154.71,2,0.08,284.67,Falkland Islands (Malvinas)
fb7e0c84,2024-09-18,Shopify,5ffbef,Smartwatch,257.18,3,0.12,678.96,Monaco
7d0314ec,2024-05-05,eBay,6c0a35,Smartphone,388.66,2,0.04,746.23,Canada
9692a83b,2025-01-24,Amazon,ff4c84,Smartwatch,1395.83,4,0.15,4745.82,New Caledonia
2f65ac53,2024-03-17,Amazon,75c630,Monitor,1308.91,4,0.2,4188.51,Antarctica (the territory South of 60 deg S)
716eea65,2025-01-06,eBay,d09f81,Laptop,1789.51,2,0.24,2720.06,Yemen
972957e9,2024-04-11,Amazon,621bc6,Smartphone,1479.11,1,0.21,1168.5,Micronesia
83c81840,2024-08-16,eBay,742566,Smartwatch,1041.29,4,0.04,3998.55,Heard Island and McDonald Islands
873d7683,2025-01-24,eBay,4fcdf8,Monitor,1984.07,4,0.14,6825.2,Panama
449e41c7,2024-03-13,Shopify,b9374d,Laptop,568.91,2,0.01,1126.44,Isle of Man
5c75faf6,2024-09-09,eBay,6f5e15,Monitor,1674.72,2,0.01,3315.95,North Macedonia
f1d5e319,2024-11-23,Shopify,eeeddc,Headphones,882.24,3,0.13,2302.65,Nauru
e0c73e21,2025-01-15,Amazon,ef10e9,Headphones,1315.03,4,0.08,4839.31,Netherlands Antilles
9f0099a0,2025-01-04,Amazon,b4e9d6,Tablet,1468.17,2,0.21,2319.71,Bolivia
0e1fc9b3,2024-06-26,Amazon,4c903f,Smartphone,1285.82,2,0.22,2005.88,Norway
8f974ae4,2024-07-19,Amazon,2f53aa,Headphones,323.99,3,0.27,709.54,Bouvet Island (Bouvetoya)
d8307aa4,2024-09-28,Shopify,5a01f6,Camera,913.75,4,0.23,2814.35,Panama
a0370465,2024-10-07,Amazon,187383,Monitor,1144.8,2,0.01,2266.7,Faroe Islands
0207e500,2024-12-04,eBay,6902fd,Smartphone,1705.64,3,0.11,4554.06,France
dd65b24a,2024-02-20,eBay,3ca512,Camera,915.11,2,0.08,1683.8,Brazil
124ac9dd,2024-09-08,eBay,e3585f,Headphones,1841.56,1,0.12,1620.57,Spain
afa150c2,2024-08-29,Shopify,463429,Tablet,908.73,1,0.05,863.29,Mayotte
77121c3d,2024-06-04,Amazon,9d1fa0,Smartwatch,1120.12,2,0.03,2173.03,Korea
c922d29e,2024-07-02,Amazon,ca7785,Tablet,1602.76,4,0.16,5385.27,Tonga
e3b27278,2025-01-07,Amazon,b917a8,Camera,1186.98,1,0.22,925.84,Guinea-Bissau
20a5b640,2025-01-07,Shopify,2bd6f2,Laptop,1922.43,3,0.21,4556.16,Iran
5d6fdf19,2024-03-03,eBay,748842,Headphones,1337.65,2,0.14,2300.76,El Salvador
63ca4db2,2025-02-02,eBay,73ce2f,Camera,1069.28,3,0.16,2694.59,Norfolk Island
84d72214,2024-06-17,Amazon,da5b03,Laptop,96.0,1,0.15,81.6,Falkland Islands (Malvinas)
100587bd,2024-05-29,eBay,7c9827,Laptop,856.78,4,0.21,2707.42,Denmark
08d895cd,2024-08-06,eBay,749f64,Monitor,633.53,3,0.01,1881.58,Israel
d3f992c7,2024-02-28,Shopify,ee32df,Smartphone,1508.81,1,0.21,1191.96,Yemen
c7489d28,2024-10-28,Shopify,30aec0,Monitor,456.14,1,0.17,378.6,Norfolk Island
6e1c14bb,2024-08-24,Shopify,415038,Headphones,450.18,1,0.06,423.17,Guam
e97fc1be,2025-01-18,Shopify,ae3c1f,Laptop,419.56,3,0.01,1246.09,Congo
48af566f,2024-09-13,Amazon,acc564,Camera,294.95,1,0.03,286.1,Ecuador
4d292f9d,2024-05-29,Shopify,3df459,Smartwatch,656.46,2,0.16,1102.85,Belize
e5f773ce,2024-05-24,eBay,bcbde4,Laptop,1777.55,1,0.23,1368.71,Malta
8eaf6486,2024-11-02,Amazon,6df481,Camera,1561.11,2,0.1,2810.0,Sri Lanka
57fdde44,2024-11-19,eBay,bba261,Smartwatch,1483.74,4,0.11,5282.11,Syrian Arab Republic
ed8d4214,2024-05-09,eBay,2c6338,Monitor,1604.81,2,0.28,2310.93,Serbia
e04c4e5b,2024-02-21,eBay,a93e7c,Monitor,575.36,4,0.06,2163.35,Tunisia
4a3078a6,2024-11-21,Shopify,838e48,Smartphone,1780.51,4,0.03,6908.38,French Guiana
e00ed917,2024-07-18,Shopify,f03770,Camera,317.74,2,0.1,571.93,Saint Barthelemy
3afd990f,2024-08-31,Amazon,1bd98c,Laptop,705.87,4,0.22,2202.31,Philippines
ebaa1d0d,2024-10-31,Amazon,f823a3,Tablet,1194.16,2,0.19,1934.54,Benin
1dc61751,2024-06-12,Shopify,f0b197,Monitor,250.66,3,0.12,661.74,Tuvalu
b65ef4c4,2024-08-21,eBay,75ca28,Monitor,1473.75,4,0.29,4185.45,Mongolia
4c5232b2,2024-07-31,Amazon,2e61e1,Smartphone,805.13,2,0.22,1256.0,Vanuatu
d7c889cb,2024-03-02,Shopify,0092a5,Smartwatch,1579.59,4,0.02,6191.99,Iran
6881f739,2024-07-19,Shopify,90e53a,Smartphone,1011.15,1,0.22,788.7,French Guiana
d6041a02,2024-03-11,Shopify,cf4445,Laptop,402.71,2,0.01,797.37,Hong Kong
7f7a5585,2024-03-12,eBay,e5cdfd,Camera,1482.79,1,0.2,1186.23,Mali
b03c922d,2024-07-13,Shopify,4ff759,Headphones,541.68,4,0.06,2036.72,Burundi
51f494c2,2024-12-25,Shopify,d5ea3f,Headphones,1007.08,4,0.21,3182.37,Micronesia
8a2d9594,2025-01-17,Shopify,eb6003,Camera,197.29,3,0.09,538.6,Jersey
7cfef908,2024-10-25,Shopify,cbba29,Smartwatch,1254.84,2,0.26,1857.16,New Zealand
695d9958,2024-06-26,Amazon,15df7c,Monitor,1348.42,1,0.1,1213.58,France
e1a02199,2024-07-14,Amazon,3a8dff,Smartwatch,788.41,3,0.19,1915.84,Rwanda
82e413e2,2024-11-28,Shopify,7e977e,Monitor,1911.12,4,0.09,6956.48,Gibraltar
b987d53f,2025-01-26,eBay,65d625,Monitor,1754.63,4,0.28,5053.33,Taiwan
b070194d,2024-03-14,Amazon,933d44,Headphones,1430.48,3,0.23,3304.41,Tonga
a0439c90,2024-11-22,Shopify,853542,Smartwatch,1441.62,1,0.07,1340.71,Moldova
c307c1cc,2024-03-12,Amazon,ff582b,Smartphone,542.18,4,0.28,1561.48,Solomon Islands
dfd2bc0b,2025-01-08,Amazon,859621,Monitor,1330.79,4,0.11,4737.61,Niue
90c98459,2025-01-02,eBay,18b113,Tablet,436.5,2,0.2,698.4,Finland
64a06995,2024-07-18,Shopify,66f52f,Tablet,330.81,3,0.22,774.1,Vanuatu
00e6ee9e,2025-01-28,Shopify,a5b408,Smartphone,1998.96,4,0.01,7915.88,Western Sahara
192702ed,2024-06-29,eBay,47de4b,Tablet,1263.63,1,0.29,897.18,Timor-Leste
849737fd,2024-06-17,eBay,28f1e2,Laptop,890.43,2,0.1,1602.77,New Zealand
7d237c4e,2024-02-10,Shopify,51f06f,Monitor,611.92,3,0.06,1725.61,Ireland
51e9120d,2024-09-16,Shopify,dcaa69,Smartphone,1227.64,1,0.26,908.45,Namibia
b57ab53c,2024-11-08,eBay,6c7bbe,Smartwatch,146.71,4,0.21,463.6,Saudi Arabia
3b0122d5,2024-04-18,Amazon,e38659,Monitor,234.63,3,0.03,682.77,Morocco
5632574c,2024-08-26,Amazon,a7ad68,Smartphone,114.07,3,0.04,328.52,Jersey
7d8dc9c8,2024-02-16,eBay,4894f3,Headphones,1023.38,1,0.21,808.47,Jordan
438e0138,2024-05-19,Amazon,b3b4c6,Smartwatch,1221.18,3,0.02,3590.27,Sweden
5c021c6a,2024-04-05,eBay,0161fc,Headphones,171.84,1,0.28,123.72,Armenia
6a7a7271,2024-12-01,Amazon,64e619,Monitor,1456.39,4,0.22,4543.94,Ukraine
eb96996a,2024-10-22,Amazon,897a4c,Smartwatch,499.27,2,0.1,898.69,Netherlands
2d47af62,2024-04-20,Shopify,7917de,Tablet,1386.14,1,0.11,1233.66,Liechtenstein
34e938bd,2024-09-21,Shopify,927f7c,Smartphone,1964.7,2,0.15,3339.99,Hungary
e146aeb3,2024-09-24,Amazon,cbff06,Monitor,1397.66,3,0.11,3731.75,Holy See (Vatican City State)
9d6b25e6,2024-11-06,Amazon,920d84,Laptop,1772.23,1,0.24,1346.89,Micronesia
50bedf98,2024-04-28,Shopify,0a5408,Smartwatch,1898.99,4,0.29,5393.13,Grenada
079f531d,2024-07-27,Shopify,48213e,Smartwatch,999.16,1,0.18,819.31,Belarus
b3fcb44d,2024-04-12,Shopify,afc2d8,Camera,1419.53,1,0.13,1234.99,Timor-Leste
e763b75c,2024-10-19,eBay,acddbe,Monitor,1711.34,1,0.07,1591.55,Saint Kitts and Nevis
8895f14e,2024-07-09,Amazon,b1658c,Monitor,745.39,2,0.2,1192.62,China
d87b48e6,2024-10-20,Shopify,a93825,Headphones,559.72,2,0.21,884.36,Cote d'Ivoire
ca16233c,2024-06-10,Amazon,222ef0,Camera,1895.87,3,0.21,4493.21,Dominican Republic
df7cf1de,2024-11-07,eBay,ec499c,Tablet,1466.29,3,0.01,4354.88,Saudi Arabia
730ee9b7,2024-02-05,eBay,d663bb,Headphones,478.38,3,0.27,1047.65,Portugal
b37671d2,2024-04-02,Shopify,b664ad,Camera,925.71,3,0.1,2499.42,Congo
e824c145,2024-11-25,eBay,eb49a8,Headphones,1603.08,1,0.22,1250.4,Rwanda
72d7c9e1,2024-04-19,Amazon,79e133,Tablet,1116.77,2,0.23,1719.83,Djibouti
2076f5a9,2025-01-07,Shopify,9f538c,Camera,1317.41,2,0.2,2107.86,Sudan
03f8838e,2024-11-03,Amazon,a62653,Camera,1519.85,2,0.12,2674.94,United States Minor Outlying Islands
9ed8609c,2024-02-22,Amazon,f4b46c,Laptop,1262.92,2,0.18,2071.19,Marshall Islands
29b254ff,2024-05-11,eBay,a17913,Headphones,1103.15,3,0.01,3276.36,Guernsey
1d7576f9,2024-09-15,eBay,576f21,Headphones,1511.75,1,0.23,1164.05,Tunisia
23ac40c6,2024-07-12,eBay,a96acb,Smartwatch,1468.75,2,0.03,2849.38,Central African Republic
c8554ddf,2024-10-31,eBay,3aa0c6,Tablet,1278.25,4,0.12,4499.44,French Southern Territories
693ca3bd,2025-02-02,eBay,122538,Smartphone,751.59,1,0.03,729.04,Liberia
ccc712d2,2024-04-10,Shopify,b93517,Laptop,841.33,4,0.25,2523.99,Cape Verde
e200e06d,2025-01-28,Amazon,49ccac,Camera,1942.36,1,0.17,1612.16,Congo
080414ec,2024-09-14,Amazon,7abd97,Camera,269.15,1,0.21,212.63,British Indian Ocean Territory (Chagos Archipelago)
06f9abe4,2024-10-26,Amazon,6af663,Camera,573.58,1,0.2,458.86,Kyrgyz Republic
fa75f0ef,2024-07-09,Amazon,52287c,Laptop,1010.18,4,0.25,3030.54,Holy See (Vatican City State)
f1862ec1,2024-03-30,eBay,e62613,Camera,1681.62,2,0.04,3228.71,Saint Barthelemy
363bd79a,2024-06-26,Amazon,866f15,Camera,369.17,2,0.2,590.67,United States Minor Outlying Islands
33966b42,2024-09-13,Shopify,44b529,Tablet,590.06,4,0.17,1959.0,Kiribati
77931764,2024-11-11,Shopify,218493,Monitor,178.31,2,0.01,353.05,Sudan
801e5023,2024-07-12,Amazon,32ec7c,Monitor,1426.67,3,0.06,4023.21,Pakistan
bf851880,2024-12-03,Amazon,02de35,Smartwatch,514.51,2,0.08,946.7,Moldova
0ec8d98d,2024-07-04,Shopify,324167,Smartwatch,807.92,3,0.02,2375.28,Lesotho
db7ac41c,2024-02-28,Shopify,6d40c9,Camera,915.22,3,0.11,2443.64,Zambia
3e2d8df3,2024-04-30,eBay,f60c37,Tablet,1788.06,3,0.01,5310.54,Iceland
04e64f43,2024-11-06,Shopify,b1093e,Camera,852.09,4,0.17,2828.94,Svalbard & Jan Mayen Islands
885ab6f0,2024-07-06,eBay,819126,Smartwatch,333.19,2,0.06,626.4,Saint Pierre and Miquelon
a1b67dc0,2024-08-02,eBay,25e254,Laptop,1072.41,2,0.09,1951.79,Saint Lucia
4c442bf1,2024-04-22,eBay,e0c4e1,Laptop,1927.77,4,0.27,5629.09,Central African Republic
b2354f73,2024-10-23,eBay,b519b2,Smartphone,1234.99,4,0.15,4198.97,Saint Vincent and the Grenadines
b2a57d3c,2024-11-15,eBay,ba8dce,Monitor,1967.61,2,0.08,3620.4,Kazakhstan
eb3f5dcb,2024-04-16,Amazon,2fd3e4,Tablet,1690.16,4,0.18,5543.72,Libyan Arab Jamahiriya
6b6794df,2024-02-06,Shopify,cff24a,Headphones,120.13,4,0.06,451.69,Armenia
f879642e,2024-05-07,eBay,5b5ab4,Monitor,1333.88,3,0.02,3921.61,Cape Verde
8629012b,2024-04-19,Shopify,72df2d,Headphones,609.2,4,0.01,2412.43,Eritrea
150fe009,2024-09-09,Shopify,b0986d,Smartphone,1141.25,3,0.29,2430.86,Netherlands Antilles
bb78752d,2024-05-29,eBay,7982e3,Smartphone,594.72,1,0.22,463.88,Faroe Islands
0e4f6610,2024-12-02,Amazon,149035,Camera,730.3,3,0.24,1665.08,Rwanda
b1a5426c,2024-05-02,eBay,283e48,Smartwatch,1850.18,3,0.29,3940.88,Malaysia
bf3f584f,2024-08-29,Amazon,e61af1,Smartphone,452.95,4,0.28,1304.5,Burundi
80c641c0,2024-12-27,Shopify,47eee4,Smartphone,1754.51,2,0.22,2737.04,Afghanistan
887fed79,2024-02-24,Amazon,6fb8cf,Headphones,109.39,1,0.21,86.42,Egypt
5f000645,2024-05-03,Amazon,385cc0,Smartwatch,227.21,1,0.1,204.49,Greece
0b16cb04,2024-02-16,Amazon,d65136,Smartphone,1716.62,1,0.03,1665.12,Niger
b090e6e0,2024-02-29,Shopify,2b25f2,Monitor,1279.58,2,0.17,2124.1,Bolivia
15eb8990,2024-11-24,Shopify,bff076,Smartphone,1507.11,1,0.17,1250.9,Western Sahara
4941ba24,2024-03-24,Amazon,ebf827,Smartwatch,458.36,1,0.29,325.44,Samoa
78f32193,2025-01-18,Amazon,81a19e,Camera,1097.31,2,0.13,1909.32,Denmark
6a1e56f5,2025-01-11,eBay,8e78da,Tablet,1487.58,1,0.21,1175.19,Mauritania
47609ee2,2025-01-29,Amazon,7d425b,Smartwatch,1273.26,4,0.17,4227.22,Kenya
584eccc0,2024-11-15,eBay,59db9a,Headphones,969.81,4,0.05,3685.28,Brazil
e872adf6,2025-01-02,Amazon,12459a,Tablet,1921.58,3,0.18,4727.09,San Marino
628340d4,2025-01-11,eBay,23ef97,Monitor,1368.51,3,0.16,3448.65,Cambodia
15f59b4f,2025-01-20,Shopify,333672,Laptop,1820.11,3,0.15,4641.28,Bahamas
8ba346da,2024-11-02,Amazon,be4f49,Smartwatch,1473.05,4,0.15,5008.37,Azerbaijan
56f03ed4,2024-11-15,Amazon,9cc6f5,Camera,1484.15,4,0.05,5639.77,Libyan Arab Jamahiriya
328631c6,2024-12-02,Amazon,c7270b,Headphones,206.04,4,0.14,708.78,Switzerland
cb798d61,2024-04-20,Amazon,67f5db,Monitor,750.96,3,0.18,1847.36,Papua New Guinea
74d7861f,2024-07-27,eBay,02cc79,Tablet,1723.82,3,0.15,4395.74,Western Sahara
826fa608,2024-08-20,Amazon,87f5d9,Monitor,503.58,3,0.15,1284.13,Iraq
3274a870,2024-03-22,Shopify,d2896f,Smartwatch,275.24,3,0.02,809.21,Gibraltar
a739f9cb,2024-03-23,Shopify,76740f,Smartphone,685.91,3,0.06,1934.27,Grenada
cea9c933,2024-10-08,Amazon,5799c3,Camera,479.85,3,0.1,1295.6,Sweden
dc7d49a4,2024-07-15,Shopify,ad5428,Smartwatch,1854.31,4,0.13,6453.0,Tuvalu
df660e62,2024-06-10,Amazon,f0c00e,Laptop,1742.53,2,0.18,2857.75,Maldives
1728d704,2024-07-17,Amazon,124f4c,Smartwatch,1024.38,2,0.26,1516.08,Honduras
db989fd4,2024-06-10,Shopify,b8af71,Tablet,169.62,3,0.05,483.42,Guam
a7dfdaba,2024-07-19,Amazon,a38a78,Tablet,1443.4,2,0.0,2886.8,Colombia
19513082,2024-03-30,Shopify,8d0fe8,Smartwatch,1265.65,2,0.13,2202.23,Svalbard & Jan Mayen Islands
e9154d45,2024-04-11,eBay,69c9b1,Tablet,1942.58,4,0.13,6760.18,Burkina Faso
6bd9934e,2024-04-19,Amazon,231866,Smartphone,1139.96,3,0.17,2838.5,Colombia
2d3a0ace,2024-09-06,eBay,2407e3,Monitor,705.97,3,0.25,1588.43,Chile
12147b53,2024-04-06,Shopify,fad8ff,Smartwatch,1062.09,2,0.24,1614.38,Malaysia
30dc1e23,2024-06-19,eBay,4b1c40,Camera,1959.56,3,0.03,5702.32,Grenada
65fc2281,2024-04-06,eBay,bd0bdf,Smartphone,1407.91,3,0.28,3041.09,Fiji
4fa0ba5f,2024-06-27,Shopify,e4435a,Monitor,1360.35,3,0.03,3958.62,Guyana
369ca42b,2024-06-08,eBay,71095a,Camera,519.33,3,0.19,1261.97,Poland
569e5a9f,2025-02-01,eBay,77ffc9,Camera,1500.02,2,0.2,2400.03,Poland
63ce73c2,2024-02-22,Shopify,891c6d,Camera,1513.03,1,0.2,1210.42,Swaziland
98877984,2024-07-12,eBay,6923d7,Monitor,668.71,2,0.08,1230.43,Finland
7d33bf2b,2025-01-07,Shopify,e002fd,Smartphone,993.24,4,0.1,3575.66,Cook Islands
8208dbce,2024-12-06,eBay,471f77,Camera,624.48,1,0.16,524.56,Uganda
13467ffc,2024-10-14,Shopify,a0a53a,Camera,554.47,1,0.06,521.2,India
3b089f41,2024-10-03,Shopify,f371b8,Headphones,100.5,1,0.01,99.5,Albania
b2abe1e8,2024-11-14,eBay,1c2358,Smartwatch,606.16,2,0.17,1006.23,Mongolia
aa541836,2024-08-10,eBay,b8e602,Monitor,1130.24,4,0.14,3888.03,Kyrgyz Republic
aa209c8c,2024-07-17,eBay,5e69c1,Monitor,53.12,2,0.2,84.99,Zimbabwe
2d1b91f0,2024-12-12,Amazon,213103,Tablet,602.28,4,0.04,2312.76,United States Minor Outlying Islands
23b9f77b,2024-02-14,Amazon,871694,Monitor,1768.75,2,0.25,2653.12,Sudan
862bad15,2024-06-19,Amazon,19b229,Smartphone,1207.61,2,0.04,2318.61,South Georgia and the South Sandwich Islands
17af41db,2024-04-25,Shopify,b054dc,Monitor,1235.33,2,0.27,1803.58,Mauritius
0bf40470,2024-12-30,eBay,5b334e,Headphones,836.56,1,0.13,727.81,North Macedonia
8ca38fce,2024-05-08,Shopify,9e02b7,Smartwatch,1369.12,2,0.16,2300.12,Norway
1374e521,2024-07-11,Amazon,7ffa4e,Smartwatch,420.37,4,0.27,1227.48,Papua New Guinea
c010913a,2024-06-17,eBay,b6e551,Monitor,1646.56,4,0.09,5993.48,Somalia
0d53338a,2024-05-11,Shopify,d05ee1,Camera,277.54,4,0.05,1054.65,Monaco
3043570c,2024-02-29,eBay,88386e,Laptop,1329.2,1,0.13,1156.4,Finland
25c4c2f6,2024-09-13,Shopify,bf73c7,Laptop,715.24,2,0.07,1330.35,British Indian Ocean Territory (Chagos Archipelago)
f72feef7,2024-07-14,eBay,6cf892,Camera,1507.65,2,0.16,2532.85,Jamaica
6ae04e78,2024-03-30,Amazon,fe4271,Camera,1122.04,3,0.08,3096.83,Vanuatu
7de46d7f,2024-06-17,Amazon,5b4bef,Camera,932.09,1,0.26,689.75,Romania
dd05604e,2024-06-18,eBay,b4ae13,Smartphone,380.37,4,0.18,1247.61,Reunion
877872db,2024-06-12,Shopify,2ee238,Laptop,1291.8,4,0.0,5167.2,Palestinian Territory
817c4b44,2024-06-24,Amazon,d2adfc,Camera,1950.8,2,0.24,2965.22,Indonesia
1d87f167,2025-01-08,Amazon,d0ebb6,Smartphone,1659.93,4,0.1,5975.75,Ethiopia
2f386d8a,2024-09-25,Amazon,8740dc,Tablet,167.02,2,0.1,300.64,France
3ef2b996,2025-01-30,eBay,febe23,Smartphone,783.65,2,0.11,1394.9,Martinique
a1544f87,2024-10-14,eBay,0ad664,Laptop,1854.89,3,0.19,4507.38,Martinique
5f92b7b8,2024-06-25,Shopify,76a85e,Monitor,1030.94,1,0.13,896.92,Iceland
983e3560,2024-07-13,Shopify,89cda8,Tablet,1341.12,2,0.19,2172.61,United Arab Emirates
e29e6020,2024-07-29,Shopify,955c8e,Laptop,1829.57,2,0.04,3512.77,Maldives
76f713c6,2024-12-24,eBay,bc566d,Smartphone,1753.9,2,0.29,2490.54,Syrian Arab Republic
7596ce0c,2025-01-04,eBay,fd5888,Headphones,1028.55,3,0.22,2406.81,Christmas Island
69db0251,2024-04-07,Shopify,0763af,Smartwatch,903.41,2,0.08,1662.27,French Guiana
cba162cf,2024-08-26,Shopify,93eae4,Laptop,712.4,1,0.22,555.67,Guyana
5c1f09e9,2024-11-12,eBay,5df52d,Camera,1452.09,1,0.17,1205.23,Western Sahara
d1a67e74,2024-06-15,Shopify,000cef,Smartphone,609.62,4,0.03,2365.33,Namibia
debe906c,2025-02-01,Amazon,8a9659,Camera,537.28,1,0.05,510.42,Antigua and Barbuda
5cf8b28a,2024-12-01,eBay,6f92e3,Camera,744.69,4,0.01,2948.97,Malta
cfb01983,2024-04-13,Shopify,f6d679,Camera,395.57,1,0.24,300.63,Estonia
f4586746,2024-04-12,eBay,5c7291,Camera,1405.48,4,0.17,4666.19,Antigua and Barbuda
c64c1cc4,2024-12-31,Amazon,8d9be7,Camera,1251.67,2,0.1,2253.01,Guatemala
d23e3956,2024-04-28,eBay,64bfcb,Tablet,991.61,3,0.04,2855.84,Indonesia
42654c1f,2024-10-08,eBay,ee5b84,Laptop,811.14,3,0.15,2068.41,Zimbabwe
80364c30,2024-11-01,eBay,9e6598,Laptop,1822.67,3,0.16,4593.13,Togo
f18a0f06,2024-03-23,eBay,5d27c6,Smartwatch,106.79,2,0.21,168.73,Belize
5214cad6,2024-05-09,Amazon,1e1b57,Smartphone,1549.76,3,0.29,3300.99,Australia
fc88f5cc,2024-06-15,eBay,4c2cff,Headphones,1808.72,1,0.13,1573.59,Uruguay
39442cf3,2024-12-31,eBay,40b922,Tablet,920.39,4,0.12,3239.77,Wallis and Futuna
d02a7290,2025-01-14,Shopify,2714ee,Smartphone,1123.85,2,0.11,2000.45,Grenada
b9dfd51b,2024-09-22,eBay,88381b,Tablet,1891.7,3,0.25,4256.33,Netherlands Antilles
f1fde6e9,2024-02-24,Shopify,af63f4,Laptop,463.94,1,0.05,440.74,Antigua and Barbuda
d0d93bdb,2024-02-13,Amazon,ec426d,Camera,1064.26,1,0.1,957.83,Palestinian Territory
fe0110ea,2024-10-02,Amazon,0508db,Smartwatch,975.71,2,0.22,1522.11,Mongolia
186cfae7,2024-12-09,Amazon,ae8af2,Smartwatch,553.87,2,0.0,1107.74,Wallis and Futuna
7ecc985a,2024-11-05,Amazon,208d23,Monitor,1646.26,3,0.09,4494.29,Spain
ee1b1106,2024-11-16,Shopify,2d0c0b,Headphones,1804.22,4,0.19,5845.67,Philippines
891a3983,2024-11-18,eBay,2be0c8,Smartwatch,1574.77,3,0.06,4440.85,Nepal
fa2b7391,2024-06-24,Amazon,9dec68,Camera,430.95,3,0.09,1176.49,Saint Martin
4202f07d,2024-09-04,eBay,51992c,Laptop,219.16,2,0.15,372.57,Rwanda
3f8b9a3b,2024-11-22,Shopify,600451,Headphones,1230.62,3,0.13,3211.92,Comoros
737b13f9,2024-04-23,Shopify,d2316b,Smartphone,161.33,3,0.03,469.47,Guernsey
7cd96986,2024-10-03,Shopify,30e6b5,Camera,1362.01,4,0.28,3922.59,Christmas Island
e8512946,2024-09-14,Amazon,3dd213,Camera,1084.33,1,0.01,1073.49,Holy See (Vatican City State)
54e56e00,2024-07-13,eBay,6860c4,Smartwatch,1342.43,1,0.22,1047.1,United States Virgin Islands
774a34cf,2024-09-10,eBay,6711e1,Headphones,1200.83,4,0.02,4707.25,Puerto Rico
124eca3d,2024-06-14,eBay,8ecba9,Laptop,874.27,1,0.14,751.87,Mongolia
1194fc6f,2024-03-06,Shopify,0cea5c,Monitor,441.71,3,0.05,1258.87,Algeria
23ef0e36,2025-01-05,Amazon,f09c77,Tablet,646.12,4,0.04,2481.1,Trinidad and Tobago
83190141,2024-08-04,Shopify,2b18f6,Tablet,1072.78,4,0.04,4119.48,Mongolia
3c7c5705,2024-12-01,Shopify,503330,Laptop,1321.14,2,0.14,2272.36,Congo
54d14106,2024-09-26,eBay,a260c4,Laptop,1569.99,1,0.15,1334.49,Russian Federation
3093e39d,2024-12-15,Shopify,da70fc,Tablet,1545.98,2,0.04,2968.28,Greenland
94ae95bf,2024-03-05,eBay,14f94c,Monitor,1946.74,3,0.29,4146.56,Cook Islands
3443a8a7,2024-09-05,Amazon,565018,Headphones,607.39,4,0.08,2235.2,Turkey
ade72e3f,2024-02-21,eBay,90b914,Tablet,188.67,3,0.14,486.77,Cote d'Ivoire
92412c74,2024-06-13,Amazon,ffb124,Laptop,724.03,1,0.06,680.59,Belize
72569046,2024-03-12,eBay,487113,Smartwatch,1499.42,2,0.15,2549.01,Solomon Islands
cc45c6b5,2024-11-02,Shopify,afe344,Smartphone,904.32,1,0.23,696.33,Mexico
a874e934,2024-11-15,Shopify,a1a609,Monitor,1644.69,3,0.16,4144.62,Gibraltar
905df82f,2024-06-05,Amazon,6bf5a6,Camera,1121.19,2,0.09,2040.57,Bhutan
3475c793,2024-03-10,Amazon,f84c02,Monitor,1863.09,1,0.07,1732.67,Madagascar
c9c4704c,2024-08-28,Amazon,8cdd4e,Smartwatch,1898.33,3,0.23,4385.14,Lithuania
5c2fbfd7,2024-09-07,eBay,f473de,Smartwatch,185.14,1,0.04,177.73,Romania
553231b8,2024-06-02,eBay,4914dc,Camera,940.01,4,0.11,3346.44,Montenegro
6f5fa5c6,2024-03-30,Amazon,e96922,Laptop,1238.89,2,0.05,2353.89,Angola
2ebbbc81,2025-01-08,Shopify,c42d67,Tablet,548.95,2,0.08,1010.07,Serbia
98a07f21,2025-01-16,eBay,be106a,Headphones,843.8,2,0.05,1603.22,Korea
dc962443,2024-08-30,eBay,ab9531,Monitor,1371.48,4,0.27,4004.72,Trinidad and Tobago
bcb0fb1c,2025-01-11,eBay,1e51e3,Camera,492.13,2,0.22,767.72,Burkina Faso
37b49016,2025-01-01,Amazon,7a0541,Monitor,1223.86,4,0.17,4063.22,Heard Island and McDonald Islands
12766396,2024-03-05,Amazon,e9fb85,Smartwatch,1410.02,2,0.07,2622.64,Somalia
924c809d,2024-02-29,Amazon,ae5327,Tablet,226.47,1,0.15,192.5,Guadeloupe
33c80a19,2024-11-09,Amazon,8211b9,Monitor,1020.18,1,0.16,856.95,Mauritius
640f1ce6,2024-11-14,Amazon,51a4c9,Headphones,563.01,1,0.18,461.67,Kyrgyz Republic
650a20dd,2024-12-24,Shopify,7ae191,Smartwatch,1462.55,1,0.02,1433.3,Saudi Arabia
6c305be4,2024-04-06,Shopify,9fa85f,Headphones,419.63,4,0.29,1191.75,Singapore
70c4741c,2024-02-15,Amazon,693c54,Tablet,1789.86,3,0.14,4617.84,American Samoa
27129de7,2024-06-22,eBay,c7cd34,Monitor,890.34,3,0.28,1923.13,Papua New Guinea
c09853f5,2024-11-22,Amazon,f139e4,Smartphone,436.11,1,0.0,436.11,Ghana
0270d222,2024-03-09,Shopify,785f98,Monitor,904.14,3,0.07,2522.55,Cameroon
f69de965,2024-11-30,Shopify,8dc7f8,Tablet,847.05,3,0.03,2464.92,Turkey
95aa7a57,2024-05-01,eBay,990632,Monitor,886.39,2,0.23,1365.04,Singapore
813a86e1,2024-12-11,Shopify,825303,Camera,1191.84,4,0.1,4290.62,Kiribati
fc00fc40,2024-06-01,Amazon,f07ae2,Monitor,1066.29,1,0.25,799.72,Cyprus
bf3cb6a0,2024-04-19,eBay,432dd6,Laptop,342.07,3,0.25,769.66,Thailand
5dd6d45b,2024-09-21,Amazon,28e471,Monitor,177.88,3,0.2,426.91,South Georgia and the South Sandwich Islands
e4fe2de1,2024-12-20,Amazon,ead6a3,Monitor,1472.36,1,0.2,1177.89,Indonesia
5d64fb05,2024-08-11,eBay,390ae3,Headphones,1141.45,2,0.21,1803.49,Martinique
dd30f7f9,2024-09-01,Amazon,41f16e,Smartphone,750.05,1,0.2,600.04,Solomon Islands
f4c51a76,2024-06-04,Shopify,e58a0e,Headphones,1626.3,2,0.12,2862.29,Lao People's Democratic Republic
3bc70e43,2024-02-23,Amazon,c75820,Headphones,806.71,3,0.2,1936.1,Mexico
3037dc5e,2025-01-07,eBay,3d1124,Smartwatch,1602.13,4,0.27,4678.22,Tonga
f1ed0f39,2025-01-31,eBay,d4636a,Laptop,646.22,2,0.1,1163.2,Guinea-Bissau
2ec52750,2024-02-12,eBay,e8fd23,Headphones,192.05,2,0.28,276.55,Mali
53ce294c,2024-02-07,Amazon,34f6f0,Camera,1868.65,1,0.0,1868.65,Aruba
98e01b9c,2024-07-06,eBay,8c440b,Tablet,819.37,3,0.1,2212.3,Mozambique
c504b781,2024-05-13,eBay,118fdc,Camera,1595.75,4,0.04,6127.68,Argentina
cf09aee5,2024-03-06,Amazon,e67433,Tablet,594.33,1,0.04,570.56,Guadeloupe
b08bdf58,2024-07-17,Shopify,767302,Monitor,1310.41,1,0.24,995.91,Egypt
0c8814a8,2025-01-30,Amazon,ab8568,Smartwatch,1752.96,4,0.28,5048.52,Turkey
6bd8aa99,2024-06-02,eBay,c94c67,Laptop,131.21,3,0.23,303.1,Saint Barthelemy
d55693c1,2024-10-06,eBay,40b5ad,Camera,1669.74,4,0.29,4742.06,Guadeloupe
2c05aa3e,2024-02-24,Amazon,7f40eb,Laptop,1164.1,1,0.06,1094.25,British Indian Ocean Territory (Chagos Archipelago)
e9a685aa,2024-09-04,Shopify,9fbaba,Camera,1234.57,1,0.04,1185.19,Luxembourg
42bd3e27,2024-04-11,eBay,7cb482,Monitor,1070.16,2,0.16,1797.87,Bosnia and Herzegovina
03f6244e,2024-07-15,eBay,66a8c3,Tablet,1755.23,4,0.25,5265.69,Ethiopia
7385df29,2024-08-06,eBay,56fd82,Smartphone,134.7,4,0.01,533.41,Nepal
7e2c9be0,2024-06-05,Amazon,c098df,Smartwatch,559.01,4,0.3,1565.23,Israel
6c2eb4e8,2024-07-29,eBay,6bd2c2,Camera,1757.74,1,0.18,1441.35,Northern Mariana Islands
270ff3a8,2024-10-05,Shopify,18817f,Camera,1517.07,3,0.29,3231.36,Morocco
a6588190,2024-09-02,eBay,553149,Monitor,84.41,1,0.11,75.12,Liechtenstein
f701b326,2024-03-14,eBay,8df428,Smartwatch,1058.16,2,0.14,1820.04,France
e870d7ef,2024-05-02,Shopify,4b9956,Tablet,1082.67,1,0.23,833.66,New Caledonia
5d5c7667,2024-03-02,eBay,c84ca0,Tablet,831.72,1,0.24,632.11,North Macedonia
5e5febe6,2024-06-19,Amazon,320a78,Camera,629.92,1,0.07,585.83,El Salvador
ba23cb4a,2024-09-05,Amazon,48ea1b,Smartphone,1379.36,2,0.28,1986.28,Lebanon
2b256e39,2024-03-13,Amazon,1267a8,Smartphone,455.19,4,0.26,1347.36,Angola
2a65f453,2024-11-14,Shopify,19b368,Laptop,1607.95,3,0.01,4775.61,India
7d20d1d5,2025-01-13,eBay,f23646,Smartwatch,1615.92,3,0.04,4653.85,Nauru
8f255cda,2024-08-11,Amazon,45e06c,Smartwatch,859.76,2,0.15,1461.59,Suriname
a8ac59fc,2025-02-01,Shopify,bb6856,Tablet,602.92,4,0.14,2074.04,Jamaica
710064bd,2024-10-10,eBay,ea8bc1,Laptop,603.56,4,0.21,1907.25,Saint Lucia
4d875943,2024-08-22,Shopify,470426,Monitor,990.47,2,0.03,1921.51,Guatemala
640ef815,2024-05-13,Amazon,941c10,Smartwatch,1453.18,1,0.19,1177.08,Niger
d097750e,2024-09-21,Amazon,f1e972,Laptop,749.79,4,0.18,2459.31,Pitcairn Islands
65c0ee4a,2024-09-08,Amazon,a367d6,Laptop,1239.58,3,0.07,3458.43,Kazakhstan
ac401634,2024-03-13,Shopify,55444c,Camera,795.84,2,0.16,1337.01,Slovenia
e1af784d,2025-01-28,Shopify,6f9886,Tablet,643.82,3,0.07,1796.26,Cambodia
b23a1e03,2024-08-22,Amazon,692e49,Laptop,98.48,1,0.04,94.54,Vanuatu
9053e94c,2024-11-05,Shopify,a64189,Smartphone,57.63,2,0.17,95.67,Zambia
51ac5f49,2024-04-27,Amazon,ed6b9a,Smartphone,493.05,3,0.29,1050.2,Madagascar
f851564c,2024-05-20,Amazon,711aee,Headphones,842.49,3,0.07,2350.55,Lithuania
22a34408,2024-10-15,eBay,82ac71,Tablet,1709.96,1,0.11,1521.86,Marshall Islands
f5ef177f,2025-01-20,Shopify,bd5fd4,Camera,1607.04,2,0.08,2956.95,Latvia
ea413a06,2024-11-19,Amazon,5e4594,Monitor,570.97,4,0.08,2101.17,United States of America
dbf27cce,2024-06-07,Amazon,df7b51,Headphones,526.85,4,0.12,1854.51,Czech Republic
62351ad2,2024-03-21,Shopify,ca2fc6,Smartphone,493.28,3,0.21,1169.07,Tunisia
25cce1f4,2024-06-02,eBay,d8fdc6,Camera,711.51,1,0.01,704.39,Svalbard & Jan Mayen Islands
e43c4652,2024-06-05,eBay,5ec2e8,Headphones,1021.49,3,0.29,2175.77,Niger
093c3460,2024-09-11,Amazon,329f4a,Tablet,905.4,1,0.01,896.35,Cape Verde
e4d32e7b,2025-01-25,Shopify,7fc583,Camera,475.63,4,0.26,1407.86,Micronesia
fbf0aa0e,2024-02-07,eBay,60d397,Tablet,304.38,3,0.27,666.59,Thailand
cf830823,2025-01-14,Shopify,a9e29a,Laptop,74.53,3,0.16,187.82,Northern Mariana Islands
6c52c2d0,2024-10-22,Shopify,cad733,Smartwatch,350.23,1,0.04,336.22,Estonia
80cf7df9,2025-02-03,Amazon,8b4920,Laptop,1425.44,2,0.17,2366.23,Guinea
7940e0a9,2025-01-15,eBay,278499,Tablet,525.1,1,0.19,425.33,New Caledonia
c0e89fee,2024-05-04,Amazon,639b5a,Camera,963.77,2,0.26,1426.38,Hong Kong
91450677,2024-05-17,eBay,dd45f7,Smartphone,1203.04,4,0.17,3994.09,Denmark
22044b19,2024-10-07,eBay,872c00,Monitor,1779.34,3,0.12,4697.46,Burundi
2aa73655,2024-07-17,eBay,bae907,Smartphone,1783.27,3,0.25,4012.36,Micronesia
7f04ee4f,2024-12-25,eBay,07e1b9,Camera,1504.18,1,0.29,1067.97,Bolivia
b9166097,2024-10-24,eBay,671afe,Laptop,118.56,1,0.19,96.03,Tokelau
d8912c4c,2025-01-03,Shopify,1c9f40,Monitor,1171.39,4,0.26,3467.31,Jamaica
8ff5a1e4,2025-01-20,Amazon,98be50,Camera,1583.84,4,0.18,5195.0,Brazil
a2f69fcd,2024-05-06,Shopify,17d139,Tablet,83.71,2,0.21,132.26,Gibraltar
535b497c,2024-05-17,eBay,cd1576,Smartphone,1121.88,4,0.21,3545.14,Bhutan
0abf1d31,2025-01-17,Amazon,79b4dc,Tablet,1722.64,4,0.21,5443.54,Luxembourg
5ff0a1b6,2024-07-21,eBay,59797a,Monitor,974.5,4,0.1,3508.2,Monaco
7e0b2c00,2024-11-04,Amazon,d4b83c,Monitor,58.01,4,0.17,192.59,Tajikistan
b2597fdd,2024-03-08,Shopify,3dd682,Smartphone,71.48,2,0.18,117.23,India
4269ed4d,2024-07-12,Amazon,32e4ac,Tablet,862.44,4,0.09,3139.28,Malaysia
68392e76,2024-11-09,Amazon,121ccc,Headphones,352.27,2,0.1,634.09,Eritrea
194ba8ba,2024-09-06,Amazon,6915a9,Tablet,1345.68,1,0.23,1036.17,Sao Tome and Principe
3d818f41,2024-10-25,Amazon,7bf6c8,Monitor,1432.16,3,0.17,3566.08,Ireland
ea42fca5,2024-12-09,Amazon,12a702,Tablet,396.87,1,0.04,381.0,Jordan
87c54f8a,2025-01-21,eBay,115efa,Camera,1782.64,4,0.25,5347.92,Switzerland
ef0bdb87,2024-02-25,Amazon,284e76,Laptop,911.72,3,0.26,2024.02,Central African Republic
f2c880fc,2024-04-13,Amazon,bfe37b,Headphones,328.55,4,0.14,1130.21,United Arab Emirates
f7d43ddd,2024-04-07,Shopify,e36537,Smartwatch,1540.29,4,0.06,5791.49,Kazakhstan
72590089,2024-06-16,Amazon,e1f993,Camera,1590.45,1,0.28,1145.12,Jordan
22ea829c,2024-12-29,Shopify,dda49b,Laptop,1296.63,4,0.26,3838.02,Falkland Islands (Malvinas)
61988780,2024-08-24,eBay,b7b596,Smartwatch,1714.26,1,0.07,1594.26,Vietnam
b8bdc30d,2024-12-26,Amazon,94ff18,Smartphone,1487.88,4,0.03,5772.97,Bermuda
ad398e46,2024-12-04,Shopify,8265fc,Smartwatch,1770.3,2,0.13,3080.32,Saint Vincent and the Grenadines
2583de99,2024-11-04,Shopify,5807cd,Camera,896.08,3,0.2,2150.59,Liberia
b4c7975d,2024-07-25,eBay,83fa8a,Tablet,1507.81,1,0.05,1432.42,France
2608362b,2025-01-02,Amazon,383f19,Camera,1999.52,1,0.15,1699.59,Georgia
7847ea8f,2024-05-13,Amazon,856b9c,Smartwatch,1463.62,3,0.13,3820.05,South Georgia and the South Sandwich Islands
75acd38f,2024-10-23,Shopify,cf7523,Monitor,272.66,1,0.27,199.04,Madagascar
507944cf,2024-05-13,Amazon,c24b98,Laptop,1060.72,3,0.13,2768.48,Yemen
157d6865,2025-01-19,Shopify,30050c,Laptop,1195.33,2,0.16,2008.15,Syrian Arab Republic
c270b4d6,2024-08-29,Amazon,b634f1,Smartwatch,389.71,4,0.29,1106.78,Montserrat
4a2946a7,2024-03-31,Shopify,25ef05,Laptop,1927.64,2,0.09,3508.3,Nauru
45a2a725,2024-08-31,Amazon,b07e98,Monitor,392.38,4,0.09,1428.26,Ghana
4d2ba23e,2024-02-13,eBay,80d940,Camera,396.24,3,0.24,903.43,Cote d'Ivoire
3cadd7c5,2024-08-27,Amazon,59448b,Laptop,1834.58,2,0.08,3375.63,Argentina
5cc3f50b,2024-07-14,Amazon,2f047b,Smartwatch,957.15,4,0.25,2871.45,Thailand
d3bd212d,2025-01-19,eBay,9df353,Headphones,173.22,3,0.03,504.07,Samoa
c7dfed25,2025-01-08,Amazon,4c2be6,Headphones,1216.47,4,0.03,4719.9,Sierra Leone
74874a20,2024-03-21,eBay,22723d,Smartphone,1223.56,1,0.27,893.2,Eritrea
0b109d75,2025-01-31,Amazon,c9c787,Laptop,175.78,1,0.16,147.66,Central African Republic
c3d535d2,2024-02-08,Shopify,9abb9a,Camera,1946.42,3,0.22,4554.62,Antarctica (the territory South of 60 deg S)
b4223cb9,2024-03-16,Shopify,f8c4c7,Smartwatch,1110.86,4,0.07,4132.4,Netherlands
9656d3a0,2024-11-13,Amazon,902fcc,Laptop,1141.6,1,0.05,1084.52,Belize
40b91cea,2024-07-17,Amazon,43de1d,Tablet,1064.23,2,0.25,1596.34,Greece
6805f15a,2024-05-20,Amazon,9f80b0,Monitor,1240.93,4,0.11,4417.71,Gabon
b4204f99,2025-01-14,Shopify,98da8d,Laptop,565.38,4,0.14,1944.91,Kiribati
dc027090,2025-01-22,Amazon,8c25f8,Laptop,610.12,1,0.01,604.02,Thailand
0dda2407,2024-05-01,Shopify,0aff19,Headphones,1047.11,1,0.12,921.46,Portugal
28ebe139,2024-07-19,eBay,2be12c,Monitor,1623.04,3,0.23,3749.22,Taiwan
d6cca2f2,2025-01-15,Shopify,42678f,Smartwatch,147.24,4,0.25,441.72,Saint Pierre and Miquelon
997513e1,2024-03-26,Shopify,aa524d,Laptop,1226.64,2,0.21,1938.09,Iran
21576c7b,2024-06-12,eBay,eab432,Headphones,1623.22,1,0.21,1282.34,Armenia
820820a9,2024-11-13,Shopify,7aa6be,Smartphone,355.99,4,0.15,1210.37,Lebanon
1b3e70b4,2024-03-02,Amazon,7bb802,Monitor,79.29,1,0.16,66.6,Heard Island and McDonald Islands
89ce3c58,2025-01-26,Amazon,e7efc9,Headphones,659.79,3,0.22,1543.91,Iraq
323ab6e0,2024-05-09,Shopify,47ac86,Headphones,1196.88,4,0.07,4452.39,Kuwait
40b0a7c8,2024-09-15,Amazon,a9d425,Camera,319.65,4,0.07,1189.1,United States Virgin Islands
077b43de,2024-07-02,Shopify,c87972,Headphones,880.94,3,0.28,1902.83,Nauru
53b1dc02,2024-06-30,Amazon,ea56ff,Camera,1127.03,2,0.01,2231.52,Puerto Rico
281c3bf4,2024-05-19,Amazon,ef0f66,Laptop,1217.82,1,0.04,1169.11,Guam
5fa929ae,2024-10-05,Shopify,f57ed9,Laptop,585.1,3,0.17,1456.9,Estonia
5a2058a3,2024-06-20,Amazon,04d2ee,Smartphone,830.06,4,0.22,2589.79,El Salvador
0e3d4dc6,2024-08-09,Shopify,a0366e,Tablet,1567.76,3,0.16,3950.76,Benin
13678a24,2025-01-07,Amazon,0718a6,Tablet,1885.37,4,0.11,6711.92,Kenya
e2a8c74e,2024-08-13,Amazon,17dec2,Tablet,1730.67,3,0.29,3686.33,South Africa
93a0c6f7,2024-07-10,eBay,859b26,Camera,1150.35,2,0.21,1817.55,Dominican Republic
85066c17,2024-03-14,eBay,25a170,Monitor,850.07,4,0.25,2550.21,Ireland
cf13469d,2024-02-10,Shopify,d9a73c,Monitor,699.27,3,0.01,2076.83,Ukraine
05535246,2024-08-22,eBay,967a7e,Smartphone,293.67,2,0.07,546.23,Saint Lucia
878bb8da,2024-10-03,Shopify,fed437,Monitor,257.77,2,0.11,458.83,Cook Islands
059e8549,2024-10-01,eBay,93ea35,Tablet,1392.3,1,0.05,1322.68,United States Minor Outlying Islands
75712184,2024-10-05,Amazon,2bf4c3,Tablet,556.6,4,0.02,2181.87,Thailand
3abd391f,2024-05-28,Shopify,edda37,Headphones,546.59,1,0.07,508.33,Moldova
e9186528,2024-08-16,Shopify,49f27f,Monitor,1996.48,2,0.16,3354.09,Lebanon
8673488c,2024-09-08,Amazon,ea7618,Laptop,416.46,1,0.21,329.0,Slovenia
bf984e77,2024-10-11,Shopify,04f452,Laptop,338.72,1,0.23,260.81,Saint Helena
23c28cbd,2024-04-29,Shopify,1b93bf,Headphones,242.44,3,0.01,720.05,Turkmenistan
4405f657,2024-11-14,eBay,4412ff,Headphones,1180.62,1,0.13,1027.14,Portugal
de848740,2024-12-27,Shopify,e918cf,Headphones,1274.33,2,0.04,2446.71,Wallis and Futuna
5999d724,2024-11-03,Amazon,86b309,Laptop,762.19,1,0.13,663.11,Macao
e4d90b4a,2024-07-02,eBay,ea5137,Tablet,1094.06,4,0.13,3807.33,Mayotte
c5071bf1,2024-11-12,eBay,a858a9,Headphones,1587.38,3,0.15,4047.82,Paraguay
3c2da16f,2024-03-12,Amazon,08c541,Smartphone,1645.3,2,0.27,2402.14,Tajikistan
690d6e73,2024-04-29,Amazon,fd8a00,Camera,1917.93,1,0.24,1457.63,United Kingdom
2c5ed645,2024-02-12,eBay,a8e79b,Headphones,1657.32,4,0.19,5369.72,Turkey
e93e577f,2024-11-24,Shopify,e16da6,Camera,1151.44,2,0.27,1681.1,Trinidad and Tobago
c57fe3af,2024-11-11,eBay,ba9d98,Smartwatch,400.33,1,0.2,320.26,Syrian Arab Republic
2bd19f67,2025-01-06,Amazon,c2a18f,Headphones,244.54,3,0.25,550.22,Marshall Islands
a6dc3c47,2024-06-12,eBay,100695,Laptop,156.3,1,0.17,129.73,Bahamas
fee6b394,2024-03-16,Amazon,39c2f8,Monitor,1349.73,2,0.16,2267.55,Cocos (Keeling) Islands
7fb5f98a,2024-06-29,eBay,29e2a0,Headphones,1624.7,2,0.22,2534.53,United States Virgin Islands
e5c6db31,2025-01-04,Shopify,79428c,Monitor,1041.93,2,0.01,2063.02,Belarus
a3e23ecd,2024-08-24,eBay,ec0b54,Smartwatch,156.69,4,0.21,495.14,Papua New Guinea
627d58ee,2024-07-16,eBay,fe2484,Smartphone,1094.17,1,0.28,787.8,Palestinian Territory
7cea34b1,2024-05-16,Amazon,1169a3,Monitor,1874.71,1,0.21,1481.02,Turkmenistan
ffa8f91b,2024-08-18,Amazon,7774da,Camera,1215.35,1,0.01,1203.2,Iceland
788c80df,2025-01-25,Amazon,0a6151,Tablet,1628.38,3,0.11,4347.77,Niger
b38b8809,2024-04-15,eBay,f7a900,Headphones,1610.3,4,0.24,4895.31,Bolivia
ad9b9c0e,2024-03-22,Shopify,ba7586,Smartwatch,1867.65,4,0.29,5304.13,Belarus
9fa8e5b1,2024-09-17,Amazon,28fed3,Smartwatch,1551.95,3,0.11,4143.71,United States Minor Outlying Islands
29f9f3b7,2025-01-27,Amazon,9c4bbc,Monitor,1508.02,4,0.25,4524.06,Mexico
12fa05d5,2024-05-04,eBay,967bf5,Smartphone,506.5,3,0.26,1124.43,Djibouti
733ed7dc,2024-09-23,Amazon,1bdccc,Laptop,166.85,2,0.04,320.35,Eritrea
fdba3610,2024-03-22,Shopify,506480,Headphones,1059.32,2,0.25,1588.98,Andorra
33bed493,2024-04-15,Shopify,08a5f4,Smartwatch,292.65,4,0.1,1053.54,British Virgin Islands
605590db,2024-09-16,Amazon,ed8872,Smartphone,1926.28,2,0.18,3159.1,Russian Federation
c9e115ed,2024-09-09,Amazon,382744,Tablet,615.35,2,0.16,1033.79,Zimbabwe
e83c76dc,2025-01-02,eBay,971170,Smartwatch,1713.24,2,0.2,2741.18,Bolivia
abe62708,2024-04-22,Shopify,7b1fb9,Smartphone,805.87,1,0.22,628.58,Ethiopia
c789ab2d,2024-08-18,Shopify,6f619c,Laptop,680.23,2,0.13,1183.6,Bouvet Island (Bouvetoya)
6aef11c8,2024-05-25,Amazon,d786da,Laptop,1873.56,1,0.27,1367.7,Turkey
89d0639f,2024-02-07,eBay,066e59,Smartwatch,758.48,3,0.24,1729.33,Georgia
df6530e6,2024-09-30,Shopify,d3951b,Camera,811.06,3,0.24,1849.22,Paraguay
b0a14bfa,2024-08-02,Shopify,a4ac2b,Smartwatch,256.88,3,0.14,662.75,China
5cb2f37a,2024-12-18,eBay,41cc68,Monitor,1357.37,3,0.01,4031.39,El Salvador
20ac4441,2025-01-26,eBay,0ed62b,Headphones,613.24,3,0.15,1563.76,Thailand
d592d0d3,2024-05-25,Shopify,40b577,Smartphone,1191.93,2,0.27,1740.22,Serbia
e4d47cc8,2024-11-10,Shopify,9515e1,Smartwatch,1203.14,2,0.06,2261.9,Malaysia
464e1480,2024-09-02,eBay,ce42df,Headphones,1452.44,2,0.29,2062.46,Aruba
4a7fb169,2024-04-30,Shopify,597fb5,Monitor,1503.22,3,0.24,3427.34,French Polynesia
e2d85316,2025-01-21,Amazon,801fd7,Headphones,1053.18,3,0.21,2496.04,Ecuador
d9643a68,2024-09-29,Amazon,bf993b,Smartwatch,695.43,1,0.2,556.34,Barbados
18af7b53,2024-11-04,eBay,b063ba,Laptop,1683.03,4,0.18,5520.34,Cocos (Keeling) Islands
2476876b,2024-07-09,eBay,24ccb2,Smartphone,654.24,2,0.22,1020.61,Australia
0100738e,2024-09-02,eBay,5f5600,Smartphone,1039.64,4,0.13,3617.95,Estonia
96aa1c44,2024-12-19,Amazon,83295a,Laptop,832.44,3,0.25,1872.99,Kenya
f132124e,2024-05-11,Shopify,38fa42,Camera,1717.4,3,0.21,4070.24,Guatemala
63a69375,2025-01-09,Amazon,05df9b,Smartwatch,892.24,3,0.23,2061.07,United States Virgin Islands
e248f8f3,2024-08-18,Shopify,a3bcd0,Smartphone,802.89,4,0.24,2440.79,Senegal
6f200774,2024-10-26,Amazon,0124b2,Smartwatch,1395.16,1,0.03,1353.31,Turkey
1423a97f,2024-03-31,Shopify,ae38ad,Monitor,1224.76,3,0.02,3600.79,Estonia
e1b5dca6,2024-06-03,Amazon,f93f71,Smartwatch,259.13,1,0.24,196.94,Egypt
5f753fee,2024-10-12,eBay,d11a79,Headphones,1040.93,1,0.08,957.66,Namibia
644dbc79,2024-12-14,Amazon,ab5b6b,Laptop,1484.18,2,0.17,2463.74,Israel
f709b934,2024-12-26,Shopify,d76e51,Camera,1984.55,4,0.13,6906.23,Western Sahara
1eb6b11e,2024-06-07,Amazon,c28793,Smartwatch,1276.84,3,0.01,3792.21,Suriname
12e80b73,2024-11-04,Amazon,b20f74,Camera,772.07,1,0.01,764.35,Liberia
c017e819,2024-08-18,Amazon,78b4b5,Camera,491.0,4,0.25,1473.0,Cook Islands
ff2c7beb,2024-07-02,eBay,982ee2,Monitor,1752.02,4,0.18,5746.63,Ukraine
05791e14,2024-11-09,Amazon,653919,Tablet,1638.4,3,0.16,4128.77,Nauru
a42314ad,2024-03-15,eBay,54ee3d,Laptop,506.15,2,0.28,728.86,Reunion
449bf4ad,2024-02-16,eBay,ce909f,Camera,441.23,2,0.05,838.34,Mexico
71e440a5,2024-07-07,Amazon,52c56c,Smartphone,1444.52,1,0.08,1328.96,Andorra
5ba07acd,2024-12-17,Amazon,d67feb,Headphones,664.16,2,0.23,1022.81,Sierra Leone
b2c24afe,2024-07-22,Amazon,ca7f8a,Smartphone,647.48,2,0.23,997.12,Norway
8bc5de55,2024-07-01,Shopify,5ad675,Monitor,346.97,2,0.12,610.67,Svalbard & Jan Mayen Islands
c91fc7cb,2024-05-31,Amazon,ceb5d6,Monitor,564.75,4,0.29,1603.89,Central African Republic
ec5b05cd,2024-08-30,eBay,11e2de,Smartphone,883.64,3,0.28,1908.66,Turks and Caicos Islands
efd2e069,2025-01-07,Amazon,08a7a2,Laptop,1479.03,4,0.0,5916.12,Bosnia and Herzegovina
9d9aa307,2024-04-01,Shopify,228fa9,Smartphone,705.8,4,0.05,2682.04,Puerto Rico
6329d6ca,2024-12-21,Amazon,67956a,Smartwatch,690.78,3,0.25,1554.26,Togo
8b0ea25b,2024-11-21,Shopify,df0c2e,Smartphone,605.58,4,0.1,2180.09,Portugal
3a528885,2025-01-17,Shopify,bbea7e,Headphones,982.65,1,0.03,953.17,Romania
35853c8d,2024-10-12,Amazon,08d9fc,Headphones,402.24,1,0.24,305.7,United States Minor Outlying Islands
64782142,2024-11-13,eBay,f43b11,Tablet,996.98,4,0.14,3429.61,Hong Kong
1ce11597,2024-02-07,Shopify,20cac5,Headphones,1423.14,2,0.15,2419.34,Guinea-Bissau
2a8d2556,2024-12-07,Amazon,661308,Smartphone,108.09,4,0.06,406.42,Namibia
6068c187,2024-10-26,Amazon,90b0c6,Headphones,69.07,2,0.2,110.51,Finland
0704c4da,2024-02-28,eBay,70ac5a,Laptop,196.49,4,0.17,652.35,Bangladesh
d9aa39ea,2024-05-28,Shopify,abdb26,Camera,1094.54,1,0.06,1028.87,France
881bcaf4,2024-04-17,Shopify,e40bb8,Headphones,1716.19,2,0.1,3089.14,Sudan
a4d06b08,2024-07-09,Amazon,424e88,Smartwatch,59.52,1,0.18,48.81,Malaysia
1d2b7407,2024-10-21,Amazon,dc5b6d,Laptop,1876.49,4,0.28,5404.29,Botswana
4cfb46e3,2024-07-06,eBay,3bcdb0,Tablet,257.24,3,0.28,555.64,Rwanda
13fb04d5,2024-06-26,eBay,48e401,Smartwatch,1691.87,2,0.09,3079.2,Martinique
b000c06e,2024-07-18,Shopify,8ea74d,Smartphone,991.57,2,0.22,1546.85,Eritrea
8bca17a2,2024-08-30,Shopify,b62f65,Camera,1335.75,4,0.23,4114.11,Papua New Guinea
9cb2fb5d,2024-11-01,Amazon,b398ab,Smartphone,1045.83,4,0.24,3179.32,Western Sahara
1201d7a4,2024-08-19,Shopify,acf50d,Camera,980.24,2,0.17,1627.2,Bulgaria
70d62dba,2024-10-23,eBay,b7b611,Camera,1678.05,3,0.0,5034.15,Kuwait
91e3e0b0,2024-08-16,eBay,8a05c1,Smartphone,1523.98,4,0.23,4693.86,Guinea
baa8a4fb,2024-07-14,Amazon,9426a3,Smartwatch,992.63,4,0.03,3851.4,Bulgaria
61692251,2025-01-28,eBay,dd4772,Smartwatch,267.69,4,0.04,1027.93,Turkmenistan
b3f7f8b9,2024-11-17,eBay,b11901,Camera,275.04,3,0.18,676.6,Sao Tome and Principe
96b30d11,2024-04-05,eBay,e6ca1a,Smartwatch,1613.0,2,0.3,2258.2,Cyprus
f31e453e,2024-07-06,eBay,e97a6e,Camera,1082.31,1,0.07,1006.55,Spain
2cd4e2b9,2024-06-28,Amazon,22e56e,Camera,989.1,4,0.19,3204.68,Iran
cf111620,2024-11-01,Amazon,4fc744,Laptop,1377.11,3,0.09,3759.51,Saint Martin
0623de84,2024-09-18,Shopify,278bbe,Monitor,1724.74,2,0.27,2518.12,Congo
8510215c,2024-02-25,eBay,88ced0,Laptop,1276.3,2,0.18,2093.13,Cuba
93188f05,2024-02-28,Shopify,66043c,Smartphone,1537.55,3,0.06,4335.89,Ethiopia
9ac6400d,2025-01-26,Amazon,ef77bc,Monitor,1542.28,4,0.08,5675.59,Vanuatu
9c563bf1,2024-12-08,Amazon,f38c04,Headphones,744.71,1,0.13,647.9,Micronesia
d715b7e9,2024-07-05,Amazon,7045de,Smartphone,584.46,4,0.04,2244.33,Algeria
88e981c3,2024-10-30,Amazon,2eccf8,Tablet,1612.27,2,0.02,3160.05,Cyprus
edc475a1,2024-04-04,Amazon,d9181e,Laptop,785.5,1,0.2,628.4,Croatia
170f86e4,2024-08-28,Amazon,55aad9,Smartwatch,1811.51,4,0.12,6376.52,Guyana
a24b68b1,2024-11-28,Amazon,9957c7,Laptop,185.9,1,0.22,145.0,Belarus
31bc9d05,2024-02-28,eBay,b7798d,Smartwatch,163.52,3,0.03,475.84,Syrian Arab Republic
0c9812a4,2024-04-18,Shopify,b0aa25,Monitor,1857.66,4,0.18,6093.12,Palau
f2335b11,2024-12-22,Amazon,e751c6,Tablet,1314.49,2,0.13,2287.21,Romania
e2bad062,2024-08-27,eBay,5b7d55,Monitor,790.22,2,0.02,1548.83,Chad
2d8dbdce,2025-01-17,eBay,91ce20,Tablet,1522.37,1,0.16,1278.79,Wallis and Futuna
21f4d0cc,2024-06-14,Shopify,0e9d71,Laptop,1361.04,3,0.02,4001.46,Israel
dbafc7ab,2024-11-02,Amazon,aebd00,Smartwatch,1085.84,4,0.25,3257.52,Estonia
37215e08,2024-10-28,Shopify,76aa71,Monitor,242.8,3,0.19,590.0,Pakistan
f1739aea,2024-07-04,Amazon,26464e,Tablet,1633.75,3,0.17,4068.04,Guinea-Bissau
90366a33,2025-01-25,eBay,11f526,Camera,1738.75,1,0.04,1669.2,Ethiopia
dede3531,2024-04-12,eBay,329797,Smartphone,385.73,1,0.09,351.01,Anguilla
44abf55f,2024-09-15,eBay,2f8e1b,Smartphone,1708.5,4,0.15,5808.9,Kiribati
d0e6c7b9,2024-04-15,eBay,1f1f92,Monitor,1761.8,2,0.19,2854.12,United Arab Emirates
540ce70a,2024-05-08,Shopify,8b6a65,Smartwatch,1121.39,4,0.05,4261.28,Qatar
131d4f8c,2025-02-03,Amazon,2bcea9,Camera,1329.55,3,0.0,3988.65,Tonga
9d9a003d,2024-05-25,Amazon,060f2b,Monitor,795.36,1,0.1,715.82,Thailand
03044d06,2025-01-05,Shopify,0a7cfc,Laptop,599.49,3,0.14,1546.68,British Virgin Islands
d7471eed,2024-06-27,Amazon,39c6fc,Tablet,1457.87,1,0.06,1370.4,Jordan
e15e22c3,2024-09-08,eBay,7795d0,Laptop,1730.66,2,0.15,2942.12,Greenland
c7c0e32a,2025-02-03,Amazon,f49364,Smartphone,1325.45,3,0.1,3578.72,Djibouti
9beca070,2024-09-24,eBay,7db793,Tablet,1047.6,1,0.14,900.94,Swaziland
191f0566,2024-03-12,Shopify,d42c5e,Monitor,359.9,4,0.1,1295.64,Madagascar
d3a99dfb,2024-12-26,Amazon,de98dd,Laptop,154.24,4,0.19,499.74,Ireland
670a8095,2024-05-11,Shopify,dc9335,Headphones,919.1,4,0.01,3639.64,Belarus
4dba13ee,2024-03-07,Amazon,b566ad,Smartwatch,146.23,3,0.05,416.76,Algeria
1be6f482,2025-01-30,eBay,dd2653,Camera,1160.2,1,0.13,1009.37,Botswana
a0cf28ec,2024-02-06,Shopify,56ad7c,Camera,796.32,1,0.11,708.72,Niue
a2b8c0f4,2025-01-28,Amazon,db47f5,Smartwatch,1526.52,1,0.12,1343.34,India
83fb14fb,2024-04-15,eBay,e6ffc1,Headphones,646.01,3,0.24,1472.9,Azerbaijan
a4b9f529,2024-08-30,Shopify,c8a379,Smartphone,1206.32,1,0.27,880.61,Svalbard & Jan Mayen Islands
a8ece7f6,2024-04-27,Shopify,42bedf,Tablet,1098.48,2,0.07,2043.17,Bahamas
7d810871,2025-01-14,Amazon,07916d,Smartwatch,59.19,3,0.25,133.18,Kazakhstan
dd6b72d8,2024-05-01,Amazon,128e55,Headphones,191.16,2,0.14,328.8,San Marino
d7084445,2024-07-23,Amazon,c75777,Monitor,616.22,2,0.08,1133.84,Qatar
6a1048d7,2024-11-21,eBay,3e5eb0,Camera,1770.36,4,0.3,4957.01,Germany
b228b990,2024-08-07,Amazon,14ee30,Headphones,336.68,3,0.25,757.53,Guinea-Bissau
caa1ff72,2024-04-06,Shopify,2b47a4,Smartphone,1436.24,1,0.3,1005.37,Lithuania
53d70ce8,2024-10-20,Shopify,506dc2,Smartphone,1948.06,2,0.05,3701.31,Timor-Leste
79ef4b67,2024-12-13,Amazon,df22f5,Laptop,1591.61,3,0.04,4583.84,Iraq
c1e2fd6b,2024-05-08,Amazon,331161,Smartwatch,523.74,1,0.15,445.18,Benin
64b8e7d6,2024-06-18,Shopify,e724b8,Laptop,1821.31,4,0.19,5901.04,Tuvalu
5d7f4c74,2024-02-18,eBay,2242ae,Camera,231.56,3,0.05,659.95,Honduras
9831a48b,2024-02-12,Amazon,1044e5,Headphones,962.88,3,0.26,2137.59,Russian Federation
6df11709,2025-01-17,Amazon,bec033,Tablet,1780.71,3,0.16,4487.39,Aruba
9daeedd5,2024-09-08,Shopify,5cdad2,Tablet,1300.47,1,0.12,1144.41,Namibia
b76c730d,2024-07-15,Amazon,af0473,Smartphone,856.61,2,0.18,1404.84,Seychelles
a1f03b97,2024-08-17,eBay,2d8b02,Tablet,620.99,2,0.19,1006.0,Mauritania
0762200e,2024-08-30,Shopify,1cbb80,Tablet,781.44,3,0.01,2320.88,Dominica
e9d458c5,2024-03-31,Amazon,5f7961,Camera,1042.44,3,0.3,2189.12,Uganda
dc3361e4,2025-01-14,Shopify,cad9dc,Tablet,672.14,1,0.11,598.2,Jordan
b0358ddd,2025-01-30,Amazon,33fe6a,Headphones,1939.49,4,0.02,7602.8,French Southern Territories
91fe9da9,2024-07-23,Amazon,d2cd2f,Tablet,1869.5,3,0.26,4150.29,Jamaica
3bd5644b,2024-07-05,Amazon,65d076,Monitor,1747.81,3,0.3,3670.4,Greece
fabdd444,2025-01-09,eBay,e5bd1d,Tablet,872.57,4,0.24,2652.61,Russian Federation
05310658,2024-10-29,eBay,6c5e2f,Tablet,1398.04,3,0.26,3103.65,American Samoa
6451c2c1,2024-11-26,Shopify,ca1ae8,Laptop,1810.52,2,0.19,2933.04,Argentina
060737ef,2024-03-17,Amazon,b58efa,Headphones,1708.34,3,0.28,3690.01,Bermuda
20d2e7ed,2025-01-24,Amazon,171e05,Smartphone,857.94,2,0.01,1698.72,Honduras
8be7b7e7,2024-02-12,eBay,583ac7,Laptop,269.15,1,0.23,207.25,Malaysia
90b9ed09,2024-10-05,Amazon,500785,Smartwatch,197.48,1,0.2,157.98,Malawi
9e641dbe,2024-02-29,eBay,4d60bc,Headphones,1175.27,2,0.01,2327.03,Holy See (Vatican City State)
22a82fa5,2024-07-21,Amazon,76d6e8,Monitor,1303.12,2,0.16,2189.24,Madagascar
ff0acfcb,2024-07-08,Shopify,70b0bb,Headphones,1707.19,4,0.15,5804.45,Puerto Rico
61f971cd,2024-09-27,Amazon,cb13bd,Smartwatch,620.4,2,0.21,980.23,Guinea
45c377ba,2024-03-27,Amazon,5b807e,Smartwatch,376.57,2,0.02,738.08,New Zealand
a700ea56,2024-10-27,eBay,6480ba,Smartwatch,789.06,3,0.24,1799.06,Comoros
d0c8e41e,2024-05-27,Amazon,8db81e,Camera,739.47,4,0.04,2839.56,Slovenia
2b68b32d,2024-09-04,Amazon,0735c5,Smartphone,308.31,2,0.13,536.46,Kenya
505073f2,2024-05-08,eBay,0fdd06,Tablet,1360.95,2,0.26,2014.21,Botswana
1198e606,2024-10-15,Shopify,6bcb25,Headphones,1041.95,2,0.17,1729.64,Fiji
06eff721,2024-10-31,Shopify,ea38e8,Camera,1456.19,3,0.11,3888.03,Congo
25fe3f17,2024-02-17,eBay,001b78,Tablet,737.75,3,0.01,2191.12,Solomon Islands
e399bef6,2024-11-25,eBay,300607,Tablet,685.12,3,0.2,1644.29,Finland
875d490f,2024-05-19,eBay,bbda98,Monitor,971.52,1,0.3,680.06,Palestinian Territory
9dbf4500,2024-04-18,eBay,070043,Smartwatch,1760.94,3,0.27,3856.46,Barbados
573475d5,2025-01-30,eBay,edb5ec,Smartphone,128.55,2,0.22,200.54,Finland
218f9911,2025-01-28,Shopify,4f65d6,Monitor,1619.42,3,0.03,4712.51,Ukraine
1fc098fe,2024-05-18,Shopify,4b240a,Laptop,769.53,3,0.07,2146.99,Pitcairn Islands
01c2093e,2024-07-29,eBay,35ca14,Camera,1716.51,4,0.06,6454.08,Western Sahara
56d7540d,2024-12-10,Amazon,fe8329,Camera,1614.3,2,0.11,2873.45,Denmark
e7e547fc,2025-01-15,eBay,b45acd,Smartphone,730.08,3,0.07,2036.92,Portugal
fad2f785,2024-09-05,Amazon,30228f,Tablet,1403.06,1,0.07,1304.85,Saint Lucia
84a97295,2025-01-21,eBay,04c816,Camera,361.28,4,0.19,1170.55,Puerto Rico
95f032d8,2024-04-03,eBay,d1e0c2,Smartphone,1797.75,3,0.1,4853.92,Myanmar
b32e0e35,2024-09-16,Shopify,dc5768,Camera,838.76,4,0.2,2684.03,Syrian Arab Republic
bb7ec70b,2024-04-04,Amazon,1ef241,Camera,938.47,4,0.28,2702.79,Chad
ce931cff,2024-02-25,Amazon,ec8d22,Smartwatch,1426.23,1,0.19,1155.25,Sudan
3cdb0e64,2024-04-15,Shopify,c17b66,Laptop,1650.64,1,0.23,1270.99,Syrian Arab Republic
8a705107,2024-12-23,Shopify,3367fd,Smartwatch,510.87,1,0.23,393.37,Trinidad and Tobago
729078a0,2024-10-31,Shopify,60eb3f,Laptop,1339.63,2,0.1,2411.33,Mexico
282a140b,2024-11-29,Shopify,8d7cbb,Camera,814.4,4,0.0,3257.6,Dominica
96e3c137,2024-02-27,Amazon,7f7d68,Monitor,768.97,3,0.02,2260.77,Nepal
0340e8dc,2024-03-22,Amazon,482de8,Tablet,1395.55,1,0.08,1283.91,Algeria
cd0813e1,2024-09-26,eBay,534180,Camera,805.01,1,0.21,635.96,Italy
228af759,2024-09-02,eBay,0cb3df,Laptop,724.91,4,0.27,2116.74,French Polynesia
202e1878,2024-06-12,Shopify,d75bf8,Laptop,1679.98,4,0.29,4771.14,China
fe9b9d35,2024-10-20,Shopify,a28ba7,Laptop,247.49,4,0.01,980.06,Namibia
3f0dd7ed,2024-10-11,Shopify,3625f9,Camera,1367.99,3,0.3,2872.78,Aruba
49c21497,2024-10-07,eBay,5d5da7,Smartphone,535.01,2,0.1,963.02,New Caledonia
344066aa,2024-04-17,eBay,dd4dd3,Monitor,80.22,2,0.25,120.33,Sweden
13cb233d,2024-07-08,eBay,6610d3,Smartphone,375.19,1,0.05,356.43,Bolivia
2abbaf38,2025-01-17,eBay,40f463,Tablet,1232.99,2,0.02,2416.66,Brunei Darussalam
3f18c8ce,2024-03-13,eBay,b254e0,Camera,1432.8,3,0.11,3825.58,Tunisia
01953a01,2024-06-11,eBay,8d9ca4,Laptop,91.06,2,0.26,134.77,Bhutan
27bf4aae,2024-03-12,eBay,bdd4a3,Monitor,121.03,3,0.07,337.67,Solomon Islands
2083a90a,2025-01-20,Shopify,361c74,Monitor,1809.96,1,0.05,1719.46,Liberia
1670dbd9,2024-06-13,Shopify,ea65bc,Headphones,192.95,4,0.27,563.41,Cote d'Ivoire
9fa23921,2024-12-02,Shopify,bf8f79,Tablet,1793.66,3,0.28,3874.31,Venezuela
41a94cdd,2024-03-16,Shopify,4526c8,Monitor,494.92,4,0.0,1979.68,Sudan
d674a6c7,2024-06-30,eBay,fccdae,Camera,1493.03,1,0.22,1164.56,Australia
9cf0cd77,2024-02-09,Amazon,ad61cd,Laptop,653.98,3,0.09,1785.37,Mauritania
d595229e,2024-07-27,eBay,0f558e,Laptop,1724.57,3,0.11,4604.6,Sao Tome and Principe
3352b06d,2024-04-18,Amazon,2737ed,Monitor,1415.89,2,0.14,2435.33,Mongolia
ec79fd53,2024-11-07,Shopify,0235d2,Smartphone,833.54,3,0.13,2175.54,French Southern Territories
e835abe7,2024-10-30,eBay,de1649,Tablet,198.79,1,0.15,168.97,Puerto Rico
c74306ec,2024-11-01,Shopify,d3d91d,Laptop,1478.77,4,0.17,4909.52,Germany
2f92a9e9,2024-09-19,eBay,ea3ed5,Monitor,1252.93,3,0.14,3232.56,Guinea
febc810e,2024-12-21,Shopify,2d374b,Laptop,55.68,1,0.21,43.99,Burundi
7aa6850e,2025-01-18,Amazon,37da89,Monitor,68.37,1,0.22,53.33,Grenada
960e7342,2024-06-09,Amazon,df2de4,Tablet,1627.15,3,0.13,4246.86,Korea
6b495925,2024-11-27,Amazon,4700b4,Monitor,555.83,2,0.04,1067.19,Mongolia
6734b3af,2024-09-13,eBay,032173,Headphones,1290.46,3,0.19,3135.82,Spain
45b9be9a,2024-06-15,Amazon,b4ea1c,Monitor,935.72,3,0.23,2161.51,Iran
6731eda2,2024-06-16,eBay,c151be,Monitor,1733.69,2,0.19,2808.58,Bermuda
79fb2427,2024-07-27,Amazon,6d7b8b,Camera,1838.07,1,0.18,1507.22,Anguilla
7a422b3f,2024-06-14,Amazon,86027e,Tablet,1993.78,3,0.07,5562.65,Singapore
8de6d00d,2024-05-18,eBay,dc5dae,Camera,349.68,2,0.19,566.48,Liechtenstein
5ce11399,2025-01-17,eBay,725027,Monitor,1732.78,4,0.1,6238.01,Panama
f1808c43,2024-03-10,Amazon,9d74a2,Tablet,568.74,4,0.28,1637.97,Suriname
052c3f16,2024-07-24,eBay,5a8062,Headphones,1202.09,2,0.2,1923.34,South Africa
3e0b676b,2024-05-25,Amazon,88cdc1,Tablet,1036.26,1,0.08,953.36,Korea
c7e01bfd,2025-01-06,eBay,3e882f,Laptop,85.08,2,0.14,146.34,Iceland
693eca5e,2024-03-20,Shopify,4f7f5a,Camera,1868.9,1,0.25,1401.68,United Arab Emirates
cdd27d91,2024-09-29,Shopify,e7789f,Tablet,202.74,4,0.1,729.86,Cyprus
64f48dd3,2024-09-15,Shopify,a35818,Headphones,1392.03,3,0.16,3507.92,Kazakhstan
0b879d4b,2024-12-16,Shopify,902fcb,Smartwatch,1580.76,2,0.2,2529.22,Greece
c74d0967,2024-09-12,Shopify,f4bc1b,Monitor,1600.81,4,0.23,4930.49,Guinea-Bissau
a3699616,2024-03-08,Amazon,e2ef40,Tablet,314.21,3,0.05,895.5,Ghana
d13bdef0,2024-02-20,Shopify,a2331d,Monitor,922.76,4,0.17,3063.56,Cyprus
908debbc,2024-12-19,Shopify,aab5c2,Smartphone,1667.39,2,0.27,2434.39,Germany
0b641206,2024-06-02,Shopify,4c083f,Laptop,640.22,2,0.29,909.11,Spain
9f4f2cfb,2024-05-02,Shopify,a51799,Camera,962.11,3,0.2,2309.06,Portugal
89196ea5,2024-08-13,eBay,8e93ce,Laptop,581.95,2,0.3,814.73,Romania
46f13a36,2024-07-10,Amazon,5d85d3,Smartphone,953.93,4,0.17,3167.05,Monaco
20105f90,2025-01-03,Shopify,e8aaaa,Smartphone,1781.28,3,0.13,4649.14,Turkmenistan
158be533,2024-05-08,Shopify,44be6e,Camera,937.49,3,0.17,2334.35,Sri Lanka
aec2dcda,2024-12-07,Shopify,352efb,Tablet,1134.03,4,0.03,4400.04,Anguilla
adb99ec7,2024-03-12,Amazon,89d220,Smartphone,837.75,1,0.12,737.22,United States of America
c62b7434,2024-02-04,eBay,aed06e,Smartwatch,947.23,3,0.14,2443.85,South Africa
19414997,2024-03-08,Amazon,32e751,Monitor,79.59,1,0.25,59.69,Svalbard & Jan Mayen Islands
ae5565e0,2024-09-06,eBay,47561b,Monitor,603.3,4,0.23,1858.16,Angola
06bdc8e0,2024-06-30,Shopify,c1243d,Headphones,901.33,4,0.18,2956.36,Equatorial Guinea
4f5ba1da,2024-09-11,Shopify,d35e92,Smartphone,1285.9,3,0.1,3471.93,Thailand
2b91bcac,2024-03-01,Amazon,34da74,Smartphone,927.6,2,0.06,1743.89,Norway
af36e35d,2024-09-19,Amazon,30d4e1,Smartwatch,708.74,3,0.1,1913.6,Nepal
6bc38732,2024-02-28,eBay,7167f4,Laptop,806.79,2,0.2,1290.86,Kiribati
e59a2b43,2024-04-26,eBay,287ce5,Laptop,522.47,1,0.08,480.67,Uruguay
4c4af8f8,2024-11-10,Amazon,5ac67c,Monitor,1852.76,2,0.13,3223.8,Sudan
06819f61,2024-05-01,eBay,e33df2,Monitor,1067.4,3,0.12,2817.94,Angola
f88cb1ac,2024-08-20,Amazon,8dfd9b,Tablet,76.15,2,0.23,117.27,Iraq
e13bf726,2024-02-10,eBay,f8a031,Camera,87.92,4,0.27,256.73,Albania
9ddb0757,2024-10-13,Amazon,8c1d4e,Smartwatch,1947.28,1,0.21,1538.35,Colombia
ead370d2,2024-08-13,Amazon,b5c907,Camera,481.83,4,0.1,1734.59,Palau
f579b9b0,2024-04-28,Amazon,afaaab,Camera,1620.94,4,0.13,5640.87,Spain
89f76a3d,2024-07-01,eBay,1522ff,Headphones,163.64,4,0.04,628.38,Antarctica (the territory South of 60 deg S)
988e514a,2024-08-19,eBay,f1ecf8,Camera,1846.27,4,0.05,7015.83,Burundi
bac986fb,2024-06-18,eBay,03530d,Headphones,1755.11,2,0.05,3334.71,American Samoa
bc7c359c,2024-06-25,Amazon,3b2538,Camera,1163.63,4,0.04,4468.34,Austria
8711bdd7,2024-03-03,eBay,8a2fdb,Smartwatch,67.55,2,0.05,128.34,Dominica
638bd053,2024-04-23,eBay,791505,Headphones,552.73,4,0.06,2078.26,Svalbard & Jan Mayen Islands
78854e8c,2024-07-14,Amazon,c2bb12,Laptop,843.3,3,0.03,2454.0,Costa Rica
bdcf2c1f,2024-05-03,Shopify,b61be4,Headphones,947.13,4,0.19,3068.7,Lesotho
8c21dd37,2024-11-27,Amazon,cdb752,Headphones,630.47,3,0.3,1323.99,Bouvet Island (Bouvetoya)
74d7e933,2024-03-19,eBay,2de4e4,Smartwatch,114.25,2,0.26,169.09,Mexico
b85b9234,2024-04-08,Amazon,687a87,Smartwatch,1200.75,1,0.01,1188.74,Cambodia
adc05f30,2024-09-01,Shopify,1a18a4,Headphones,1072.1,2,0.13,1865.45,Cote d'Ivoire
ec73f66d,2024-05-04,Amazon,fabde6,Smartphone,601.85,1,0.26,445.37,Ecuador
4d8c47a4,2025-01-25,eBay,29d4ed,Smartwatch,124.05,1,0.04,119.09,American Samoa
e1a54fe4,2024-03-03,Shopify,d91d05,Tablet,1989.46,4,0.25,5968.38,Norfolk Island
ffdc3b1b,2024-12-21,eBay,c8c9ac,Tablet,989.87,1,0.18,811.69,Togo
d690d1c7,2024-12-11,Shopify,09c26c,Laptop,1524.21,2,0.28,2194.86,Myanmar
0dc083c4,2024-05-17,Shopify,8de55d,Camera,932.01,4,0.26,2758.75,Norfolk Island
917760fd,2024-10-19,Amazon,b87113,Headphones,134.18,1,0.2,107.34,Indonesia
e303e222,2024-06-17,Amazon,26cb6e,Smartphone,653.72,2,0.2,1045.95,Bolivia
bc00ecbb,2024-11-01,eBay,743975,Laptop,674.21,1,0.06,633.76,Bahrain
37ff513f,2024-08-07,Amazon,919bf2,Headphones,1684.79,1,0.04,1617.4,Samoa
b80567b5,2024-02-10,Amazon,6b79e2,Smartwatch,1325.75,4,0.12,4666.64,Syrian Arab Republic
6089f11c,2024-09-29,Shopify,e05f33,Tablet,587.09,4,0.06,2207.46,Peru
5e361bb8,2024-07-10,Amazon,736ace,Monitor,1937.09,2,0.03,3757.95,Serbia
26e4c128,2024-05-22,Shopify,39f674,Smartphone,677.01,4,0.09,2464.32,Belize
476199ec,2024-02-24,Shopify,8cf1c7,Monitor,1996.56,4,0.26,5909.82,France
cea2cffe,2024-05-18,Shopify,802985,Tablet,1992.52,3,0.01,5917.78,Antarctica (the territory South of 60 deg S)
d8757e10,2024-06-13,eBay,77ebf1,Camera,422.86,3,0.09,1154.41,Armenia
d0751117,2024-03-18,eBay,0d5bd8,Camera,659.85,2,0.13,1148.14,Chile
94f3544e,2024-12-04,eBay,41ddb8,Monitor,997.79,4,0.15,3392.49,Guyana
96803331,2024-09-25,Shopify,fc642b,Smartwatch,1345.0,2,0.05,2555.5,Gabon
823394ba,2024-06-13,eBay,d79bdf,Headphones,1079.69,3,0.29,2299.74,Guernsey
0efb0ec0,2024-03-02,eBay,d4a182,Smartwatch,1940.41,3,0.17,4831.62,Kuwait
2bd850f5,2024-06-29,Amazon,5eb269,Monitor,1461.78,3,0.16,3683.69,Iran
13edfa9a,2024-03-28,eBay,e4475a,Smartwatch,463.49,2,0.0,926.98,Tunisia
eee698d9,2024-08-01,eBay,f1a5ed,Tablet,254.94,4,0.15,866.8,Timor-Leste
89da4320,2024-03-10,Shopify,19281a,Smartphone,1392.38,1,0.25,1044.29,Eritrea
99d6723b,2025-01-26,Shopify,46c6ff,Smartwatch,358.98,4,0.07,1335.41,Singapore
8c0f2043,2024-08-02,Shopify,d315ca,Tablet,1585.97,2,0.11,2823.03,United States Virgin Islands
6bacbed4,2024-09-17,Shopify,c7e822,Smartphone,656.52,3,0.01,1949.86,Guadeloupe
9dfd2302,2024-10-04,Shopify,2642be,Camera,687.44,1,0.29,488.08,Nicaragua
f71409d1,2025-02-02,Shopify,1909c3,Headphones,71.06,2,0.02,139.28,Luxembourg
22cff14b,2024-04-10,eBay,8a53ee,Monitor,1416.97,3,0.27,3103.16,Holy See (Vatican City State)
1b023bb7,2024-11-30,Shopify,1e1ea0,Camera,270.88,2,0.09,493.0,Tunisia
dbf64960,2024-12-21,Shopify,eadf79,Headphones,1557.12,1,0.18,1276.84,Bulgaria
4f0958e8,2024-10-13,Amazon,fc8cb9,Camera,1009.14,3,0.2,2421.94,Uruguay
e0e64a93,2024-03-13,eBay,43edb4,Laptop,1579.35,4,0.04,6064.7,Vietnam
15799898,2024-05-09,eBay,830958,Camera,1188.66,2,0.13,2068.27,Pitcairn Islands
d82c9591,2024-11-19,eBay,190fa0,Tablet,210.74,1,0.1,189.67,Jamaica
e26c2ced,2025-01-10,Shopify,fc491c,Smartphone,1543.02,4,0.02,6048.64,North Macedonia
d5a2a51f,2024-06-27,Shopify,0101ef,Camera,186.11,1,0.25,139.58,Bolivia
a5421273,2025-01-17,Shopify,755fb8,Smartwatch,983.47,2,0.01,1947.27,Qatar
3ea637d5,2024-06-18,Amazon,4b632d,Headphones,386.08,1,0.2,308.86,Western Sahara
b9d2089c,2025-02-02,Shopify,03af65,Camera,1517.05,3,0.09,4141.55,Latvia
d49108d0,2024-05-02,Amazon,331737,Smartphone,1827.6,1,0.06,1717.94,Qatar
10c5d35f,2024-04-21,eBay,35d974,Tablet,1130.55,2,0.2,1808.88,Lesotho
320d92dd,2024-07-19,Shopify,236321,Laptop,1077.94,3,0.17,2684.07,Sweden
794369cf,2024-04-28,Amazon,3fb778,Headphones,1539.73,1,0.09,1401.15,Mauritania
926f4be1,2024-08-22,Amazon,8bb0ea,Monitor,59.9,1,0.15,50.92,Belarus
98fa59ae,2024-10-05,Shopify,0f3bdf,Smartphone,1839.63,3,0.07,5132.57,Fiji
c3499821,2024-09-22,eBay,b525f3,Monitor,435.03,4,0.26,1287.69,El Salvador
eecde959,2025-01-15,eBay,8c2fc8,Smartphone,1969.03,4,0.09,7167.27,Kenya
35e593a4,2024-03-25,eBay,dde008,Smartphone,1485.7,3,0.07,4145.1,Iceland
7b4a5dca,2024-08-30,Amazon,65d2d7,Tablet,1559.79,1,0.23,1201.04,Fiji
7694bd89,2024-12-08,Amazon,513381,Tablet,1329.6,4,0.01,5265.22,United States Virgin Islands
3afb95db,2024-10-27,Amazon,22b7ca,Tablet,969.74,3,0.08,2676.48,Svalbard & Jan Mayen Islands
8792f821,2024-09-05,Amazon,e1de8a,Camera,1164.67,2,0.11,2073.11,Taiwan
aa2e90d6,2024-05-28,eBay,441607,Smartwatch,140.49,1,0.26,103.96,Yemen
7cf24410,2024-02-22,Shopify,32d3dd,Smartphone,1266.72,2,0.29,1798.74,New Caledonia
7a3de238,2024-09-14,Amazon,e5ccd1,Headphones,1270.89,1,0.21,1004.0,Brunei Darussalam
956f363a,2024-07-25,Amazon,b7e0cd,Monitor,1787.84,4,0.15,6078.66,Bhutan
c280e3b4,2024-04-23,eBay,e1c275,Tablet,1036.03,2,0.19,1678.37,Jamaica
56b95499,2024-09-18,Shopify,2a52d8,Camera,200.43,2,0.12,352.76,Micronesia
041d5a12,2024-05-04,Shopify,2d8d7e,Tablet,647.08,3,0.09,1766.53,Uruguay
017118fd,2024-05-13,eBay,b76c5b,Monitor,1328.48,4,0.29,3772.88,Solomon Islands
547d87e1,2024-05-08,eBay,462a2f,Monitor,516.55,4,0.03,2004.21,Bosnia and Herzegovina
826bf8fc,2024-06-28,Shopify,03ff8d,Smartphone,597.03,1,0.1,537.33,Liberia
401323e3,2025-01-17,Amazon,a51c79,Tablet,1649.91,3,0.27,3613.3,Benin
c91aa01e,2024-04-09,Shopify,9de8b0,Monitor,1189.42,3,0.22,2783.24,San Marino
80ef4096,2024-08-05,eBay,538130,Smartwatch,1041.63,1,0.01,1031.21,Cape Verde
db5324a3,2024-06-24,Amazon,ed8a2c,Smartwatch,670.98,2,0.01,1328.54,Japan
7808f124,2024-07-08,Amazon,0345c5,Tablet,1475.31,1,0.15,1254.01,Guam
9c96cc50,2024-02-21,eBay,b300f2,Camera,611.05,1,0.15,519.39,Palau
dc61c9be,2024-04-17,eBay,3c032b,Monitor,1487.27,1,0.13,1293.92,Guinea-Bissau
39ceebf3,2024-06-01,eBay,0bbf57,Smartphone,186.7,3,0.09,509.69,Mayotte
bd69c5c7,2024-05-03,Shopify,414d4d,Smartphone,1735.86,1,0.3,1215.1,Northern Mariana Islands
f6f9c35e,2024-05-22,Shopify,f25091,Camera,1024.15,1,0.08,942.22,Argentina
eed64113,2024-08-29,Amazon,d790b0,Smartphone,905.09,1,0.15,769.33,Ecuador
7b7221e1,2024-09-10,eBay,2b7757,Laptop,1241.5,4,0.12,4370.08,Norway
6b887bb4,2024-10-23,Amazon,685233,Tablet,1267.17,2,0.05,2407.62,Maldives
4af1ad72,2024-02-25,Amazon,fac823,Smartphone,307.47,2,0.06,578.04,Jamaica
e10f58a3,2024-04-19,Amazon,71375e,Smartwatch,1524.66,2,0.28,2195.51,Cook Islands
3942d032,2024-04-09,Amazon,ad1d12,Monitor,588.06,2,0.26,870.33,Norfolk Island
ef76d07d,2025-01-03,eBay,cb7656,Headphones,1814.68,3,0.06,5117.4,Honduras
9315415b,2024-11-06,Amazon,7ce418,Camera,1644.81,3,0.26,3651.48,Rwanda
8b819a09,2025-01-21,eBay,34385a,Headphones,725.22,1,0.06,681.71,Colombia
87d22d88,2024-08-12,eBay,30220e,Smartphone,1625.09,3,0.19,3948.97,Uruguay
1a30558f,2024-09-28,Shopify,d0f0d5,Headphones,744.96,2,0.02,1460.12,Bolivia
b1f360a7,2024-08-13,eBay,ed31e2,Headphones,246.85,4,0.26,730.68,Cambodia
91481619,2024-04-28,Shopify,0022fc,Laptop,1925.68,1,0.02,1887.17,Timor-Leste
1cc9a8a9,2025-01-13,eBay,2906b0,Smartwatch,1322.57,1,0.17,1097.73,Croatia
a23b18ff,2024-08-19,eBay,bb936b,Camera,939.39,2,0.23,1446.66,Haiti
9e8b0137,2024-04-01,eBay,c6d45a,Smartwatch,825.66,2,0.04,1585.27,Gabon
94d9052b,2024-10-17,Shopify,b847c9,Laptop,683.18,2,0.12,1202.4,Gibraltar
ee747ccc,2024-04-10,Shopify,30503a,Laptop,1963.82,3,0.01,5832.55,Puerto Rico
37726dd0,2024-10-04,Amazon,efb622,Headphones,312.76,1,0.2,250.21,Barbados
3f189c90,2024-06-05,Shopify,0ca42a,Tablet,663.87,2,0.09,1208.24,Congo
ba60ded6,2024-10-31,Shopify,60b607,Monitor,996.72,4,0.17,3309.11,Finland
52c2a7d1,2024-10-02,Shopify,481e99,Monitor,982.1,1,0.28,707.11,Portugal
d14b1c90,2024-06-29,Shopify,eb6edf,Headphones,969.16,1,0.09,881.94,Cuba
20558ddd,2024-03-07,Amazon,5d84f7,Monitor,392.78,3,0.01,1166.56,Guinea
4512fa53,2024-11-19,Shopify,74cca4,Laptop,332.62,1,0.2,266.1,United States Virgin Islands
6960b409,2025-01-29,eBay,0c11c5,Smartwatch,546.8,2,0.24,831.14,Guatemala
f7f10a6a,2025-02-01,eBay,4a31ad,Monitor,1833.33,2,0.29,2603.33,Norfolk Island
5cc3a8df,2024-03-01,Shopify,94bc63,Camera,270.45,4,0.05,1027.71,Gabon
a2f8151a,2024-09-29,Shopify,001336,Headphones,1526.98,1,0.12,1343.74,South Georgia and the South Sandwich Islands
0ab06d19,2024-11-22,eBay,bd1cb5,Tablet,1527.22,1,0.25,1145.42,Pakistan
3e9e533e,2024-04-22,eBay,c5c040,Headphones,1629.05,3,0.24,3714.23,El Salvador
18ffb1e8,2024-05-20,Amazon,8a7468,Smartphone,1778.9,2,0.19,2881.82,Lao People's Democratic Republic
c4c197ac,2024-06-27,eBay,6a5529,Headphones,562.92,4,0.08,2071.55,Uruguay
f088596d,2024-04-21,eBay,360868,Laptop,487.89,2,0.09,887.96,Bangladesh
1cd45044,2025-02-02,Shopify,d1c4ba,Smartwatch,957.74,1,0.04,919.43,Gibraltar
026b8b6b,2024-11-04,eBay,c2a002,Smartwatch,566.92,1,0.28,408.18,Cayman Islands
895d3bf8,2024-12-17,Amazon,5b5b4f,Camera,1481.9,4,0.05,5631.22,Grenada
dc2fb50f,2025-01-16,eBay,b6d412,Monitor,1290.08,1,0.17,1070.77,Central African Republic
bed0881e,2024-09-20,Shopify,790ea8,Laptop,1756.23,4,0.18,5760.43,Samoa
ef2924de,2024-05-06,Shopify,15bf4f,Smartphone,211.34,4,0.11,752.37,United States of America
87f6f2fe,2024-07-14,eBay,718a19,Laptop,1834.41,2,0.11,3265.25,Uruguay
a4bc1f53,2024-03-15,Shopify,96cf31,Headphones,622.03,4,0.2,1990.5,Djibouti
4daef5ee,2024-12-02,Amazon,74d2fc,Laptop,1006.85,1,0.12,886.03,Serbia
0ec65206,2024-12-28,Amazon,5257f6,Laptop,905.29,3,0.08,2498.6,Malaysia
f8d31b7c,2024-10-25,eBay,01920c,Camera,1532.61,3,0.12,4046.09,Mexico
5f0fcd5c,2024-04-12,eBay,dd5612,Smartphone,869.65,1,0.24,660.93,Chile
83753fe4,2024-09-18,eBay,5ba163,Headphones,1889.93,3,0.29,4025.55,Malta
b6935b8f,2024-10-14,Shopify,d191f0,Tablet,1809.94,3,0.19,4398.15,Cyprus
688aabb5,2024-02-07,Amazon,eb9eb2,Camera,1750.71,4,0.23,5392.19,Mauritius
23fd7050,2024-12-06,Amazon,e8a14d,Tablet,188.95,3,0.16,476.15,Austria
6aec6f1f,2024-10-23,Shopify,078dba,Camera,1715.8,3,0.19,4169.39,Libyan Arab Jamahiriya
26557bb0,2024-07-12,Amazon,bf073f,Smartwatch,1574.19,3,0.3,3305.8,Antigua and Barbuda
525273c8,2024-03-10,eBay,c6d8cb,Camera,251.85,2,0.13,438.22,Cambodia
043dcced,2024-05-18,eBay,bbcb74,Monitor,259.46,1,0.02,254.27,Seychelles
4fa32573,2024-10-25,eBay,1d7cef,Laptop,247.27,4,0.29,702.25,Canada
9262a320,2024-10-20,Amazon,db2857,Smartwatch,72.1,3,0.24,164.39,French Polynesia
c81f7b20,2024-02-27,eBay,ec7689,Smartphone,1119.84,1,0.12,985.46,Angola
e648faed,2024-12-01,Shopify,51b280,Tablet,1948.12,3,0.29,4149.5,Marshall Islands
afd3a7ec,2024-11-25,Shopify,91a3b9,Camera,905.44,2,0.1,1629.79,Botswana
18ab6d1a,2024-06-21,Amazon,8a6ee4,Laptop,1104.48,2,0.11,1965.97,Montserrat
86d5c095,2024-04-08,Shopify,4e83b8,Smartphone,1937.54,3,0.18,4766.35,Ecuador
257ebad2,2024-08-18,Shopify,eb6771,Monitor,547.61,3,0.08,1511.4,Sao Tome and Principe
dfa1b7ee,2024-07-19,Amazon,476a72,Smartphone,1724.02,3,0.21,4085.93,Mauritius
c9a3135e,2024-10-31,eBay,c8205a,Laptop,1115.46,2,0.05,2119.37,Myanmar
9ebbab08,2024-04-13,eBay,24993e,Monitor,1160.48,2,0.03,2251.33,New Zealand
ff6c4093,2024-07-25,eBay,12072b,Smartphone,719.19,1,0.16,604.12,New Zealand
4cf48a3d,2024-07-18,Amazon,4aba4f,Monitor,1145.09,4,0.17,3801.7,Kyrgyz Republic
96302085,2024-12-14,Shopify,02d35e,Camera,192.63,4,0.03,747.4,Greece
0278fecf,2024-11-16,eBay,aebdca,Camera,1541.05,2,0.29,2188.29,Greenland
fdf1ae7a,2024-09-14,eBay,f6f1ad,Laptop,605.14,4,0.17,2009.06,Saint Martin
dbb240a7,2024-05-25,Amazon,a4e191,Laptop,1780.84,3,0.05,5075.39,Macao
c22e5252,2024-06-11,eBay,63ac25,Monitor,767.31,1,0.09,698.25,Iraq
596bb917,2024-03-25,Amazon,08355f,Headphones,328.51,2,0.24,499.34,Mozambique
252d3298,2024-06-05,Shopify,2393e0,Smartwatch,1406.97,2,0.16,2363.71,Kuwait
398d559c,2024-10-27,Amazon,54d157,Smartphone,370.93,4,0.06,1394.7,Guinea-Bissau
adcb4d44,2024-07-24,Amazon,a51b96,Smartphone,1519.68,3,0.03,4422.27,Burundi
ac853a77,2024-03-04,Amazon,6ec6d9,Headphones,1937.82,1,0.13,1685.9,Tajikistan
d119b946,2024-08-12,Amazon,101f6a,Headphones,1570.13,4,0.1,5652.47,Ukraine
e9cf738a,2024-07-06,Shopify,658d18,Headphones,93.78,2,0.2,150.05,Romania
78b7a9d1,2024-12-20,Shopify,838d9d,Tablet,1219.78,2,0.28,1756.48,Libyan Arab Jamahiriya
92f2f2ef,2024-09-25,eBay,99b5e1,Tablet,1406.05,4,0.07,5230.51,San Marino
ac52f010,2024-11-05,Shopify,9e29b0,Monitor,1659.64,3,0.26,3684.4,Poland
73ae842a,2024-02-05,Shopify,13fc83,Tablet,159.2,1,0.28,114.62,Iraq
bac9fb8f,2024-07-20,eBay,73d7ca,Camera,986.21,1,0.27,719.93,Portugal
0ceb8c4b,2024-08-23,Shopify,9982df,Camera,1093.97,1,0.29,776.72,Ukraine
292142e4,2024-04-12,Amazon,a90c72,Laptop,379.79,1,0.25,284.84,Niger
d0774886,2024-03-13,Amazon,4ec7db,Monitor,678.78,3,0.18,1669.8,China
f62cdec1,2024-09-19,eBay,4f1a50,Smartphone,908.43,2,0.12,1598.84,Azerbaijan
d15ab965,2024-11-06,eBay,f06645,Smartwatch,1674.76,2,0.15,2847.09,Tokelau
690c11a1,2025-02-03,eBay,1ee1e9,Laptop,1862.34,1,0.26,1378.13,Congo
ac721bbe,2024-10-31,Amazon,8db031,Smartphone,1275.42,1,0.09,1160.63,Lithuania
190ced04,2024-12-05,Shopify,46d05f,Smartphone,820.14,1,0.05,779.13,Tajikistan
d419d1d6,2024-08-14,Amazon,d32f70,Monitor,545.36,4,0.04,2094.18,Swaziland
cc29d82f,2024-10-28,eBay,cd4a7f,Headphones,1965.16,4,0.25,5895.48,Holy See (Vatican City State)
97e9fb56,2024-07-15,Shopify,09ba7b,Headphones,1966.89,2,0.23,3029.01,Pakistan
d8e457d1,2024-04-03,Shopify,be4f94,Laptop,1853.71,2,0.15,3151.31,Finland
4712f9db,2024-04-04,Amazon,010058,Headphones,1582.05,1,0.08,1455.49,Aruba
1dd4c16b,2024-03-26,eBay,660371,Smartphone,685.27,4,0.2,2192.86,Uganda
d4e0bf51,2024-08-28,Amazon,c00f3e,Headphones,1643.15,3,0.01,4880.16,Nicaragua
f98928bb,2024-11-16,Shopify,d5214f,Tablet,847.15,4,0.17,2812.54,Falkland Islands (Malvinas)
d86c61e1,2025-01-08,Amazon,7d6c1c,Headphones,687.21,2,0.12,1209.49,Saint Kitts and Nevis
869dbe7d,2024-10-17,Amazon,b3027a,Smartphone,1502.49,4,0.29,4267.07,Kazakhstan
4483b95d,2025-01-04,eBay,6425a4,Monitor,205.33,2,0.15,349.06,Equatorial Guinea
ed9057de,2025-01-14,eBay,cb5803,Laptop,144.7,1,0.17,120.1,Italy
a4bf6d40,2024-02-18,Shopify,d46cfc,Smartwatch,923.51,3,0.21,2188.72,Sao Tome and Principe
a0229973,2024-09-15,Amazon,df71a7,Headphones,919.0,1,0.15,781.15,Burundi
a9bf35a2,2024-09-14,Amazon,02dc04,Camera,1796.51,1,0.07,1670.75,Korea
65aa2721,2024-07-30,Amazon,37833e,Camera,296.0,3,0.16,745.92,Gibraltar
8ae4d399,2024-08-19,Shopify,c0a55c,Smartphone,290.4,3,0.28,627.26,Saint Vincent and the Grenadines
e18fadd3,2024-12-01,Shopify,738289,Smartwatch,337.53,3,0.12,891.08,Uganda
480ea2c3,2024-02-09,eBay,878957,Smartwatch,107.99,2,0.2,172.78,Turks and Caicos Islands
00f77579,2024-07-22,eBay,409d28,Tablet,189.88,1,0.29,134.81,Bermuda
e1232595,2024-09-02,eBay,fe0e53,Smartwatch,1336.75,2,0.25,2005.12,Montenegro
c2a351a0,2024-03-29,Amazon,0d6ded,Camera,891.59,3,0.2,2139.82,France
a98eaefe,2024-05-03,Amazon,983443,Monitor,1539.03,2,0.22,2400.89,Guernsey
75d8e7ef,2024-10-06,eBay,ac2c9d,Smartphone,1985.57,3,0.28,4288.83,Gambia
6c2b3038,2024-03-01,Amazon,f00fe2,Smartphone,1335.12,4,0.29,3791.74,Cote d'Ivoire
c2cc2c64,2024-12-14,eBay,3de6f6,Headphones,148.39,3,0.29,316.07,Mongolia
4533dd19,2024-06-16,Shopify,212596,Headphones,253.9,1,0.19,205.66,Guatemala
cb048c39,2024-03-28,eBay,802f1e,Headphones,1767.96,1,0.12,1555.8,Cocos (Keeling) Islands
b52984ca,2024-03-30,Shopify,ecad2b,Camera,1078.62,1,0.04,1035.48,Sierra Leone
f102d5e0,2024-12-03,Amazon,06feea,Camera,1658.43,2,0.12,2918.84,Guinea
23342279,2025-01-07,eBay,5fc205,Camera,1720.39,1,0.28,1238.68,Botswana
dfca50a7,2024-08-04,Amazon,cccc8f,Camera,1858.97,3,0.27,4071.14,Angola
c535e2d8,2024-06-23,Shopify,ac0f99,Camera,1902.17,4,0.16,6391.29,Paraguay
932ff4d5,2024-06-19,Shopify,8516a8,Camera,1131.91,1,0.16,950.8,British Indian Ocean Territory (Chagos Archipelago)
7a64b197,2024-04-04,Shopify,906d53,Monitor,714.99,2,0.09,1301.28,Gabon
351550d5,2025-01-29,Amazon,31b147,Camera,1925.64,4,0.14,6624.2,Cote d'Ivoire
96f05b53,2024-08-14,Amazon,567589,Smartwatch,1117.44,1,0.21,882.78,Niue
17f0ff72,2024-02-05,Amazon,7b4555,Smartwatch,175.29,1,0.12,154.26,Namibia
579345ea,2024-08-14,Amazon,95a448,Tablet,1303.41,4,0.06,4900.82,Botswana
858c6a51,2024-12-06,Shopify,c2ee46,Monitor,1195.99,1,0.16,1004.63,Tuvalu
151bc38b,2024-10-02,Shopify,d7b750,Headphones,1796.8,2,0.07,3342.05,North Macedonia
9a06f289,2024-08-23,eBay,47443a,Laptop,1323.72,3,0.29,2819.52,Croatia
150992c6,2025-01-28,eBay,aab87c,Camera,730.65,3,0.12,1928.92,Saint Pierre and Miquelon
d07f4501,2025-01-27,Amazon,95ef91,Tablet,1934.14,4,0.27,5647.69,Georgia
14a6c936,2024-08-24,Shopify,067b4a,Laptop,1613.16,3,0.07,4500.72,Martinique
052a1b1f,2024-05-11,Shopify,5585c0,Smartwatch,1279.31,1,0.06,1202.55,Albania
fa7126c5,2024-10-07,Shopify,e3a389,Tablet,621.2,1,0.19,503.17,United States Virgin Islands
2794d860,2024-05-07,eBay,67b219,Tablet,778.4,2,0.23,1198.74,Serbia
cfa05bce,2024-06-02,eBay,cb7f05,Smartphone,1356.44,3,0.17,3377.54,Angola
e4d75304,2024-12-07,Shopify,677ab4,Smartwatch,190.36,4,0.07,708.14,Montenegro
ee826ff1,2024-06-09,Shopify,ea40e3,Smartwatch,550.53,1,0.01,545.02,Cape Verde
173ef75b,2024-12-19,Shopify,97fad2,Monitor,1442.11,4,0.19,4672.44,Nepal
5fff7322,2024-08-28,eBay,239636,Tablet,986.04,1,0.04,946.6,Czech Republic
2e885b1e,2025-01-18,Shopify,ab767a,Camera,834.67,1,0.1,751.2,Andorra
853f4ca7,2024-07-18,Shopify,0a186a,Smartwatch,345.34,2,0.2,552.54,Argentina
9a92760c,2024-05-21,Amazon,418f34,Tablet,911.61,3,0.03,2652.79,Azerbaijan
ef40e644,2024-02-09,Amazon,9bdf45,Monitor,1552.85,2,0.04,2981.47,Kiribati
95135348,2024-02-26,eBay,02a2b1,Camera,564.83,3,0.02,1660.6,Saint Martin
44c74ef2,2024-06-10,Shopify,763ec9,Monitor,60.53,4,0.3,169.48,Burundi
764d36a0,2024-04-22,Shopify,81c164,Smartphone,1353.58,3,0.12,3573.45,San Marino
11fce064,2024-08-08,Amazon,d4f440,Camera,1946.62,4,0.27,5684.13,Cuba
1b4f97f2,2024-04-22,eBay,9777a1,Tablet,1233.31,1,0.09,1122.31,Bolivia
07878616,2024-02-10,Amazon,a43761,Smartwatch,283.85,4,0.23,874.26,Swaziland
4b68fd41,2024-11-03,Amazon,06c9af,Smartwatch,675.43,4,0.07,2512.6,Ireland
545028d5,2025-01-07,Amazon,48d12e,Tablet,1741.9,1,0.15,1480.62,Austria
7ab46207,2024-07-11,Amazon,392c87,Tablet,503.51,4,0.25,1510.53,Belarus
ec33276e,2024-03-19,Shopify,48836f,Tablet,1235.01,4,0.24,3754.43,Norway
31a9312c,2024-05-17,Shopify,894b93,Headphones,835.21,1,0.24,634.76,British Virgin Islands
f290021f,2024-12-22,Amazon,1ecaec,Camera,455.3,1,0.25,341.48,Liechtenstein
7894ddf6,2024-07-25,eBay,6e3eb9,Smartwatch,1636.14,1,0.06,1537.97,Seychelles
7fb3e4e2,2025-01-11,eBay,9cd594,Camera,1498.52,3,0.14,3866.18,Greenland
77080a1f,2024-12-03,eBay,1c46f6,Monitor,1340.1,1,0.15,1139.08,Puerto Rico
226d3a6d,2024-10-28,eBay,22009f,Smartwatch,510.86,1,0.27,372.93,Jordan
90e4101b,2024-05-27,Amazon,f0b50c,Headphones,240.82,4,0.09,876.58,Timor-Leste
b0d59e5c,2024-04-13,Shopify,8c6b1b,Tablet,1173.51,2,0.28,1689.85,Israel
c716edd0,2024-10-02,eBay,259767,Smartphone,1129.67,2,0.14,1943.03,Latvia
02d971c8,2024-10-24,Amazon,4e6150,Tablet,417.35,3,0.2,1001.64,Fiji
78654482,2025-01-29,eBay,e9e24b,Tablet,159.68,3,0.08,440.72,Haiti
d90705cd,2024-06-06,eBay,7df170,Headphones,207.38,2,0.12,364.99,Brunei Darussalam
eb8a4a67,2024-10-16,Amazon,e88128,Camera,1985.9,2,0.21,3137.72,Bulgaria
cbfd39d4,2024-12-02,Shopify,0e3734,Smartwatch,1577.99,1,0.15,1341.29,Belgium
1defcd53,2024-09-28,Shopify,b9cd89,Tablet,1847.88,4,0.28,5321.89,Argentina
08c61a66,2024-03-04,Amazon,ca7f82,Smartwatch,430.36,1,0.22,335.68,Swaziland
6792f85e,2024-02-20,Shopify,98a63c,Laptop,1923.11,3,0.17,4788.54,Martinique
f29fb70b,2024-12-09,Amazon,4c193c,Monitor,328.18,2,0.27,479.14,Israel
8b5cb05a,2024-09-19,Amazon,c64d9a,Camera,1042.71,3,0.2,2502.5,Jersey
8d221a9e,2024-12-28,Amazon,7a93e4,Smartwatch,1667.91,1,0.19,1351.01,Tanzania
b401a75b,2024-03-04,Shopify,917914,Smartphone,732.12,3,0.07,2042.61,Guernsey
b0508f60,2024-02-22,Amazon,000b1e,Monitor,878.42,3,0.12,2319.03,Philippines
b9fa74d3,2024-09-25,eBay,e118e1,Smartphone,299.96,4,0.2,959.87,Saudi Arabia
a1c892af,2025-01-25,Shopify,f7242a,Tablet,289.7,3,0.27,634.44,Puerto Rico
ec16846d,2024-11-20,Shopify,671d07,Monitor,1258.16,1,0.09,1144.93,Russian Federation
43294b08,2025-01-06,Shopify,61e644,Smartwatch,1367.29,4,0.06,5141.01,Portugal
213ff053,2024-12-11,Shopify,70d086,Monitor,1565.8,3,0.18,3851.87,Iran
6cd5cc0e,2024-12-29,eBay,996138,Tablet,1135.53,1,0.02,1112.82,Guernsey
f780133e,2024-03-27,Shopify,3b1da9,Headphones,1309.23,2,0.21,2068.58,Congo
0d5fb1d4,2024-05-27,Shopify,6ca004,Camera,76.36,4,0.21,241.3,Burundi
7f00b42b,2024-05-16,Amazon,be6a61,Smartphone,366.23,3,0.11,977.83,Panama
b89d2e98,2024-08-13,Shopify,e2bbee,Tablet,1970.58,3,0.27,4315.57,Zimbabwe
a821776c,2025-01-27,eBay,c5f924,Headphones,198.19,4,0.15,673.85,Latvia
4ab0f3d7,2024-02-09,eBay,8063de,Monitor,1373.64,1,0.19,1112.65,Ghana
a525908b,2024-07-26,eBay,fd532d,Monitor,393.36,3,0.06,1109.28,Namibia
d39649ab,2024-03-18,eBay,62d914,Tablet,1447.6,1,0.13,1259.41,Kyrgyz Republic
27164f8e,2024-05-15,Shopify,540352,Smartwatch,1426.68,4,0.26,4222.97,Norway
789d6324,2024-05-03,Shopify,f1fedf,Monitor,506.69,3,0.06,1428.87,Puerto Rico
d0e7a030,2024-11-09,eBay,cd2ccf,Smartwatch,575.79,2,0.12,1013.39,Congo
1c11ec7d,2024-08-21,eBay,c1811e,Smartwatch,1326.8,2,0.1,2388.24,Malaysia
cf81c1a6,2024-05-22,Shopify,d7d247,Camera,810.67,2,0.05,1540.27,Brazil
af25df1e,2024-09-06,eBay,5eb13a,Smartwatch,429.37,4,0.09,1562.91,Qatar
0d3b2246,2024-08-24,Amazon,ab5271,Laptop,1476.78,3,0.07,4120.22,Nepal
b56101d8,2024-04-12,eBay,03e4df,Camera,350.59,4,0.28,1009.7,Malawi
289b8d76,2024-08-23,eBay,072552,Headphones,1718.51,3,0.22,4021.31,Turkmenistan
c26f1203,2024-06-30,Amazon,02d760,Headphones,1053.61,2,0.09,1917.57,Nicaragua
616c37b8,2024-04-18,Amazon,b35cf2,Monitor,256.12,2,0.23,394.42,Mongolia
dded1aed,2024-11-04,Shopify,f9c13f,Monitor,1403.44,1,0.01,1389.41,Dominican Republic
68ba4cc7,2024-12-04,Shopify,3217a7,Smartwatch,1062.37,4,0.16,3569.56,Denmark
0d55a3df,2024-08-05,Amazon,6247af,Camera,631.21,4,0.08,2322.85,Egypt
2c94783b,2024-12-02,Amazon,193642,Camera,873.95,1,0.03,847.73,Reunion
7900b7a6,2024-12-29,Shopify,3ea96a,Laptop,631.76,2,0.27,922.37,Niger
6177f5d8,2024-12-26,eBay,3ad570,Smartwatch,562.9,2,0.06,1058.25,Panama
10bae9d5,2024-05-18,Amazon,453141,Laptop,369.04,4,0.25,1107.12,Cote d'Ivoire
378735e4,2024-11-11,Shopify,cce6fe,Smartwatch,757.4,3,0.12,1999.54,Greece
4eb7a8a4,2025-02-01,eBay,3b4ad1,Smartphone,539.43,2,0.0,1078.86,Benin
87cf3d83,2024-06-23,Amazon,a340d7,Smartphone,1382.7,1,0.22,1078.51,Northern Mariana Islands
9dc2569a,2024-11-17,eBay,cc9eeb,Tablet,1383.56,1,0.18,1134.52,Somalia
d0b47c6d,2025-01-26,Shopify,16ec71,Smartwatch,1028.59,1,0.1,925.73,Nigeria
c41db8c6,2024-09-20,Amazon,9087dc,Camera,1566.99,4,0.08,5766.52,Qatar
dc950cfb,2025-01-22,eBay,a8acb9,Monitor,1690.61,4,0.02,6627.19,Puerto Rico
2b7b9bb9,2024-10-03,Amazon,4205c3,Headphones,1180.54,4,0.28,3399.96,Finland
b93b0d04,2025-01-07,eBay,1f8b0a,Tablet,1256.92,4,0.15,4273.53,New Zealand
0ddc0c2c,2025-02-01,Shopify,d3132b,Monitor,601.63,1,0.03,583.58,Marshall Islands
f1e8b942,2024-12-14,Shopify,ea2fa3,Smartphone,1794.99,1,0.26,1328.29,Grenada
78aefa03,2024-12-15,Amazon,22bffc,Smartwatch,97.2,4,0.08,357.7,Solomon Islands
132fef30,2024-07-19,eBay,b0565d,Tablet,729.77,4,0.06,2743.94,Kenya
f6a50f33,2024-06-21,Amazon,d8243e,Smartwatch,1457.51,1,0.08,1340.91,Monaco
e7bc9a7d,2024-03-19,Amazon,a5b3af,Smartphone,206.17,4,0.17,684.48,Comoros
16f3f969,2024-07-21,eBay,37525e,Tablet,407.18,4,0.02,1596.15,Canada
80175cbe,2024-09-24,eBay,bf6835,Smartphone,1199.11,4,0.14,4124.94,Oman
fec1df17,2024-11-06,eBay,db9dd5,Laptop,1141.99,4,0.27,3334.61,Greece
08367fa5,2024-03-12,Shopify,bca860,Smartphone,1490.91,2,0.06,2802.91,Rwanda
8d5b523a,2024-02-15,Amazon,c99263,Camera,1634.59,4,0.1,5884.52,Saint Barthelemy
898150a4,2024-11-14,Amazon,87160e,Camera,300.73,1,0.12,264.64,Suriname
b8abc4b9,2024-09-29,Shopify,6f82b1,Smartwatch,85.84,1,0.18,70.39,Tunisia
29b8b44f,2024-03-17,eBay,560cd6,Headphones,1394.8,1,0.28,1004.26,Serbia
70788dd9,2024-06-04,Shopify,8338ea,Smartphone,637.71,1,0.12,561.18,Liechtenstein
cba5d96f,2024-02-13,Shopify,665c1d,Monitor,1270.67,4,0.02,4981.03,Jamaica
71532bb9,2024-03-15,Shopify,e6329d,Camera,343.56,2,0.1,618.41,Ukraine
854ba98c,2024-11-29,Amazon,fdcb99,Headphones,964.63,3,0.06,2720.26,Somalia
5b20c015,2024-04-05,Shopify,d6e66e,Laptop,1033.63,3,0.2,2480.71,Turkmenistan
34a4f38d,2024-10-24,Amazon,fa8d57,Tablet,1190.9,3,0.01,3536.97,Haiti
cf519a7b,2024-08-23,Amazon,31552f,Tablet,1050.68,3,0.09,2868.36,Israel
a278e421,2024-09-30,Amazon,518a1f,Camera,1016.6,1,0.16,853.94,Niger
26cd01ac,2024-07-22,eBay,7c8fac,Headphones,698.83,4,0.08,2571.69,Mozambique
aeae57ef,2024-11-14,Amazon,1f0d7c,Camera,188.8,4,0.17,626.82,Bangladesh
abd1d6d7,2024-04-25,Amazon,069aac,Tablet,224.56,3,0.03,653.47,Finland
218e54f3,2024-02-12,eBay,d55252,Smartphone,895.87,3,0.28,1935.08,Philippines
2cc70bff,2024-02-07,Amazon,823d87,Headphones,743.8,2,0.09,1353.72,Cyprus
5d50fb28,2024-03-26,Shopify,ae3d42,Smartwatch,1056.46,2,0.28,1521.3,Thailand
98f75e47,2024-02-08,Shopify,3cb3c5,Smartphone,644.43,2,0.1,1159.97,Philippines
a08b003d,2025-01-01,Amazon,c05a61,Smartphone,1391.42,1,0.23,1071.39,Dominican Republic
d5a0f1a1,2024-03-12,eBay,2752f0,Smartphone,1734.71,4,0.07,6453.12,Tuvalu
e70979e0,2024-08-02,Shopify,6a58b9,Smartwatch,632.78,1,0.2,506.22,Yemen
400957f4,2024-08-26,eBay,b24ac1,Laptop,426.32,1,0.1,383.69,Iran
a7f09121,2024-12-15,eBay,d6e652,Monitor,276.55,4,0.15,940.27,Slovenia
c3f3fe5d,2024-07-24,Shopify,c9d069,Camera,1251.7,2,0.2,2002.72,Guinea-Bissau
7a841abf,2024-06-11,eBay,ab16c1,Tablet,915.52,4,0.18,3002.91,France
d38a05a4,2025-02-03,Shopify,2b1c90,Camera,416.63,3,0.17,1037.41,Ethiopia
2b7198fa,2025-01-29,eBay,e5e690,Headphones,1323.62,2,0.02,2594.3,Croatia
c88d2bb9,2024-12-22,Shopify,9ab7bb,Laptop,339.54,4,0.07,1263.09,El Salvador
15f7ee78,2024-08-07,Amazon,07bebf,Headphones,1130.89,1,0.17,938.64,Timor-Leste
cf58d241,2024-12-06,Shopify,7ab1a0,Camera,1077.94,4,0.01,4268.64,Botswana
c406f17d,2024-07-25,Shopify,539bc7,Tablet,1481.74,2,0.08,2726.4,Kuwait
f2e0e648,2024-08-16,Shopify,1cfa66,Smartwatch,157.46,3,0.07,439.31,Papua New Guinea
3b82f998,2024-09-11,Shopify,fb5be0,Camera,1781.35,1,0.07,1656.66,Niue
e53cf098,2024-04-24,eBay,684395,Smartphone,1420.83,3,0.16,3580.49,New Caledonia
763080e1,2024-11-24,Amazon,e12b90,Camera,471.45,3,0.17,1173.91,Sierra Leone
8001ac49,2024-12-29,Shopify,0d5590,Smartphone,407.64,1,0.27,297.58,Vietnam
9fa2606f,2024-11-09,eBay,6bb752,Smartwatch,891.74,4,0.12,3138.92,New Caledonia
738b09e2,2024-07-08,Amazon,ec7604,Camera,1644.25,4,0.28,4735.44,Palau
c5240397,2024-11-21,Amazon,031b29,Laptop,1693.75,3,0.2,4065.0,Taiwan
677b878d,2024-12-12,Amazon,6786c3,Laptop,1064.89,4,0.27,3109.48,Australia
73154d42,2024-04-01,Amazon,849bed,Headphones,1728.58,2,0.25,2592.87,Egypt
0ad021af,2024-11-14,Shopify,4d58b3,Smartwatch,60.62,3,0.21,143.67,Sweden
6f2c5ee5,2024-03-29,Shopify,36191c,Laptop,118.59,3,0.11,316.64,Christmas Island
22ae9c54,2024-06-04,eBay,413748,Camera,1828.05,3,0.07,5100.26,Mali
0d007066,2024-10-02,eBay,399670,Smartwatch,1561.9,2,0.07,2905.13,Seychelles
3ec4b73a,2024-11-06,eBay,dd6bf8,Tablet,928.88,3,0.29,1978.51,Mozambique
c539086f,2024-09-15,Amazon,11bcca,Smartphone,1519.54,4,0.29,4315.49,Australia
7ffa5f68,2024-11-27,Amazon,dea417,Camera,1913.5,4,0.22,5970.12,Anguilla
7135c2e0,2024-11-02,Shopify,1ae621,Smartphone,1555.57,4,0.27,4542.26,French Polynesia
668ed23d,2024-12-22,Amazon,823e2e,Smartphone,1692.62,4,0.28,4874.75,British Virgin Islands
5f826d85,2024-03-30,Amazon,9769c4,Smartwatch,1533.18,3,0.15,3909.61,Palau
06ba3b6b,2024-08-24,Amazon,786cac,Smartwatch,378.01,2,0.19,612.38,Equatorial Guinea
3d8ee5a6,2024-03-13,eBay,daa16e,Headphones,1675.47,1,0.13,1457.66,Ukraine
95835aa5,2024-05-16,eBay,932fc4,Smartphone,430.46,4,0.13,1498.0,Switzerland
0af854ed,2024-08-23,Shopify,3697d7,Headphones,1790.59,1,0.01,1772.68,Mexico
066264a4,2024-05-25,Amazon,dc59cf,Smartphone,944.37,1,0.13,821.6,Maldives
7692a75c,2025-01-08,Amazon,e9795c,Headphones,1370.1,3,0.2,3288.24,Denmark
e72e22e5,2024-11-26,Shopify,2c933f,Headphones,1019.62,4,0.13,3548.28,Libyan Arab Jamahiriya
f93e3f28,2024-12-19,Amazon,195a9e,Tablet,233.28,4,0.26,690.51,Finland
37b0f53d,2024-02-09,Amazon,f02a35,Headphones,616.91,4,0.1,2220.88,Mali
b7b24518,2024-09-04,eBay,fb224e,Smartwatch,1968.28,1,0.04,1889.55,Benin
7197035c,2024-08-26,Shopify,2911c2,Headphones,1923.39,4,0.24,5847.11,Afghanistan
efa81ab6,2024-02-22,Shopify,65e0e4,Smartphone,674.95,4,0.2,2159.84,Timor-Leste
d0b688c2,2024-12-25,Shopify,16a1d5,Headphones,1992.78,2,0.07,3706.57,Germany
86954b0b,2024-05-20,Shopify,79c141,Laptop,1698.82,3,0.16,4281.03,Guadeloupe
639a54ad,2024-05-29,eBay,7d0e47,Monitor,1241.37,4,0.12,4369.62,Micronesia
b26c5388,2024-09-06,eBay,0e558f,Smartphone,128.24,4,0.28,369.33,Togo
5d61b228,2024-09-04,Amazon,fe1adf,Laptop,1807.82,3,0.18,4447.24,Kazakhstan
81170187,2024-12-02,Amazon,7ba895,Smartphone,1136.99,3,0.05,3240.42,Ireland
53e60a6b,2024-06-11,Amazon,b90239,Smartwatch,1743.53,1,0.15,1482.0,Chile
05af2e93,2024-03-27,Amazon,c7d876,Monitor,1677.14,1,0.26,1241.08,Belize
c2f7cf06,2024-03-23,eBay,e6d541,Monitor,1674.36,1,0.2,1339.49,Poland
3368b6b6,2024-03-03,Shopify,ec8d65,Smartwatch,1411.44,3,0.25,3175.74,Faroe Islands
915d8da5,2024-11-14,eBay,fe6171,Monitor,618.26,2,0.08,1137.6,Grenada
6ec04e06,2025-01-02,Amazon,f6d904,Smartwatch,705.51,4,0.27,2060.09,Korea
d2ed849e,2024-02-12,eBay,939ccc,Laptop,651.51,3,0.23,1504.99,United States Minor Outlying Islands
420193b5,2024-10-31,Shopify,80a267,Tablet,89.09,2,0.22,138.98,Montserrat
096245d8,2025-01-10,Shopify,fca041,Smartphone,1186.01,3,0.1,3202.23,Nicaragua
d8580db6,2024-03-31,eBay,0ca662,Smartwatch,1412.73,2,0.27,2062.59,Tokelau
b0545b3f,2024-03-01,eBay,df4919,Smartphone,1715.04,3,0.19,4167.55,Netherlands Antilles
38bbfbda,2024-04-01,eBay,8f6dbf,Laptop,323.32,3,0.26,717.77,Papua New Guinea
e70613c6,2025-01-10,Amazon,126e9c,Tablet,1111.16,2,0.11,1977.86,Samoa
8d82ef93,2024-05-08,eBay,573ecf,Laptop,65.62,2,0.04,125.99,Korea
84328008,2024-06-14,eBay,8db8d9,Monitor,235.43,2,0.1,423.77,Belgium
af3138ae,2024-09-24,eBay,6d0f07,Smartphone,155.71,2,0.14,267.82,Tuvalu
ffdde1fe,2024-12-08,Shopify,ebe935,Camera,1464.68,2,0.16,2460.66,Saint Kitts and Nevis
b1a380e8,2024-05-27,Shopify,fe48ec,Tablet,208.07,2,0.15,353.72,Latvia
775ac862,2024-09-18,Amazon,d89515,Monitor,1447.08,2,0.16,2431.09,Martinique
88f04da0,2024-09-13,Amazon,42db74,Tablet,536.77,2,0.25,805.16,Armenia
2d8c47a9,2024-09-01,Shopify,8f7224,Monitor,1761.54,3,0.05,5020.39,Bahrain
8ae7e140,2024-10-02,Shopify,36acf2,Laptop,1635.64,2,0.09,2976.86,Germany
1a5d8546,2024-03-26,Shopify,eb85c0,Smartwatch,1917.77,2,0.27,2799.94,Libyan Arab Jamahiriya
55b0f54e,2024-07-02,eBay,b82541,Smartphone,1773.34,3,0.17,4415.62,Saint Vincent and the Grenadines
7deebe48,2024-08-19,eBay,efec4a,Headphones,1869.99,3,0.18,4600.18,Guernsey
6804d499,2024-08-23,Shopify,9ecab7,Headphones,1724.55,1,0.14,1483.11,Brunei Darussalam
9e3a2ae3,2024-04-12,eBay,bc8bb1,Laptop,1402.09,1,0.16,1177.76,Bermuda
e2e7429a,2024-10-16,eBay,9ecc7a,Smartphone,382.01,2,0.06,718.18,Croatia
a8c66803,2024-06-06,Amazon,435c65,Smartphone,579.83,2,0.16,974.11,Bangladesh
97be58a3,2024-03-22,Shopify,48ce43,Laptop,464.82,1,0.3,325.37,Jamaica
bcef27c5,2024-04-07,Shopify,e2ad67,Smartphone,1226.99,1,0.17,1018.4,French Guiana
0063d4b7,2024-06-08,eBay,57ad18,Smartwatch,1032.06,4,0.01,4086.96,Palau
2fb2daec,2024-07-17,Shopify,38513c,Laptop,1740.81,4,0.24,5292.06,Kyrgyz Republic
8a3a3e0e,2024-04-09,Amazon,e003f8,Smartwatch,1907.71,2,0.12,3357.57,Jersey
d36413dc,2024-04-14,Amazon,b060f1,Smartphone,839.48,4,0.05,3190.02,Paraguay
92fa1169,2024-03-23,Amazon,a8966f,Laptop,1037.38,1,0.26,767.66,Guinea
115c097e,2024-09-06,Shopify,2ca6df,Smartphone,1944.46,2,0.06,3655.58,Oman
12c79466,2025-01-20,Shopify,8c9208,Laptop,588.67,3,0.28,1271.53,Djibouti
8cf33f45,2025-01-12,Shopify,79102d,Smartphone,1595.16,3,0.13,4163.37,Ireland
005c803c,2024-09-29,Shopify,2672d3,Smartwatch,489.22,1,0.22,381.59,Palestinian Territory
ae7a2e52,2024-12-25,Shopify,03c5b8,Camera,1378.85,4,0.16,4632.94,Saint Kitts and Nevis
80d8360b,2024-06-20,Amazon,638479,Smartwatch,544.55,3,0.08,1502.96,Palestinian Territory
9bf2028e,2024-05-21,eBay,90e19d,Smartphone,1773.28,4,0.2,5674.5,Mauritius
9665fb12,2025-01-29,Amazon,b35c13,Laptop,1144.88,3,0.29,2438.59,Maldives
ff45a025,2024-05-23,Shopify,4c8b24,Headphones,412.57,4,0.23,1270.72,Turks and Caicos Islands
d23e579a,2024-07-20,Amazon,8971c5,Smartwatch,487.52,3,0.18,1199.3,France
e33524e4,2024-10-18,Shopify,667f20,Smartwatch,1013.01,3,0.3,2127.32,Qatar
d42e8d9a,2024-06-21,Shopify,fa3559,Monitor,1925.12,2,0.08,3542.22,New Caledonia
7b3ba3a6,2024-04-18,Amazon,2e5ccf,Headphones,1550.8,2,0.02,3039.57,Oman
076ecf67,2024-08-28,Shopify,7a9abf,Smartphone,1002.2,1,0.01,992.18,Bolivia
a35d2c3b,2024-04-19,eBay,562c38,Camera,708.55,3,0.21,1679.26,Gambia
bfef906f,2024-02-23,Shopify,b5e2c9,Laptop,1121.07,4,0.25,3363.21,Norway
c97dd4d9,2024-12-09,eBay,aa6421,Monitor,1509.3,3,0.19,3667.6,British Virgin Islands
17aae58b,2024-08-31,eBay,78f642,Smartphone,1578.66,4,0.27,4609.69,Singapore
e3bd4a87,2024-09-21,Shopify,2dd3d2,Tablet,682.99,4,0.21,2158.25,Singapore
32d20d12,2025-01-24,Amazon,52989d,Camera,1456.26,3,0.11,3888.21,Czech Republic
5fca9e2e,2024-09-30,eBay,502086,Smartwatch,1332.69,4,0.05,5064.22,Syrian Arab Republic
9ba5d6f3,2025-01-27,Amazon,12add3,Tablet,1920.27,1,0.28,1382.59,Gambia
d13a06ba,2024-04-30,eBay,ca351b,Smartwatch,1865.63,2,0.03,3619.32,Vanuatu
0c36dbd2,2024-07-20,Shopify,33433b,Smartwatch,1589.29,4,0.16,5340.01,Vietnam
a82f8130,2024-06-01,Shopify,014eaf,Tablet,1460.62,3,0.09,3987.49,Ghana
cca36fac,2024-02-22,eBay,a88426,Camera,584.38,2,0.08,1075.26,Hong Kong
7ddb184c,2024-06-15,Shopify,af540c,Tablet,1699.63,1,0.19,1376.7,Dominica
4cc384e1,2024-02-26,eBay,e33952,Smartphone,883.64,4,0.07,3287.14,Estonia
4f2b159b,2024-05-15,Shopify,b67290,Monitor,580.87,4,0.27,1696.14,Maldives
40e118fd,2025-02-03,Amazon,741284,Monitor,799.11,2,0.12,1406.43,Sierra Leone
c9422718,2024-12-28,Shopify,53a8f8,Tablet,1680.07,4,0.2,5376.22,American Samoa
359eb3dc,2024-02-06,Amazon,989054,Smartphone,339.83,3,0.22,795.2,Azerbaijan
116e5921,2024-06-25,Shopify,cfc503,Monitor,939.51,2,0.2,1503.22,Hungary
2dc31189,2024-12-09,Amazon,078900,Smartphone,1010.1,2,0.27,1474.75,Slovakia (Slovak Republic)
e97f2c79,2024-05-02,Shopify,b6d383,Smartphone,121.43,4,0.07,451.72,Nepal
6935000f,2024-03-14,Amazon,03efd5,Smartwatch,431.7,1,0.03,418.75,Mozambique
a8f3c8ee,2024-04-03,eBay,369586,Monitor,1662.15,1,0.02,1628.91,Morocco
d68a730f,2024-09-18,eBay,3e5a32,Monitor,1670.0,1,0.26,1235.8,Saint Helena
b221e2f5,2024-06-06,Amazon,df26a2,Smartwatch,620.21,1,0.29,440.35,Guam
97b32600,2025-01-06,Shopify,63e846,Tablet,1756.05,2,0.09,3196.01,Saint Lucia
8bd5c978,2024-08-19,Amazon,73e4f1,Smartwatch,1554.98,2,0.21,2456.87,Central African Republic
83dc5f27,2024-07-18,Shopify,0b058f,Monitor,864.92,4,0.0,3459.68,South Africa
e1e66bd9,2024-11-07,eBay,f6f8e0,Monitor,1509.39,1,0.06,1418.83,Macao
fe987859,2024-11-03,Shopify,cd790a,Camera,1924.6,1,0.21,1520.43,Belize
bc798ae8,2025-01-21,eBay,fb18a5,Tablet,944.99,4,0.02,3704.36,Puerto Rico
6fcef831,2024-05-04,Shopify,11e24e,Smartwatch,514.93,4,0.14,1771.36,Gabon
40da5ae0,2025-01-15,Shopify,7dbf94,Laptop,1886.54,4,0.2,6036.93,New Caledonia
81f2bae2,2024-03-18,Shopify,020c8a,Laptop,1227.3,3,0.23,2835.06,Belize
03cce41c,2024-10-20,Amazon,d876de,Tablet,255.27,4,0.14,878.13,Cameroon
4b5152b4,2024-04-27,Amazon,0ebcf7,Smartwatch,1166.73,4,0.19,3780.21,China
195756d5,2024-05-13,eBay,b0c273,Smartwatch,1026.13,3,0.16,2585.85,Heard Island and McDonald Islands
2531d5f2,2024-08-11,eBay,65edd8,Smartphone,1718.4,1,0.02,1684.03,Christmas Island
22c2ae16,2024-04-17,Amazon,572d84,Monitor,1084.86,2,0.22,1692.38,Latvia
2816e751,2024-12-03,eBay,1ac5a3,Headphones,547.7,1,0.05,520.32,Isle of Man
4d924e53,2024-09-20,Amazon,bec500,Camera,1367.51,2,0.01,2707.67,Western Sahara
e4cc1143,2024-07-27,Shopify,cfac90,Tablet,1108.02,2,0.14,1905.79,United States Minor Outlying Islands
1c82ae9e,2024-09-13,eBay,1bba81,Headphones,504.44,4,0.26,1493.14,Moldova
a9e5d21b,2024-05-07,eBay,b65d50,Headphones,1168.57,4,0.05,4440.57,Netherlands
cd1c5533,2024-09-10,Amazon,e357b0,Tablet,1651.99,3,0.0,4955.97,Denmark
dfc28eb6,2024-11-30,eBay,1d2929,Smartwatch,105.71,1,0.03,102.54,Dominican Republic
98eb92d5,2024-08-02,eBay,a31a6b,Tablet,1280.16,1,0.11,1139.34,Isle of Man
be89bd05,2024-11-07,Shopify,985e0f,Headphones,731.69,2,0.17,1214.61,Dominican Republic
792e4254,2024-05-16,eBay,6bdb31,Monitor,620.71,4,0.06,2333.87,Korea
788c6d89,2024-07-07,Shopify,d4ca82,Camera,815.55,4,0.24,2479.27,Jamaica
e9d6a66b,2024-09-10,Amazon,1ee1a3,Camera,716.94,1,0.23,552.04,Albania
ccadd996,2024-04-30,eBay,a846eb,Monitor,1672.87,3,0.21,3964.7,India
aeb0e087,2024-06-26,Shopify,dbef7f,Monitor,585.86,4,0.15,1991.92,Thailand
aad58ce1,2024-11-10,Amazon,4ae031,Smartwatch,1479.65,3,0.11,3950.67,Belarus
617c604a,2024-11-23,eBay,917678,Laptop,233.42,1,0.11,207.74,Macao
e78f7f55,2024-12-25,Amazon,fa4ec6,Tablet,1905.22,1,0.15,1619.44,Bolivia
f2d7a0f3,2024-11-22,eBay,b06873,Camera,1263.52,3,0.02,3714.75,Benin
310d9a3b,2024-10-23,Amazon,26c4a4,Monitor,1428.1,4,0.2,4569.92,Micronesia
7f69a5ff,2024-07-13,Amazon,f0bdd6,Tablet,631.18,1,0.11,561.75,Heard Island and McDonald Islands
e0dbd14d,2024-10-14,Shopify,27cb0b,Camera,853.59,2,0.07,1587.68,Belize
544441d8,2024-07-21,Amazon,f77cd7,Monitor,486.37,1,0.08,447.46,Sri Lanka
fe2af18a,2024-04-15,eBay,988e43,Camera,1868.45,4,0.05,7100.11,Anguilla
f71f6d10,2024-10-27,eBay,fca529,Smartwatch,1001.8,2,0.27,1462.63,Madagascar
4d1758ff,2024-08-26,Shopify,edb893,Laptop,1279.37,1,0.05,1215.4,Algeria
f5346320,2024-07-29,eBay,220330,Laptop,1481.83,4,0.26,4386.22,Jersey
3c8074fd,2024-04-18,eBay,f0a0a9,Monitor,773.66,4,0.17,2568.55,France
236e0aaf,2024-09-25,eBay,12960d,Camera,1454.2,1,0.26,1076.11,Mauritius
b66d54e6,2024-03-29,Amazon,bd2760,Smartwatch,1368.19,4,0.14,4706.57,Mali
c4c27c17,2024-10-26,Amazon,4f2b3b,Smartphone,1426.04,3,0.28,3080.25,Uganda
64395a64,2024-07-14,eBay,19b5a2,Tablet,1004.0,2,0.06,1887.52,France
67060e98,2024-09-10,Shopify,cba368,Tablet,796.73,3,0.17,1983.86,Belarus
59d56fcd,2024-07-12,Amazon,9449a0,Headphones,483.06,1,0.04,463.74,Iraq
6448a9e9,2024-06-06,Shopify,e83df1,Smartwatch,1658.02,3,0.13,4327.43,Yemen
e3b3589b,2024-07-20,eBay,04fbba,Camera,1236.28,1,0.17,1026.11,Mali
a18affd5,2024-03-30,eBay,b36e7f,Headphones,916.49,1,0.18,751.52,San Marino
4a9c0204,2024-12-20,Amazon,9b1a87,Monitor,1890.79,4,0.11,6731.21,Somalia
a337ef14,2024-02-26,eBay,463cbb,Camera,143.29,4,0.02,561.7,Malta
a34dca60,2024-05-07,Amazon,9cfc3a,Headphones,1707.84,1,0.2,1366.27,Djibouti
65a9b380,2024-11-30,eBay,3a42f2,Laptop,1995.29,2,0.15,3391.99,Nigeria
feaf83e4,2024-06-01,eBay,81c504,Tablet,1779.54,2,0.04,3416.72,Barbados
a6ac180d,2024-02-22,Amazon,1c2ab5,Camera,1630.35,2,0.28,2347.7,Togo
9cf1d612,2024-05-28,Amazon,4cfeed,Headphones,779.9,3,0.29,1661.19,Isle of Man
755889e5,2024-03-22,Amazon,bc6541,Laptop,501.06,1,0.26,370.78,Denmark
9d06e3e7,2024-05-01,eBay,7e30bd,Smartwatch,1482.96,4,0.25,4448.88,Puerto Rico
80123801,2024-05-31,eBay,0dcc28,Headphones,643.92,3,0.03,1873.81,South Africa
d8529fcd,2024-09-10,Shopify,a276cd,Monitor,393.28,3,0.3,825.89,Oman
d8efb6c0,2024-11-21,Amazon,cca090,Monitor,1583.73,4,0.12,5574.73,Poland
9bc2d58a,2024-09-08,eBay,5176bf,Monitor,659.46,1,0.05,626.49,New Zealand
f368831d,2024-11-23,eBay,d4681f,Camera,1833.16,3,0.24,4179.6,Panama
dbd95624,2024-05-17,Amazon,ad636f,Tablet,1689.23,1,0.07,1570.98,Korea
f5576d5e,2024-02-29,Shopify,884840,Headphones,1702.9,1,0.16,1430.44,Congo
4ac1852d,2024-02-11,Amazon,ac1c89,Smartwatch,1554.56,1,0.04,1492.38,Swaziland
004e4ed5,2024-08-02,Shopify,c497d3,Headphones,1767.72,4,0.14,6080.96,Pitcairn Islands
ffe68a62,2024-12-21,eBay,89f8c1,Tablet,1621.21,1,0.17,1345.6,Saint Pierre and Miquelon
8fb4cbbb,2024-07-03,Shopify,e6e2b7,Laptop,1224.9,3,0.13,3196.99,Qatar
b15e2931,2024-07-09,eBay,bd4f81,Tablet,626.85,4,0.02,2457.25,Puerto Rico
3f3f105c,2024-02-14,Amazon,fa3444,Monitor,1782.01,4,0.15,6058.83,Lithuania
12d0e2c4,2024-12-09,Amazon,87d06a,Camera,1689.18,3,0.14,4358.08,Lesotho
426e0143,2024-09-02,Amazon,55b71f,Laptop,972.11,4,0.08,3577.36,Qatar
a4ede7bd,2024-11-18,Shopify,a9f7fe,Camera,126.2,3,0.28,272.59,Tunisia
c5f01125,2024-04-04,eBay,012d8f,Monitor,1295.16,2,0.13,2253.58,Papua New Guinea
85bdc61d,2024-10-30,Amazon,2fa00c,Smartphone,148.66,3,0.26,330.03,Mongolia
67ca9a3a,2024-10-28,Amazon,f1658d,Tablet,1856.25,4,0.03,7202.25,Monaco
3fabb572,2024-12-21,eBay,6ab0c2,Tablet,1925.18,3,0.1,5197.99,United States Minor Outlying Islands
6767dfe6,2025-01-08,Amazon,041f06,Smartwatch,419.51,2,0.05,797.07,Aruba
853080ed,2024-07-03,eBay,547bd8,Headphones,1368.96,1,0.12,1204.68,Burkina Faso
d1b948a3,2024-09-24,eBay,361cb5,Laptop,229.92,1,0.03,223.02,Korea
467d9e16,2024-06-18,eBay,fe24e9,Camera,1472.56,1,0.13,1281.13,Uganda
2a70ba4a,2024-05-13,eBay,7f4d0d,Laptop,727.21,4,0.11,2588.87,Central African Republic
3fa8ba07,2024-04-15,eBay,a650c2,Smartwatch,1378.05,2,0.07,2563.17,Christmas Island
69f478b7,2024-08-04,Shopify,8611e8,Smartwatch,777.11,3,0.19,1888.38,American Samoa
53c12e9e,2024-10-07,Amazon,9ef790,Camera,333.86,3,0.29,711.12,Argentina
d7f3dd78,2024-08-15,Shopify,ba7748,Headphones,841.91,3,0.06,2374.19,India
88025a2a,2024-09-04,Amazon,b355cc,Camera,269.71,3,0.21,639.21,Norway
2bbf0607,2025-01-09,Shopify,1c1082,Camera,1174.92,4,0.22,3665.75,Heard Island and McDonald Islands
60a7feb1,2024-12-18,eBay,e533d4,Monitor,129.86,4,0.15,441.52,Niue
5fe72306,2024-04-30,Amazon,86ee45,Headphones,1078.27,2,0.27,1574.27,Poland
db787a8e,2024-09-06,Amazon,355138,Tablet,1778.42,3,0.29,3788.03,Bermuda
af901934,2024-05-05,Shopify,00fd16,Monitor,1683.85,1,0.11,1498.63,Brazil
2493f83b,2024-07-19,Shopify,554967,Smartphone,1771.42,4,0.2,5668.54,Saint Barthelemy
8697fe0c,2024-05-22,Amazon,7e283f,Headphones,1848.0,2,0.2,2956.8,Gabon
607e569a,2024-02-04,Shopify,07cad8,Smartwatch,253.83,2,0.12,446.74,Hong Kong
f240a376,2024-05-28,Shopify,0fdf89,Monitor,301.06,4,0.1,1083.82,Belize
279be73b,2024-09-09,Shopify,98ba63,Headphones,1136.16,1,0.28,818.04,French Southern Territories
c03bf269,2024-03-30,eBay,df184a,Laptop,1793.25,1,0.24,1362.87,Bhutan
b68c49e5,2024-02-09,eBay,837064,Camera,1949.98,3,0.03,5674.44,Spain
78dfcda3,2024-10-30,Shopify,69eb11,Smartphone,140.21,4,0.04,538.41,Algeria
fe7d8253,2024-11-26,Shopify,e83637,Tablet,743.76,1,0.28,535.51,Slovenia
9d264f6e,2024-07-19,eBay,e735cb,Camera,465.14,4,0.02,1823.35,Luxembourg
66e84522,2024-11-09,eBay,8d5bba,Laptop,1524.13,2,0.21,2408.13,Vanuatu
7b52ca28,2024-10-09,Amazon,8a6e18,Laptop,1298.38,2,0.07,2414.99,Turkmenistan
11533a12,2025-01-25,Amazon,35e9a6,Smartphone,283.78,2,0.01,561.88,Madagascar
b2fc9900,2024-09-12,eBay,18f76d,Tablet,992.87,4,0.02,3892.05,Montserrat
bc2596da,2024-04-30,Shopify,f3c4bb,Smartwatch,1386.61,3,0.11,3702.25,Morocco
d0e7dd98,2024-05-27,Shopify,5d025c,Monitor,1569.06,3,0.02,4613.04,Latvia
69fc60b9,2024-12-04,Shopify,5ec704,Tablet,89.1,1,0.18,73.06,Yemen
42cadd08,2024-07-01,Shopify,a4b5a1,Headphones,1786.42,4,0.19,5788.0,Slovakia (Slovak Republic)
f753bdc5,2024-10-02,Amazon,6e336b,Laptop,1160.1,3,0.11,3097.47,Uganda
7a7d1258,2024-09-10,eBay,2e5695,Headphones,1633.22,4,0.22,5095.65,Tajikistan
d4362437,2025-01-21,Shopify,e6d7ab,Smartwatch,1625.48,3,0.15,4144.97,Czech Republic
406836eb,2024-10-21,Amazon,884be6,Headphones,420.21,2,0.13,731.17,Costa Rica
c2d2e107,2025-01-19,Shopify,a2bd78,Tablet,264.84,2,0.12,466.12,Albania
10d29be9,2024-08-28,eBay,a511a8,Headphones,1456.51,1,0.13,1267.16,Cape Verde
5e786871,2024-08-27,Amazon,6bed41,Smartwatch,355.03,2,0.29,504.14,Comoros
f23e6eb8,2025-01-14,eBay,09eb3b,Smartwatch,1707.38,3,0.2,4097.71,Canada
8d1f3d52,2024-05-06,eBay,e8eb3d,Smartwatch,1466.07,1,0.09,1334.12,Pitcairn Islands
73b6f8f3,2024-09-24,Amazon,93db1a,Tablet,1691.56,1,0.22,1319.42,Jersey
1352d70f,2024-11-06,Amazon,ee1c4e,Smartwatch,633.07,2,0.1,1139.53,Suriname
1f638320,2024-06-07,Amazon,971d51,Laptop,667.37,4,0.04,2562.7,Israel
52996b6f,2024-05-20,Amazon,dc35ea,Camera,1358.88,2,0.14,2337.27,Congo
65a5cd3f,2024-03-13,Amazon,2f7424,Smartwatch,111.32,2,0.23,171.43,Central African Republic
086c0730,2024-02-13,Amazon,915cb5,Headphones,1466.67,1,0.11,1305.34,Antigua and Barbuda
b6f696f0,2024-07-24,Amazon,3b7a23,Monitor,1679.78,2,0.26,2486.07,India
97217224,2024-04-09,Shopify,a2d0e4,Headphones,859.57,3,0.12,2269.26,Paraguay
23fd385f,2024-09-09,eBay,5aca39,Monitor,1541.51,1,0.1,1387.36,Vietnam
a23518fb,2025-01-21,Amazon,2187db,Headphones,390.49,2,0.3,546.69,Greece
3df01bad,2024-07-30,Shopify,3b7cfb,Tablet,678.41,4,0.14,2333.73,Svalbard & Jan Mayen Islands
14524488,2024-10-01,Shopify,29b868,Headphones,1949.89,3,0.24,4445.75,Uruguay
43cbb03f,2024-10-09,Shopify,ee8207,Tablet,1973.34,4,0.24,5998.95,Mongolia
404e4455,2024-07-25,eBay,f69490,Tablet,1049.58,3,0.28,2267.09,Gibraltar
7ba39a72,2024-09-19,Amazon,a4c96f,Smartwatch,1871.83,4,0.03,7262.7,United Arab Emirates
ee458ef4,2024-06-26,Shopify,11fe7f,Laptop,1069.32,2,0.08,1967.55,United States Virgin Islands
103939b1,2024-11-03,eBay,5ecba6,Monitor,618.6,3,0.23,1428.97,Tuvalu
e402f1ca,2024-10-01,eBay,c43211,Smartwatch,570.45,1,0.17,473.47,Hong Kong
7d0aaac7,2024-06-12,eBay,4bddee,Smartwatch,1862.54,1,0.17,1545.91,Venezuela
3293d84c,2025-02-02,Shopify,ebdb93,Camera,386.27,4,0.05,1467.83,Mozambique
4eacc8de,2024-04-03,Amazon,7f0b88,Tablet,1180.28,4,0.08,4343.43,Georgia
2f5ed004,2024-04-23,Shopify,efb087,Tablet,1133.27,4,0.16,3807.79,Greece
83267ee9,2024-06-10,Shopify,3e3288,Monitor,1492.26,3,0.08,4118.64,Korea
a98971e4,2024-03-08,Amazon,82ea9a,Headphones,1023.52,1,0.06,962.11,Norfolk Island
3ab4ef9b,2024-08-28,Amazon,0c4a56,Headphones,580.96,2,0.03,1127.06,Faroe Islands
695e01a5,2024-03-09,Amazon,7ffdf6,Smartwatch,380.32,3,0.05,1083.91,Brunei Darussalam
89151b2b,2024-05-23,eBay,60efb7,Smartphone,1260.6,4,0.23,3882.65,Uganda
7a21eb83,2024-04-07,Amazon,4d56cb,Smartphone,1452.03,1,0.22,1132.58,Kuwait
6f3b9883,2024-11-29,Shopify,b92d27,Headphones,1160.57,4,0.01,4595.86,Portugal
632b5b09,2024-08-10,Amazon,2753f3,Smartphone,1489.78,2,0.06,2800.79,Moldova
99101cc1,2024-10-11,Shopify,2cb807,Camera,325.97,2,0.17,541.11,Mali
f48e7533,2024-11-11,eBay,a6113c,Headphones,1770.82,1,0.1,1593.74,Sierra Leone
c9be06f7,2024-03-10,Shopify,4f1853,Tablet,1185.67,3,0.25,2667.76,Jordan
21059063,2024-12-11,Shopify,17a793,Smartwatch,297.35,2,0.24,451.97,Burundi
1a441513,2025-01-03,Amazon,b8d95f,Laptop,950.75,2,0.27,1388.1,New Zealand
bb027e22,2024-12-08,Amazon,14872c,Smartwatch,1697.34,2,0.17,2817.58,Cambodia
5561b124,2024-11-29,Shopify,1635f0,Headphones,1800.25,2,0.11,3204.44,India
58f26b42,2024-10-09,Amazon,42ef95,Camera,566.07,4,0.18,1856.71,Korea
5939fc23,2024-06-04,eBay,474130,Headphones,1436.97,4,0.03,5575.44,Saint Barthelemy
57c9ec07,2024-09-22,eBay,d3fe3d,Smartwatch,244.97,3,0.0,734.91,Kenya
a8720fb1,2024-04-13,Amazon,44aea2,Camera,115.41,1,0.01,114.26,San Marino
804b5495,2024-08-21,eBay,3695cc,Camera,1142.78,1,0.12,1005.65,Hungary
d7526fe8,2024-07-21,Amazon,bdc55c,Camera,1404.91,1,0.07,1306.57,Costa Rica
049961d5,2024-09-27,Shopify,922854,Monitor,1601.78,2,0.05,3043.38,Malta
ea8a83be,2024-08-16,Shopify,f3ec58,Headphones,713.42,4,0.18,2340.02,Panama
7d94aefc,2024-03-11,eBay,c3ce63,Smartphone,62.72,4,0.3,175.62,Bolivia
79173e1a,2024-06-09,Amazon,dc0864,Smartphone,985.06,3,0.05,2807.42,Tajikistan
a218f792,2024-09-01,Amazon,158137,Headphones,80.91,1,0.16,67.96,Italy
de3d8c80,2024-04-22,eBay,b39176,Headphones,229.37,4,0.04,880.78,Bermuda
09446095,2024-05-17,Shopify,e86b91,Monitor,687.04,3,0.28,1484.01,Venezuela
4ec42a72,2024-12-27,eBay,53597f,Smartphone,902.49,1,0.09,821.27,Palau
e29d370f,2024-10-13,Shopify,0cac59,Headphones,594.97,2,0.26,880.56,Puerto Rico
ae5d94ed,2024-07-30,Amazon,ec3120,Headphones,1184.64,4,0.08,4359.48,Tunisia
158db80c,2024-05-22,Shopify,fe5821,Monitor,157.93,4,0.24,480.11,British Virgin Islands
691fd92a,2024-02-22,eBay,00d0fe,Monitor,331.93,1,0.06,312.01,Palau
5eb6f80b,2024-07-30,Amazon,7c8734,Smartwatch,1405.75,2,0.09,2558.46,Austria
9af932fa,2025-01-14,eBay,82243a,Monitor,327.17,2,0.06,615.08,Aruba
f3b6cd48,2025-01-29,eBay,41d039,Laptop,1297.56,4,0.08,4775.02,North Macedonia
d504aa65,2024-06-05,Shopify,10cd87,Smartphone,156.64,1,0.25,117.48,South Africa
2bdaadff,2024-02-10,eBay,0050b7,Smartwatch,844.4,3,0.19,2051.89,Honduras
a734e694,2024-02-19,Shopify,99b700,Laptop,395.95,4,0.12,1393.74,Mauritania
e94217b7,2024-12-11,Amazon,225806,Headphones,263.79,2,0.29,374.58,Greece
fec2c988,2024-03-14,Shopify,c3af9e,Headphones,1155.71,3,0.14,2981.73,Tajikistan
63159494,2025-01-19,Amazon,b0df4a,Smartwatch,1860.25,1,0.29,1320.78,Guernsey
b0e384c9,2024-02-04,Shopify,cbb6e4,Monitor,156.83,2,0.06,294.84,Dominica
28ec4e54,2024-04-25,eBay,47f4e7,Camera,872.03,3,0.27,1909.75,Tuvalu
840bdba3,2024-06-01,Shopify,97211c,Camera,1429.69,4,0.0,5718.76,Malawi
ea752a37,2024-11-19,Shopify,0de881,Headphones,952.24,2,0.16,1599.76,Cayman Islands
04e24fa3,2024-03-25,Amazon,d9ed4b,Camera,1622.67,1,0.13,1411.72,Cook Islands
01397842,2024-12-09,eBay,23039d,Tablet,400.31,2,0.16,672.52,Niue
ac3a72f6,2024-10-01,Shopify,24d662,Smartwatch,1921.21,4,0.17,6378.42,Jersey
a64910e2,2024-11-25,eBay,97a0a3,Laptop,801.07,1,0.12,704.94,Comoros
abc743d2,2024-12-01,Shopify,03caa8,Smartwatch,716.06,4,0.3,2004.97,Antarctica (the territory South of 60 deg S)
91b69f90,2024-02-11,Shopify,77f960,Smartphone,1755.48,3,0.29,3739.17,Bolivia
0a302e0b,2024-05-22,eBay,075ce8,Monitor,1149.54,2,0.29,1632.35,Greenland
510f3587,2024-02-04,Shopify,6acc81,Monitor,1057.07,4,0.29,3002.08,Ghana
e612d633,2024-05-08,eBay,13133f,Smartwatch,1467.61,3,0.24,3346.15,Turks and Caicos Islands
f5dee6a8,2024-12-11,Shopify,68ffaa,Headphones,1180.68,1,0.3,826.48,Ghana
896f2381,2024-08-13,Amazon,9a3628,Headphones,366.91,1,0.27,267.84,Saint Martin
b15b0c49,2024-12-01,eBay,415c6b,Tablet,1364.69,3,0.12,3602.78,Fiji
a0dec81f,2024-09-20,Shopify,7ac975,Tablet,310.26,3,0.24,707.39,Solomon Islands
4fc69d86,2024-10-12,Shopify,956eb2,Monitor,1621.42,1,0.27,1183.64,Northern Mariana Islands
e6486f81,2024-10-29,Amazon,378d72,Tablet,1979.99,4,0.21,6256.77,Guinea
4f2099a8,2024-07-06,eBay,bf239d,Laptop,785.91,3,0.13,2051.23,Chad
75c3519f,2024-08-19,Shopify,03425e,Tablet,917.27,4,0.02,3595.7,Iraq
11a0ee0c,2024-10-21,Amazon,882ec0,Laptop,140.55,1,0.24,106.82,Equatorial Guinea
16660c0d,2024-09-13,Shopify,bb6c30,Tablet,76.78,4,0.29,218.06,French Guiana
85d9a610,2024-08-10,eBay,6b4629,Monitor,1846.77,4,0.11,6574.5,Northern Mariana Islands
cd899e55,2025-01-04,Shopify,0c2566,Monitor,300.82,3,0.05,857.34,Botswana
c47e76d3,2024-07-24,Shopify,d93f02,Laptop,919.27,4,0.1,3309.37,Cameroon
b79a1903,2024-09-20,Shopify,040eef,Smartwatch,1639.94,4,0.17,5444.6,Mauritius
29648505,2025-01-26,Shopify,3c46a2,Monitor,1784.17,4,0.1,6423.01,Turkey
46ca22e4,2024-10-13,Amazon,ebf269,Smartwatch,1062.83,1,0.18,871.52,Vietnam
91377bd8,2024-08-27,Amazon,b7721a,Headphones,1151.81,1,0.29,817.79,Cameroon
6367bc22,2024-04-17,eBay,654fba,Laptop,1355.88,2,0.2,2169.41,Benin
ef9bc332,2024-08-24,Amazon,ae1125,Camera,1924.7,1,0.11,1712.98,New Caledonia
03f80c37,2024-10-03,Amazon,9d62ab,Monitor,1225.21,1,0.28,882.15,Bulgaria
d04f709b,2024-02-06,eBay,4bd9cc,Smartphone,1140.98,2,0.17,1894.03,Bulgaria
b3db5e03,2024-02-04,Amazon,5cf721,Headphones,78.34,2,0.04,150.41,Colombia
5d2c8bf2,2024-06-23,Amazon,5a9bcd,Smartwatch,207.85,3,0.15,530.02,Kiribati
b79e8c1b,2024-03-14,eBay,ae7c7f,Monitor,1175.48,3,0.2,2821.15,Vanuatu
0aa986c4,2024-07-31,eBay,e040f3,Laptop,1875.67,1,0.25,1406.75,Paraguay
7972f0d1,2024-03-22,eBay,02ff4d,Camera,1740.05,4,0.28,5011.34,Israel
9605cf06,2024-04-04,Shopify,0051e7,Tablet,1966.03,3,0.1,5308.28,Costa Rica
deb012e8,2024-04-10,Shopify,176d76,Camera,1079.28,3,0.05,3075.95,Niue
c5910226,2024-07-06,eBay,7ed336,Smartphone,1586.47,1,0.02,1554.74,United States of America
81606766,2024-11-06,eBay,5c3f3f,Smartwatch,1688.78,4,0.22,5268.99,Angola
800b4355,2025-01-05,eBay,5cc979,Headphones,1313.66,2,0.24,1996.76,Suriname
7f02765c,2025-01-11,Shopify,9fa473,Camera,710.56,2,0.12,1250.59,South Africa
1732dac6,2024-06-11,Shopify,fc6775,Laptop,966.46,1,0.12,850.48,Botswana
d11d1181,2024-10-10,Amazon,83eb6a,Smartphone,1722.94,1,0.29,1223.29,Somalia
be8bb0e0,2024-12-20,Amazon,ec1b46,Laptop,632.17,4,0.28,1820.65,Central African Republic
348db1ce,2024-07-28,eBay,dfd37e,Monitor,1851.3,1,0.07,1721.71,French Southern Territories
6a6bcbb8,2024-11-05,Shopify,882ce2,Tablet,498.12,1,0.23,383.55,United Kingdom
ebc80ff1,2024-08-04,Shopify,b0ec7a,Headphones,1511.56,1,0.19,1224.36,Anguilla
50a2af7c,2024-08-22,Shopify,5dc487,Laptop,1279.59,4,0.05,4862.44,Turkey
c74cfe24,2025-01-15,eBay,1dbba2,Smartwatch,1511.72,1,0.11,1345.43,Portugal
d8fbf317,2024-04-04,Amazon,b54f01,Monitor,902.83,3,0.05,2573.07,United States Virgin Islands
1b2be9c0,2024-06-14,eBay,180329,Monitor,1868.65,4,0.09,6801.89,Wallis and Futuna
94685033,2024-09-15,Amazon,4fddeb,Headphones,1283.32,3,0.18,3156.97,Yemen
e33639bd,2024-12-09,Amazon,6d707f,Monitor,612.18,4,0.11,2179.36,British Virgin Islands
c7e27b11,2024-06-27,eBay,eaf812,Smartwatch,1294.99,3,0.12,3418.77,Serbia
6ee84776,2024-09-09,Amazon,e1dc85,Laptop,609.29,4,0.16,2047.21,Gambia
f82c2659,2024-03-16,Amazon,84fcbe,Headphones,622.58,2,0.03,1207.81,Vanuatu
4671994d,2024-02-18,Shopify,45255c,Monitor,829.22,1,0.22,646.79,Mali
8e210b59,2025-01-24,Amazon,546bbb,Monitor,1712.24,1,0.12,1506.77,Egypt
e0a83f2a,2024-10-18,eBay,8f0855,Smartwatch,1025.58,4,0.14,3528.0,Portugal
aec2457c,2024-10-01,eBay,2dfdd9,Tablet,1373.86,3,0.29,2926.32,Wallis and Futuna
36ebf44a,2024-07-01,Amazon,fbf92b,Tablet,814.34,2,0.1,1465.81,Micronesia
ec50a1f5,2024-06-29,Shopify,e6ff2a,Camera,564.03,3,0.19,1370.59,Maldives
0c666f6e,2024-08-24,Shopify,d59965,Monitor,1911.55,1,0.12,1682.16,Reunion
19d12252,2024-03-15,Amazon,6f80bf,Laptop,1226.98,1,0.27,895.7,Thailand
f2d7b733,2025-01-10,Amazon,792cae,Headphones,1871.21,3,0.25,4210.22,Sao Tome and Principe
36266239,2024-05-26,eBay,7b333d,Monitor,446.66,4,0.07,1661.58,Northern Mariana Islands
a01f883d,2024-05-12,Amazon,e34f5e,Smartphone,336.44,4,0.21,1063.15,Christmas Island
8c4ea887,2024-11-10,Shopify,20776d,Headphones,1718.85,3,0.02,5053.42,Belize
72f1f946,2024-08-22,Amazon,534e01,Camera,1377.79,1,0.29,978.23,Paraguay
a88ba8a5,2024-04-13,eBay,4cc010,Tablet,413.83,3,0.1,1117.34,Turks and Caicos Islands
65702b83,2025-02-03,eBay,6439e2,Monitor,575.25,1,0.25,431.44,Slovakia (Slovak Republic)
417e883e,2024-02-20,eBay,782028,Smartwatch,1611.29,3,0.1,4350.48,Guyana
dbf66c7c,2025-01-30,eBay,2c1446,Smartphone,935.04,4,0.19,3029.53,Belarus
474e86c8,2025-01-02,eBay,a62921,Monitor,1357.55,2,0.3,1900.57,Guinea
b3e9953c,2024-09-09,Amazon,0cd16f,Camera,670.79,1,0.26,496.38,Barbados
710212d8,2025-01-05,Amazon,313251,Laptop,793.4,2,0.05,1507.46,Turks and Caicos Islands
3838d5fe,2024-02-17,Amazon,fd4afc,Smartphone,1981.89,4,0.16,6659.15,Saint Kitts and Nevis
4721baee,2024-04-22,Amazon,f60e81,Camera,532.85,3,0.1,1438.7,Greenland
87532d9a,2024-09-30,eBay,a09f37,Monitor,1037.59,4,0.13,3610.81,Nigeria
e748ed93,2024-09-14,Shopify,5cffc5,Laptop,1696.58,2,0.1,3053.84,Saint Lucia
0ed5db0b,2024-06-25,Amazon,4c20de,Smartphone,516.49,4,0.1,1859.36,Holy See (Vatican City State)
21674b67,2024-04-17,Shopify,79201b,Laptop,859.67,4,0.16,2888.49,Haiti
38a08849,2024-11-06,Amazon,1eb60f,Laptop,1249.43,3,0.06,3523.39,Czech Republic
c83c0c6b,2024-05-13,Amazon,5c12f1,Smartphone,988.32,2,0.16,1660.38,Montenegro
935324c1,2024-09-23,Shopify,25dbd3,Smartphone,946.03,2,0.08,1740.7,Albania
82f62a93,2025-01-04,eBay,c13710,Laptop,756.89,2,0.09,1377.54,Sao Tome and Principe
6927f479,2025-01-26,Amazon,a426cc,Camera,1193.96,1,0.22,931.29,Cook Islands
99e509a9,2024-10-28,Amazon,f80013,Tablet,1267.53,4,0.01,5019.42,Yemen
760f5cda,2024-05-11,Amazon,2fb92b,Smartphone,1323.91,2,0.11,2356.56,Holy See (Vatican City State)
952823c5,2024-07-04,Shopify,153f5c,Monitor,187.22,4,0.12,659.01,Moldova
12c0a1cf,2024-08-14,eBay,0f9f53,Headphones,1280.52,3,0.15,3265.33,Botswana
34dc6bc6,2024-08-29,Shopify,bf8aa7,Smartwatch,1908.81,3,0.2,4581.14,Turkey
e8f2780d,2024-11-13,Shopify,82b0f3,Laptop,1104.92,1,0.11,983.38,Martinique
5ea11c18,2024-12-12,eBay,156880,Laptop,1444.77,1,0.06,1358.08,Hong Kong
3d46267f,2024-02-28,Shopify,3851d8,Smartwatch,1135.63,3,0.27,2487.03,Iran
5be25971,2024-07-05,eBay,006bc2,Tablet,1716.74,2,0.29,2437.77,Hungary
86924698,2024-03-22,Amazon,5a3e87,Smartwatch,1862.69,3,0.01,5532.19,Canada
00607fc1,2024-11-02,eBay,df04ad,Smartphone,409.23,4,0.16,1375.01,Armenia
c6b75665,2024-11-26,Amazon,b15a5a,Smartwatch,901.88,1,0.1,811.69,Mauritius
70e83c17,2024-08-04,Shopify,314897,Laptop,815.15,1,0.08,749.94,Honduras
a9123e7d,2024-12-03,Shopify,e10255,Smartwatch,840.17,3,0.1,2268.46,British Virgin Islands
a05e750f,2024-03-25,Amazon,11366d,Headphones,294.77,2,0.19,477.53,Guernsey
16977019,2024-07-24,Shopify,ea8f30,Monitor,1636.55,2,0.06,3076.71,Kyrgyz Republic
5d93bb09,2024-02-22,eBay,ca9173,Smartphone,119.74,4,0.27,349.64,Guernsey
586def83,2024-11-01,Amazon,816244,Smartwatch,1080.04,1,0.14,928.83,Malawi
968d70d4,2024-08-17,Shopify,5e69ac,Laptop,1340.66,3,0.1,3619.78,Trinidad and Tobago
ab3eecff,2024-12-09,Amazon,9d766a,Camera,454.57,3,0.23,1050.06,Samoa
3bba5f6f,2024-10-26,eBay,e7df45,Monitor,1816.41,1,0.0,1816.41,Cuba
218bae47,2024-06-12,eBay,632d84,Smartphone,1685.17,3,0.13,4398.29,Slovenia
701cf4f1,2025-01-07,Shopify,91c565,Laptop,968.61,1,0.11,862.06,Grenada
a8a8285b,2025-01-23,eBay,be38e1,Tablet,851.74,2,0.1,1533.13,Australia
718f55c5,2024-10-01,Amazon,3148db,Headphones,511.31,2,0.1,920.36,Cocos (Keeling) Islands
344b3a2f,2024-02-14,eBay,36f918,Tablet,1473.49,3,0.01,4376.27,Anguilla
838e643b,2024-11-10,Amazon,d4ccc0,Headphones,306.9,2,0.05,583.11,Bermuda
f0cd95a5,2024-05-08,Amazon,4afaa0,Smartwatch,1376.46,2,0.04,2642.8,Senegal
8adf62a1,2025-01-16,eBay,b0621b,Smartphone,1692.79,4,0.3,4739.81,Equatorial Guinea
b688d6b0,2024-09-29,Shopify,4659e7,Smartwatch,495.52,1,0.01,490.56,Vietnam
e1b092b1,2024-05-16,eBay,f013cb,Headphones,1739.53,1,0.05,1652.55,Lesotho
b844c362,2024-12-21,Amazon,28396d,Headphones,114.98,3,0.29,244.91,Tuvalu
54b6db24,2024-11-19,Amazon,b316bf,Headphones,1829.94,1,0.19,1482.25,Botswana
c91d71d0,2024-12-14,eBay,ac6705,Monitor,280.81,4,0.14,965.99,Faroe Islands
caf67ff3,2024-11-07,Shopify,5739e3,Laptop,1309.23,3,0.02,3849.14,Christmas Island
f63cd27b,2024-10-15,Shopify,8d5e78,Smartphone,537.66,3,0.2,1290.38,Somalia
9070e1d0,2024-06-04,Amazon,4bbb29,Smartwatch,1681.28,1,0.04,1614.03,Lebanon
be84a98a,2025-01-22,Amazon,2af309,Smartwatch,1048.99,2,0.2,1678.38,Moldova
d3a73d5d,2024-02-11,Shopify,a0bd4a,Tablet,313.72,2,0.29,445.48,Germany
1c540b69,2025-01-16,eBay,25f39d,Headphones,1163.43,2,0.16,1954.56,New Zealand
29f6daad,2024-05-15,Amazon,02f1c6,Camera,845.37,2,0.06,1589.3,Austria
a068e083,2024-07-08,Amazon,061230,Headphones,1339.82,4,0.19,4341.02,Micronesia
a138ed39,2024-03-14,Shopify,b225b3,Headphones,1769.71,3,0.15,4512.76,Holy See (Vatican City State)
02a1be3d,2025-01-06,eBay,32fdf3,Camera,848.31,2,0.16,1425.16,Bolivia
0d007b9a,2024-05-06,Shopify,9b97f8,Smartwatch,615.27,4,0.14,2116.53,Micronesia
3f151544,2024-12-01,eBay,1524f6,Tablet,78.3,3,0.2,187.92,Taiwan
b0671005,2024-09-28,eBay,a9cde6,Laptop,1170.94,1,0.17,971.88,Algeria
5ceca7d7,2025-01-30,eBay,686ff5,Camera,834.44,1,0.3,584.11,Aruba
e0affe0c,2024-12-28,Amazon,24e1e7,Monitor,780.57,4,0.25,2341.71,Korea
24a9f747,2024-12-21,Shopify,040631,Smartphone,406.72,3,0.08,1122.55,Seychelles
753c0e53,2024-04-11,Shopify,9347ca,Camera,888.61,2,0.22,1386.23,Yemen
532a2855,2024-03-08,eBay,97b2d3,Laptop,1969.66,3,0.06,5554.44,Swaziland
8d43dcc2,2024-07-28,Amazon,e3438f,Smartwatch,630.62,2,0.23,971.15,Grenada
c3d2b4ca,2024-12-04,Amazon,e9f7a8,Monitor,1219.42,4,0.04,4682.57,Palau
118abb67,2025-01-14,Shopify,98acdb,Monitor,1564.15,2,0.14,2690.34,Comoros
3ccb4232,2025-01-02,Amazon,3c2c10,Monitor,1510.86,4,0.24,4593.01,Ghana
7159aae2,2024-09-30,Amazon,b70b6e,Headphones,691.11,3,0.08,1907.46,Madagascar
d0f74346,2024-05-27,eBay,5dc263,Smartphone,1241.18,3,0.25,2792.66,Palestinian Territory
72187c3f,2024-03-07,Amazon,406079,Smartwatch,1748.97,2,0.19,2833.33,Cote d'Ivoire
b8347fbf,2024-08-02,eBay,664432,Smartwatch,80.12,3,0.12,211.52,Antigua and Barbuda
1826767d,2024-09-14,Shopify,e89883,Monitor,899.68,2,0.13,1565.44,South Georgia and the South Sandwich Islands
0a55db62,2024-08-18,Amazon,f8713b,Smartwatch,487.33,3,0.28,1052.63,Sri Lanka
1aea5fe2,2024-08-24,Shopify,be5e66,Smartphone,807.83,1,0.07,751.28,Canada
0b3fbd44,2024-06-25,Shopify,a81b5b,Smartphone,861.18,2,0.21,1360.66,Wallis and Futuna
09d4db2c,2024-02-28,Amazon,dc46fc,Tablet,1506.01,4,0.21,4758.99,Niue
901c4411,2024-07-16,Amazon,3371f5,Camera,232.95,1,0.28,167.72,British Virgin Islands
8221792b,2024-05-08,Shopify,b0ffb7,Camera,1049.54,4,0.21,3316.55,Mauritius
c5578be5,2024-03-07,Amazon,536047,Tablet,1150.18,3,0.18,2829.44,Solomon Islands
9217bdd0,2024-04-12,eBay,edb40b,Laptop,1013.61,1,0.27,739.94,Philippines
ecbe0765,2024-08-02,eBay,0d271c,Camera,1477.15,3,0.25,3323.59,Saint Helena
bd72a479,2024-04-30,Amazon,6d52a6,Smartphone,798.39,2,0.22,1245.49,Taiwan
a2d47230,2024-03-03,Shopify,4578cf,Smartphone,1892.69,4,0.01,7495.05,Malta
02752dec,2024-08-13,Amazon,e8f369,Camera,989.52,3,0.11,2642.02,Cyprus
dd294d0c,2024-08-18,Amazon,5e6c8c,Smartphone,1163.87,4,0.19,3770.94,Ireland
3bd33ed2,2024-08-12,Shopify,562932,Tablet,1659.79,4,0.16,5576.89,Cape Verde
a94daf8e,2024-10-24,Shopify,dc00f8,Monitor,586.71,3,0.1,1584.12,British Indian Ocean Territory (Chagos Archipelago)
d47e412d,2025-01-29,eBay,918870,Monitor,196.64,2,0.04,377.55,Armenia
150aca1a,2024-12-18,Shopify,77da0e,Smartwatch,1430.18,4,0.17,4748.2,Poland
45a83953,2024-06-05,eBay,4cd904,Monitor,991.87,3,0.09,2707.81,Germany
8d871e9d,2024-04-26,Shopify,a9d772,Headphones,1798.18,2,0.07,3344.61,Faroe Islands
dd7a47e6,2024-02-10,Amazon,e3608a,Tablet,1966.23,3,0.12,5190.85,Palau
de5a3ec9,2024-04-04,eBay,ae4da9,Smartphone,828.26,2,0.24,1258.96,Iceland
b3ef69d4,2024-05-01,eBay,38ed22,Camera,860.11,4,0.15,2924.37,Reunion
4edef132,2024-02-13,eBay,6cd082,Monitor,845.53,1,0.06,794.8,Finland
fdfa6984,2024-11-04,Amazon,b0e9c6,Tablet,682.88,3,0.04,1966.69,Andorra
91bd60e5,2024-04-13,Amazon,2f4474,Monitor,1574.29,4,0.15,5352.59,Portugal
e3502c8d,2024-10-11,Amazon,24f574,Laptop,1530.04,3,0.24,3488.49,Burkina Faso
eb9f9271,2024-04-24,Amazon,65216f,Smartphone,983.36,3,0.2,2360.06,Heard Island and McDonald Islands
6a34fc16,2024-03-18,Amazon,da1609,Laptop,137.09,2,0.07,254.99,United States Minor Outlying Islands
4e108ccc,2024-08-04,eBay,394fcb,Smartphone,653.64,3,0.13,1706.0,Barbados
782b8ac8,2024-12-10,Amazon,ece525,Tablet,619.99,2,0.26,917.59,Kazakhstan
c70b051d,2024-03-13,eBay,e2f75a,Smartwatch,1631.62,4,0.05,6200.16,Hungary
2e6812df,2024-04-03,Amazon,dddabc,Monitor,220.77,3,0.16,556.34,Venezuela
6a9d45a9,2024-12-19,Shopify,f666de,Monitor,1621.07,4,0.11,5771.01,Comoros
484b64ea,2024-05-27,eBay,7516c6,Headphones,1354.91,1,0.04,1300.71,Monaco
2a6f89b5,2025-01-26,Shopify,6a1285,Camera,1478.26,4,0.01,5853.91,Costa Rica
5f8a090d,2024-07-22,eBay,425a89,Laptop,892.82,3,0.17,2223.12,Grenada
df4c639c,2024-11-24,Shopify,d6e672,Monitor,1375.47,1,0.01,1361.72,Angola
685747fd,2024-04-13,Amazon,23018a,Tablet,1237.61,2,0.03,2400.96,Senegal
5142bd63,2024-03-19,Amazon,859b49,Smartwatch,1549.51,1,0.1,1394.56,Uruguay
39b1f39e,2024-02-07,Amazon,aa9b6f,Camera,921.2,3,0.01,2735.96,Cape Verde
bd1a7e34,2024-11-08,eBay,aaff42,Tablet,972.01,3,0.12,2566.11,Paraguay
fd704139,2024-03-07,Shopify,7d7f7c,Laptop,1304.97,4,0.04,5011.08,Mayotte
c2a0f483,2025-01-11,Amazon,04bc17,Headphones,260.75,2,0.1,469.35,Malawi
81e7bf72,2024-11-27,Shopify,b695f6,Monitor,900.68,3,0.24,2053.55,Cocos (Keeling) Islands
1c676497,2024-11-24,Shopify,f8c191,Tablet,1945.3,3,0.19,4727.08,Belize
5c36570b,2024-06-27,Amazon,e9d76c,Camera,123.23,2,0.13,214.42,Mayotte
3b4ba94f,2024-07-23,Amazon,440d32,Smartphone,666.21,2,0.03,1292.45,Montserrat
ac727539,2025-01-26,Shopify,28fe0c,Smartwatch,662.51,4,0.19,2146.53,Cayman Islands
91808515,2024-08-06,Amazon,10ac8f,Camera,1285.26,1,0.05,1221.0,Egypt
ac958ab7,2024-10-16,Amazon,6da163,Tablet,256.31,2,0.02,502.37,Italy
d6d3f60c,2024-07-05,Amazon,1d82a1,Smartwatch,1275.66,3,0.2,3061.58,Fiji
4dfe4c79,2024-02-05,eBay,7d45ea,Monitor,235.33,2,0.27,343.58,Botswana
d3f826e4,2024-10-28,Shopify,34af86,Smartphone,235.16,3,0.14,606.71,Togo
05d16c1d,2024-07-07,Shopify,baec8d,Headphones,1469.96,4,0.01,5821.04,French Guiana
8b6f4a9e,2024-09-17,eBay,b1db9a,Camera,682.06,1,0.26,504.72,Tonga
c9bff140,2024-08-17,Shopify,206754,Headphones,1955.97,4,0.02,7667.4,Heard Island and McDonald Islands
fbd958d5,2024-07-15,Amazon,d272d2,Smartphone,122.84,2,0.26,181.8,Jersey
84af616b,2024-09-22,Shopify,6e181a,Smartwatch,917.96,3,0.12,2423.41,Anguilla
2881b9eb,2024-06-13,Amazon,2998d1,Monitor,270.62,2,0.11,481.7,Comoros
03115c3f,2024-02-11,eBay,6e2dc3,Tablet,735.19,2,0.16,1235.12,Dominica
4a59cf34,2024-07-04,Amazon,21327c,Smartphone,1996.53,2,0.29,2835.07,Liberia
5672a2d6,2024-05-08,Shopify,22650e,Laptop,1783.24,2,0.27,2603.53,Gibraltar
3b5a97f2,2024-12-01,Shopify,bb1658,Smartwatch,144.23,1,0.14,124.04,Israel
a5c90272,2024-09-04,Shopify,c182cd,Headphones,1148.35,3,0.21,2721.59,Malawi
9e7e0b6c,2024-05-19,eBay,3b299a,Camera,1313.25,2,0.17,2180.0,Slovenia
4070c841,2025-01-28,eBay,c0a5a6,Smartphone,458.59,3,0.21,1086.86,Swaziland
f1f34fb4,2025-01-30,Shopify,2c00da,Headphones,332.96,1,0.25,249.72,Syrian Arab Republic
c0637023,2024-10-15,Amazon,f9f61a,Smartwatch,1813.54,3,0.01,5386.21,Canada
d205a352,2024-07-06,eBay,a134ce,Headphones,1939.19,3,0.1,5235.81,Palau
fce4b5bc,2024-12-28,Shopify,b198f9,Smartphone,1984.19,1,0.29,1408.77,Montenegro
24c004fe,2024-12-10,Shopify,c94a4f,Smartwatch,1590.04,2,0.28,2289.66,Equatorial Guinea
16ad52a0,2024-08-12,eBay,0826c1,Laptop,1343.83,3,0.0,4031.49,El Salvador
f1e3a743,2024-07-19,eBay,be347d,Smartphone,724.17,4,0.06,2722.88,Mongolia
ecc45310,2024-04-26,eBay,556a27,Tablet,384.23,3,0.3,806.88,Isle of Man
f251faa8,2024-05-16,Amazon,0aa660,Monitor,204.01,2,0.15,346.82,Eritrea
aa71e495,2024-04-17,Amazon,0f16d4,Smartphone,1401.93,4,0.17,4654.41,Faroe Islands
f9bfc9ff,2024-11-07,Shopify,b34f0a,Smartwatch,1580.21,2,0.05,3002.4,Armenia
755c65b8,2024-12-27,eBay,337344,Camera,1661.58,3,0.27,3638.86,Monaco
92b8fec8,2024-06-22,Amazon,11136e,Monitor,1831.84,1,0.07,1703.61,Kyrgyz Republic
000d4f0b,2024-06-29,eBay,076d4d,Smartphone,1765.86,2,0.06,3319.82,Guyana
9cf507bc,2024-09-05,Shopify,77f99b,Laptop,1999.5,2,0.07,3719.07,Tanzania
8a093d02,2024-09-10,Amazon,77c7d8,Camera,525.92,1,0.28,378.66,Cote d'Ivoire
d8446d2e,2024-08-22,Amazon,da52da,Laptop,1538.45,3,0.21,3646.13,Mauritania
ab09f675,2024-03-18,Amazon,561ea8,Tablet,1193.6,2,0.23,1838.14,Gabon
71a69529,2024-02-29,Shopify,4e5032,Camera,559.43,3,0.11,1493.68,Sri Lanka
3a36800f,2024-09-17,eBay,96881d,Headphones,1964.72,3,0.27,4302.74,Mauritius
b095d8fc,2024-12-05,Amazon,c9fbe8,Camera,1800.9,3,0.24,4106.05,Antigua and Barbuda
8b82a818,2024-12-07,Shopify,4da8fd,Monitor,300.61,1,0.23,231.47,Cuba
1139b4c7,2024-06-21,eBay,0404df,Camera,101.01,3,0.29,215.15,Cameroon
9b4b1c54,2024-05-29,Shopify,d3efaa,Smartwatch,1392.24,3,0.11,3717.28,Belize
b068e9fc,2024-07-31,eBay,9fb93a,Smartwatch,1228.05,4,0.18,4028.0,Singapore
e7662a50,2024-04-01,Shopify,96d8b6,Headphones,1874.84,4,0.27,5474.53,Bosnia and Herzegovina
ced83687,2024-10-06,eBay,1e141f,Camera,506.31,4,0.24,1539.18,Sierra Leone
5850fc64,2025-01-20,Amazon,d38a65,Laptop,214.56,2,0.17,356.17,Mauritania
6e0b2d73,2024-03-07,eBay,937c21,Laptop,555.47,2,0.02,1088.72,Central African Republic
1c87664e,2024-04-06,Shopify,26aaa9,Smartphone,86.91,4,0.2,278.11,Tajikistan
d8c7f3f5,2024-11-20,Shopify,ab4559,Tablet,119.99,1,0.16,100.79,Egypt
2e3dfbf0,2024-09-04,eBay,77018c,Monitor,1833.97,1,0.06,1723.93,Swaziland
b029c16a,2024-12-10,Amazon,9ff424,Tablet,736.43,4,0.26,2179.83,Puerto Rico
104b3319,2024-04-01,Amazon,f75684,Camera,851.08,2,0.1,1531.94,Estonia
dfcdaa94,2024-04-20,eBay,0094a1,Tablet,85.82,2,0.12,151.04,Philippines
d44e114f,2024-06-19,eBay,7c4a38,Smartphone,577.52,1,0.2,462.02,Chile
d96ddb44,2024-09-10,Shopify,6266d2,Tablet,1619.22,3,0.15,4129.01,Niger
c1644bdd,2024-02-06,Amazon,3c9d4d,Headphones,1250.21,1,0.03,1212.7,Bolivia
6ea514a9,2024-11-09,eBay,e8ee51,Smartphone,1519.87,3,0.12,4012.46,Cote d'Ivoire
1ca86eed,2024-12-02,Amazon,522717,Headphones,922.07,2,0.03,1788.82,Norway
9300fff8,2024-07-07,eBay,68a9ef,Camera,653.97,2,0.06,1229.46,Myanmar
d4b421d2,2024-12-15,eBay,10a66d,Smartphone,991.48,4,0.0,3965.92,Cuba
aa08f235,2024-02-09,Amazon,70622c,Camera,679.99,2,0.05,1291.98,Cayman Islands
e3af72b2,2024-02-24,eBay,be47b8,Camera,1685.99,3,0.1,4552.17,Korea
756987c1,2024-05-22,eBay,82a1e3,Tablet,630.46,1,0.16,529.59,Equatorial Guinea
8de20287,2024-04-09,Shopify,774d36,Headphones,1336.54,4,0.28,3849.24,Sri Lanka
5a1fed55,2024-12-12,eBay,dab47d,Camera,317.12,3,0.16,799.14,Singapore
fcbfe9af,2024-06-23,eBay,da5890,Headphones,1389.39,1,0.21,1097.62,Netherlands
f8c87131,2024-10-09,eBay,873067,Headphones,1830.93,1,0.11,1629.53,Montserrat
dbf20d9c,2024-09-02,Shopify,ee2ee9,Smartphone,1236.74,1,0.23,952.29,United States of America
a04156ab,2024-04-06,Amazon,f12af9,Smartwatch,1141.72,2,0.19,1849.59,Vietnam
b5b91e8e,2024-07-27,Shopify,ea7b0f,Tablet,1924.18,1,0.14,1654.79,France
3e47cb17,2025-01-30,Shopify,10dad1,Camera,1273.42,2,0.06,2394.03,Tanzania
ff7b5423,2024-03-10,Amazon,5d56c1,Headphones,556.12,1,0.09,506.07,Trinidad and Tobago
f37b8c1f,2024-09-19,Shopify,6cb4a1,Monitor,620.16,1,0.19,502.33,Antigua and Barbuda
dad539e6,2025-01-14,Amazon,cbcb45,Smartwatch,1425.35,2,0.13,2480.11,Saint Kitts and Nevis
eecb28f5,2024-09-19,Shopify,061433,Camera,1484.1,2,0.27,2166.79,Morocco
3de1ec1f,2024-09-12,Amazon,b883ff,Monitor,641.82,3,0.07,1790.68,Grenada
ba2e6378,2024-08-10,eBay,2c4a69,Tablet,723.42,1,0.02,708.95,Timor-Leste
d2c3919f,2024-08-22,Shopify,39a35e,Tablet,1982.56,2,0.18,3251.4,Grenada
131cd003,2024-06-01,Shopify,ef9da1,Headphones,248.81,3,0.27,544.89,Sweden
5760fce6,2025-01-31,Shopify,b4ed9a,Headphones,839.06,3,0.11,2240.29,Central African Republic
c8994652,2024-09-29,Shopify,937c66,Camera,171.77,2,0.19,278.27,Somalia
5ddf7243,2024-05-24,eBay,e67176,Smartphone,1651.1,1,0.07,1535.52,Norway
8d8e6377,2024-04-04,Shopify,93dcad,Smartwatch,230.07,3,0.17,572.87,Lebanon
7947a408,2025-01-07,eBay,25fada,Camera,1364.31,1,0.24,1036.88,Kazakhstan
72e2ac32,2024-10-10,eBay,a1de91,Smartwatch,160.14,1,0.26,118.5,Qatar
464bb715,2024-06-06,eBay,21fd1f,Headphones,1362.07,3,0.03,3963.62,Palau
86ca3d83,2024-05-06,eBay,8833a3,Tablet,1693.92,2,0.11,3015.18,Cocos (Keeling) Islands
bb3c0ce3,2024-08-25,Amazon,acc966,Headphones,827.7,1,0.19,670.44,Lao People's Democratic Republic
2e3d4a17,2024-09-27,Amazon,7156f6,Tablet,1068.15,4,0.01,4229.87,Cote d'Ivoire
73dc43db,2024-06-17,Shopify,17204a,Camera,833.01,2,0.21,1316.16,Libyan Arab Jamahiriya
cdaa42b1,2024-06-21,Amazon,b75a7e,Tablet,635.95,3,0.16,1602.59,San Marino
ce0bd6a0,2024-03-14,Amazon,4854e7,Headphones,1616.36,4,0.09,5883.55,Samoa
644ccbfe,2024-11-28,Shopify,b45b81,Laptop,580.41,1,0.24,441.11,Isle of Man
5b060d30,2024-06-05,Shopify,4bdbbe,Smartwatch,1459.74,2,0.09,2656.73,South Africa
db557a99,2024-03-22,Shopify,1e79ae,Monitor,452.08,4,0.3,1265.82,Czech Republic
ccb71ea5,2024-05-23,Amazon,c14e2f,Tablet,537.21,2,0.24,816.56,Bulgaria
e319eca7,2024-03-25,Amazon,ff7c94,Tablet,706.1,1,0.21,557.82,Belize
ca2e55d8,2024-02-15,Shopify,1ae751,Laptop,1198.85,2,0.02,2349.75,Australia
299c0b19,2024-12-03,eBay,a2ef2f,Camera,936.12,4,0.27,2733.47,Libyan Arab Jamahiriya
4d535ae5,2024-10-21,Shopify,b7a2d4,Camera,1503.03,2,0.24,2284.61,Saint Pierre and Miquelon
307cb8a8,2024-06-28,eBay,e50954,Camera,466.46,3,0.07,1301.42,Burkina Faso
944496dd,2024-06-13,eBay,ea7dfd,Monitor,70.81,3,0.12,186.94,Niue
d8897b56,2024-05-28,Shopify,5bb10d,Smartphone,1564.29,4,0.08,5756.59,Saint Kitts and Nevis
d3d8eb13,2024-07-09,Shopify,dc695b,Laptop,1652.22,2,0.3,2313.11,Eritrea
8117ca7d,2024-03-26,Shopify,6b7869,Monitor,165.99,4,0.26,491.33,Thailand
220e56ae,2024-10-15,Amazon,1d5c7f,Laptop,1241.27,2,0.28,1787.43,Italy
387912e0,2024-03-21,eBay,feda1a,Tablet,787.5,1,0.24,598.5,Cambodia
06af565a,2024-12-11,Amazon,f44da5,Smartwatch,1598.1,3,0.14,4123.1,Afghanistan
07df1ad1,2024-04-22,Amazon,61f424,Laptop,1755.11,1,0.06,1649.8,Haiti
dbee7774,2024-06-23,Shopify,be4ae1,Smartphone,1709.46,2,0.06,3213.78,Bouvet Island (Bouvetoya)
3db19dd5,2024-05-14,Amazon,4a385e,Headphones,1565.55,1,0.05,1487.27,Georgia
8b23ce31,2024-12-26,Shopify,f8af78,Monitor,574.65,4,0.16,1930.82,Turkey
a26da9cc,2024-08-26,eBay,8ac14d,Laptop,1633.18,4,0.28,4703.56,United States Minor Outlying Islands
21913473,2024-12-22,Shopify,fb8255,Laptop,1090.28,2,0.3,1526.39,Bulgaria
f0b158e7,2025-01-11,Amazon,be2e53,Smartphone,152.88,3,0.09,417.36,Tuvalu
0bfb538d,2025-01-26,Amazon,b4348e,Smartwatch,941.03,4,0.21,2973.65,Qatar
7c1aec4d,2024-07-22,Shopify,9e6703,Laptop,1887.21,3,0.18,4642.54,Spain
2cb9d218,2024-09-30,Shopify,b31bd8,Laptop,1781.33,2,0.15,3028.26,Australia
00a7ca11,2024-08-03,Amazon,b79e6f,Smartwatch,249.42,3,0.2,598.61,United Arab Emirates
8adbe83f,2024-07-09,eBay,0ab6b2,Smartphone,1501.05,2,0.11,2671.87,British Virgin Islands
00ab17b3,2024-03-18,eBay,662693,Monitor,1621.3,1,0.28,1167.34,Netherlands Antilles
da2282ae,2024-09-16,Shopify,058847,Monitor,579.21,2,0.21,915.15,Mauritius
9c368daf,2024-08-25,eBay,43bdcd,Laptop,969.64,1,0.23,746.62,Saint Helena
80be4e64,2024-05-24,Amazon,a38fc6,Smartwatch,1436.43,2,0.07,2671.76,Liberia
a0959d49,2024-07-07,Shopify,a6abf3,Laptop,906.13,4,0.05,3443.29,Kuwait
86d0700c,2024-06-10,Amazon,4f2597,Camera,269.95,4,0.12,950.22,Hong Kong
05983258,2024-11-06,Amazon,a3a480,Headphones,1426.47,3,0.23,3295.15,Yemen
9d99b640,2024-02-23,eBay,973394,Monitor,1827.7,2,0.28,2631.89,Cyprus
c2b25b5d,2024-04-18,Shopify,c36a12,Camera,1322.35,2,0.13,2300.89,Mauritania
380fe60e,2024-12-04,Shopify,891930,Tablet,1558.91,2,0.23,2400.72,Guatemala
e140e85f,2024-07-30,eBay,36c123,Headphones,748.81,3,0.14,1931.93,Palestinian Territory
7f94541a,2024-02-28,Amazon,ccf9f3,Laptop,407.24,4,0.09,1482.35,Ghana
425e3124,2025-02-03,Amazon,bc62cc,Smartphone,1303.41,2,0.22,2033.32,Micronesia
ade17d86,2024-07-08,Amazon,7afe04,Monitor,689.15,3,0.24,1571.26,Guam
24a3614e,2024-10-30,Amazon,3aaeb9,Tablet,1727.14,2,0.06,3247.02,Qatar
222a1834,2024-02-19,Shopify,57fece,Headphones,289.12,1,0.09,263.1,Mayotte
3e364ef3,2025-01-05,Shopify,c2154f,Monitor,895.25,2,0.15,1521.92,Venezuela
d05bf265,2025-01-09,eBay,7d28f9,Smartwatch,823.62,1,0.06,774.2,Malta
930ec9b4,2024-06-13,eBay,cdc0c7,Smartphone,1879.21,3,0.28,4059.09,Comoros
b9f922a0,2024-08-21,Shopify,f09373,Headphones,348.61,3,0.18,857.58,Cambodia
3634cc3e,2024-05-13,Shopify,380e3e,Smartwatch,69.2,4,0.04,265.73,Iran
504b5783,2024-11-15,Amazon,7935fe,Camera,514.27,2,0.06,966.83,French Guiana
092730ef,2024-05-29,Amazon,bea68a,Laptop,1649.54,3,0.29,3513.52,French Polynesia
579dc015,2024-03-13,eBay,6e59bc,Smartwatch,458.18,4,0.22,1429.52,Benin
bdd9d4ff,2024-06-15,Shopify,0511a9,Headphones,519.71,2,0.22,810.75,Thailand
69deba4a,2024-04-03,eBay,7a19a3,Headphones,303.3,3,0.02,891.7,United States Minor Outlying Islands
a6668c1f,2024-04-09,Shopify,c7a6f5,Camera,1445.1,1,0.27,1054.92,Iceland
b62fbf10,2024-11-08,Amazon,ef8509,Laptop,184.89,3,0.13,482.56,Taiwan
b315b0ce,2024-12-28,eBay,9c20d7,Smartwatch,695.86,1,0.2,556.69,Bahamas
448eb928,2024-09-08,eBay,586578,Smartwatch,600.87,4,0.29,1706.47,Lao People's Democratic Republic
4ef051a8,2024-04-18,Shopify,47a65a,Laptop,1132.56,4,0.03,4394.33,Chile
9dc13953,2024-03-07,Amazon,184220,Smartwatch,1474.31,2,0.14,2535.81,Grenada
3a7b39fa,2024-12-01,eBay,af9da7,Monitor,1089.11,2,0.01,2156.44,Argentina
30c1fc0a,2024-07-20,Amazon,18fe4c,Laptop,1865.5,2,0.15,3171.35,Djibouti
4ac3d8b7,2024-08-12,eBay,3a783d,Smartphone,1905.31,4,0.08,7011.54,Pakistan
a43015f8,2024-04-21,Amazon,e4ca90,Headphones,754.86,1,0.27,551.05,Yemen
2567f018,2024-11-15,Shopify,2e605a,Smartphone,1566.48,2,0.12,2757.0,Maldives
2d7d8d4e,2024-02-09,eBay,6b6a84,Monitor,1490.66,2,0.19,2414.87,Trinidad and Tobago
49741bd1,2024-12-02,eBay,316d42,Camera,1791.28,4,0.26,5302.19,Grenada
2433f250,2024-07-19,Amazon,e844dd,Monitor,923.49,1,0.3,646.44,Austria
fecd51e0,2025-01-22,Amazon,2ef07f,Tablet,1084.42,3,0.15,2765.27,Kiribati
3c606fd8,2024-11-10,eBay,2a6f2e,Tablet,860.76,2,0.14,1480.51,French Guiana
246e09f2,2024-07-25,Shopify,c6fcd0,Tablet,1708.23,3,0.02,5022.2,Serbia
b34ea182,2024-09-20,Amazon,7d9962,Laptop,497.92,3,0.0,1493.76,Sri Lanka
8fe58505,2024-08-02,Amazon,34dae4,Smartwatch,517.43,2,0.18,848.59,Jordan
b77b923a,2025-01-19,Amazon,58fa5e,Monitor,776.58,4,0.02,3044.19,Botswana
9d2d4607,2024-04-17,eBay,7989d6,Smartphone,499.17,2,0.11,888.52,Finland
6acc94d5,2024-03-06,eBay,82c83f,Camera,1143.96,1,0.0,1143.96,Congo
7fac569a,2024-03-16,eBay,b5eacb,Smartphone,312.26,1,0.18,256.05,Faroe Islands
b80ad98c,2024-09-22,eBay,03e216,Smartphone,674.36,2,0.13,1173.39,Trinidad and Tobago
a6b9b2c1,2024-09-06,Shopify,d6a5da,Smartphone,1831.22,3,0.04,5273.91,Japan
120a40b6,2024-07-23,Shopify,3b1ea9,Camera,847.99,1,0.09,771.67,Comoros
23430c7b,2024-08-12,eBay,2de3b1,Tablet,1509.06,1,0.17,1252.52,Congo
a14934e2,2024-10-07,Shopify,a7347a,Smartphone,271.25,2,0.2,434.0,Dominica
6d406699,2024-06-29,Amazon,1c79e1,Camera,532.75,2,0.14,916.33,Qatar
4b1149a1,2024-07-01,Amazon,30d637,Camera,1624.32,4,0.24,4937.93,Gabon
4ffc205c,2024-03-09,Amazon,ead5c3,Smartwatch,1537.84,2,0.03,2983.41,Jordan
117a214a,2024-12-09,eBay,b2a02f,Camera,803.0,2,0.03,1557.82,Zimbabwe
e0529f1f,2024-03-18,Amazon,21dc5a,Tablet,1911.07,1,0.01,1891.96,Eritrea
ce84a07c,2024-02-20,Shopify,e292bf,Smartphone,1825.75,1,0.16,1533.63,Congo
ea14782e,2024-07-20,eBay,67f0ad,Camera,1926.49,1,0.21,1521.93,Israel
fde5729f,2024-10-27,Shopify,7753d7,Laptop,884.43,3,0.04,2547.16,Colombia
4d983eed,2025-02-03,Amazon,25c346,Camera,435.07,1,0.19,352.41,Costa Rica
c9f49b4a,2024-07-02,Amazon,c9fe77,Headphones,1271.98,1,0.14,1093.9,Tajikistan
103fdb4f,2024-05-14,Amazon,873bbb,Headphones,1385.31,2,0.3,1939.43,Reunion
ed012dfc,2025-02-02,eBay,278e95,Headphones,294.61,4,0.22,919.18,Uruguay
6c11b68c,2024-06-03,Shopify,d6f45f,Camera,1583.64,1,0.2,1266.91,Comoros
ba7fe3aa,2024-05-22,eBay,f6dff7,Tablet,85.22,4,0.17,282.93,Montenegro
9cd2ff95,2024-06-03,eBay,db078c,Smartphone,991.32,1,0.3,693.92,Fiji
996b60cc,2024-12-24,Amazon,ee3ba0,Monitor,695.48,1,0.29,493.79,Panama
3c194cf2,2024-02-04,eBay,998ffe,Monitor,1493.59,4,0.16,5018.46,Bouvet Island (Bouvetoya)
9c3b81ff,2024-09-06,eBay,3bcce2,Monitor,659.88,2,0.14,1134.99,Zambia
e5f8af1c,2024-02-18,Amazon,143184,Tablet,1662.27,1,0.14,1429.55,Qatar
b4bb186c,2024-07-26,eBay,828b40,Smartwatch,1210.16,4,0.13,4211.36,Croatia
b8b37085,2024-10-08,Amazon,5612c0,Laptop,1598.09,1,0.16,1342.4,Kuwait
b6a52177,2024-04-17,Amazon,ca199a,Laptop,1979.21,3,0.08,5462.62,Greenland
d5f5c8fe,2024-10-21,Amazon,4afaff,Headphones,1374.36,3,0.28,2968.62,Thailand
3dd3a4a2,2024-05-22,Amazon,b82abe,Headphones,1970.65,3,0.15,5025.16,Heard Island and McDonald Islands
549ee6a1,2024-12-28,eBay,e3831f,Camera,106.23,3,0.25,239.02,Saint Helena
4e8e1349,2024-02-24,Amazon,859f17,Monitor,709.37,2,0.14,1220.12,Switzerland
d7a1dddb,2024-08-22,Amazon,81b128,Camera,260.31,3,0.22,609.13,Sweden
5a23e0bb,2024-06-16,eBay,178389,Monitor,561.49,4,0.1,2021.36,Tajikistan
ccfb6c8e,2024-04-27,eBay,911f58,Headphones,1685.83,1,0.19,1365.52,United States Virgin Islands
6d66acd4,2024-05-21,Shopify,04f640,Smartphone,113.03,4,0.15,384.3,New Zealand
4b3e126f,2024-11-25,eBay,884183,Smartwatch,1064.36,3,0.11,2841.84,United States Virgin Islands
51cfaed2,2024-10-20,eBay,ac089d,Camera,1155.9,2,0.26,1710.73,Singapore
e1721cca,2024-06-10,Shopify,108601,Smartwatch,1144.24,3,0.03,3329.74,Liechtenstein
b632e18f,2024-07-15,eBay,57e5f1,Smartwatch,976.83,3,0.15,2490.92,Papua New Guinea
e5f30d9e,2024-06-27,eBay,dc76b0,Smartwatch,1591.68,2,0.06,2992.36,Panama
56467e69,2024-08-10,eBay,f4a83d,Headphones,310.41,2,0.26,459.41,Reunion
3fdd81ee,2024-06-13,eBay,fa09df,Laptop,655.63,2,0.08,1206.36,Nepal
8813e325,2024-06-07,Shopify,bffa95,Headphones,1250.67,2,0.19,2026.09,United States Virgin Islands
34ad1061,2024-05-24,eBay,2c2ff1,Smartwatch,1397.36,2,0.05,2654.98,Sao Tome and Principe
1292859f,2024-03-19,eBay,950698,Headphones,838.09,2,0.12,1475.04,Montserrat
6338746c,2024-05-06,Shopify,e37362,Smartwatch,1756.97,1,0.27,1282.59,South Africa
677047a9,2024-09-13,Amazon,0f8077,Tablet,860.21,3,0.05,2451.6,United States Minor Outlying Islands
b47955d7,2024-03-30,Shopify,82430a,Monitor,835.41,3,0.2,2004.98,Belize
ff41e6f7,2024-05-23,Amazon,630d3c,Laptop,120.6,2,0.06,226.73,South Georgia and the South Sandwich Islands
fda61c0c,2024-11-20,Shopify,65f671,Tablet,1124.73,4,0.12,3959.05,Cyprus
065ecd1a,2024-02-15,Shopify,722eda,Smartphone,1431.93,2,0.16,2405.64,Hong Kong
26d853cd,2024-10-15,eBay,4b4c3e,Headphones,273.15,1,0.17,226.71,Mauritania
e0123b22,2024-08-09,Amazon,11467a,Smartphone,645.59,4,0.18,2117.54,Korea
1bd9dbfe,2024-11-09,eBay,5d3e4e,Camera,1573.45,1,0.19,1274.49,Ecuador
ecfe52f1,2025-01-22,Amazon,d7a334,Headphones,763.54,4,0.08,2809.83,Reunion
e552665e,2024-12-11,Shopify,e94cea,Monitor,521.12,4,0.12,1834.34,Fiji
bb8635a9,2024-09-26,Shopify,6e82cd,Tablet,1360.79,2,0.01,2694.36,Isle of Man
dea1eb6c,2024-09-15,Amazon,7a8509,Monitor,433.68,1,0.23,333.93,Cayman Islands
c8933993,2024-04-12,eBay,c747f3,Camera,1796.52,4,0.25,5389.56,Mexico
742bf0aa,2024-04-24,eBay,1cc15a,Smartwatch,255.92,1,0.06,240.56,Netherlands
f2328eeb,2024-04-29,eBay,857d8a,Monitor,1427.77,2,0.06,2684.21,Mali
9383530e,2024-05-18,eBay,082d10,Monitor,1024.12,2,0.01,2027.76,Indonesia
51e4753d,2024-03-24,Shopify,fa059f,Smartwatch,1746.36,2,0.29,2479.83,Senegal
9aaaddd6,2024-05-29,Shopify,d91686,Headphones,296.08,2,0.24,450.04,French Polynesia
09e4dcc7,2024-04-03,Shopify,d368fc,Smartwatch,1371.9,3,0.11,3662.97,Cape Verde
73d88eb6,2024-11-08,Shopify,04d491,Tablet,1165.51,4,0.14,4009.35,Tunisia
6ae91f99,2024-09-23,Shopify,3d9ff7,Monitor,986.18,3,0.09,2692.27,Cote d'Ivoire
9c572257,2024-02-18,eBay,1249d0,Smartwatch,1008.24,2,0.18,1653.51,Brunei Darussalam
0f6fbb6d,2024-03-14,eBay,6648d2,Camera,1457.86,4,0.22,4548.52,Egypt
e352d1c8,2024-12-14,eBay,5b0d52,Camera,1878.6,4,0.13,6537.53,Ethiopia
4fae6a7d,2024-05-17,eBay,5d3196,Monitor,227.94,1,0.26,168.68,Tonga
b06e7ddc,2024-08-03,Shopify,df5723,Tablet,88.03,2,0.16,147.89,Afghanistan
b39a8e55,2024-07-23,Shopify,fd01b7,Smartphone,1621.12,3,0.04,4668.83,United States of America
4116137f,2024-09-30,Shopify,ed7b56,Tablet,260.93,1,0.19,211.35,Korea
923900b9,2025-01-25,Amazon,9bde3c,Laptop,1974.06,4,0.14,6790.77,Libyan Arab Jamahiriya
6cf48483,2024-10-16,eBay,3a51fd,Laptop,1257.73,3,0.28,2716.7,Netherlands Antilles
6d637c56,2024-02-22,eBay,8be68e,Laptop,1319.19,2,0.12,2321.77,Guatemala
4a35280f,2024-02-20,Shopify,1b700b,Monitor,437.84,3,0.12,1155.9,Australia
16205320,2024-11-20,eBay,667a17,Camera,518.61,3,0.2,1244.66,Mauritania
8bce8c80,2024-06-03,eBay,654d16,Headphones,1335.73,3,0.16,3366.04,Jordan
bc26b959,2024-09-02,Shopify,3f9d49,Camera,1823.97,1,0.11,1623.33,Australia
db7b2cc5,2024-03-08,Amazon,c12ab0,Headphones,1965.66,4,0.3,5503.85,New Zealand
f35ed8d4,2024-10-27,Amazon,9178cd,Headphones,436.16,3,0.09,1190.72,Bolivia
1201cc89,2024-05-05,Amazon,0fda66,Camera,311.53,4,0.08,1146.43,French Southern Territories
3cd266ac,2024-12-12,Shopify,f1a8ad,Monitor,159.98,1,0.26,118.39,Iraq
068cc100,2024-11-09,eBay,7f7767,Tablet,1743.18,2,0.0,3486.36,Kiribati
80fb0cd5,2024-06-10,Shopify,c1f550,Headphones,624.69,2,0.06,1174.42,Switzerland
78d2ef14,2024-03-31,Shopify,200750,Smartphone,53.53,3,0.18,131.68,Jamaica
95d9bbec,2024-09-07,eBay,252bf1,Camera,486.45,1,0.05,462.13,Tonga
f8717244,2024-05-09,Amazon,39160e,Camera,713.86,2,0.3,999.4,Armenia
85985b0a,2024-10-30,Amazon,32a22f,Laptop,1982.42,1,0.14,1704.88,Antigua and Barbuda
3ccf3255,2024-04-04,Shopify,c8b1e1,Tablet,1070.91,1,0.18,878.15,Kenya
3a9d40b1,2024-03-07,Amazon,e60afc,Laptop,449.19,3,0.05,1280.19,Mexico
a6694a43,2024-07-14,Shopify,9ba175,Camera,702.9,3,0.09,1918.92,Saint Helena
5a34687a,2024-11-25,Shopify,5663b9,Camera,694.1,1,0.18,569.16,Eritrea
f73a1ec4,2024-11-10,eBay,393fee,Headphones,88.47,1,0.16,74.31,Suriname
885c4499,2024-07-07,eBay,de2c0f,Tablet,313.61,3,0.24,715.03,Luxembourg
6d481532,2024-06-27,eBay,73a6a7,Smartwatch,1405.63,1,0.08,1293.18,Norway
9a5e1d6a,2024-09-22,Shopify,0d6f86,Smartphone,284.49,3,0.2,682.78,Sweden
e632e531,2024-07-20,eBay,eb690f,Headphones,499.93,4,0.09,1819.75,Mauritania
415e3f6e,2024-06-14,Amazon,f744cb,Camera,733.94,1,0.18,601.83,Barbados
f1c1a55e,2024-03-30,Amazon,e54637,Headphones,1527.58,3,0.18,3757.85,Lesotho
a7944b38,2024-03-11,Shopify,f763a1,Smartphone,1185.68,1,0.04,1138.25,Croatia
75b3cdc1,2024-07-06,Shopify,a29f76,Camera,1393.55,3,0.16,3511.75,Madagascar
601880e7,2024-06-17,eBay,2ef842,Smartphone,1155.67,1,0.0,1155.67,Chile
9496bf28,2024-08-15,Shopify,97b1dd,Smartwatch,1383.01,2,0.15,2351.12,British Virgin Islands
8257a2f4,2024-09-15,Shopify,9035dc,Headphones,55.54,2,0.21,87.75,Congo
dea496df,2024-11-08,Amazon,d2bec8,Monitor,1865.25,1,0.02,1827.94,Azerbaijan
c271fb72,2024-02-25,Amazon,f61518,Headphones,266.29,2,0.28,383.46,Uganda
a225068a,2024-05-27,eBay,9cd6e9,Laptop,842.19,1,0.14,724.28,French Southern Territories
b049944b,2024-10-11,Shopify,41a0d9,Tablet,1553.52,1,0.28,1118.53,Malaysia
b04b1fc1,2024-03-11,Shopify,19f278,Tablet,898.7,4,0.03,3486.96,El Salvador
55296580,2025-01-16,Amazon,3b66ae,Laptop,1896.34,4,0.28,5461.46,Russian Federation
8cec3ef2,2025-01-25,Shopify,6e43d9,Camera,961.8,2,0.03,1865.89,Haiti
2baf6b30,2025-01-25,Amazon,5d46f2,Tablet,1756.13,4,0.14,6041.09,Angola
ffe507e7,2024-02-10,eBay,093f60,Smartphone,1631.11,4,0.28,4697.6,Saudi Arabia
e5af4c2d,2025-01-15,Amazon,6d1231,Tablet,1962.92,1,0.07,1825.52,Jersey
96c8d25b,2024-08-02,Shopify,04c149,Tablet,1856.77,3,0.01,5514.61,French Guiana
e35f4d88,2024-03-01,eBay,517cbe,Laptop,1801.34,1,0.24,1369.02,Bahamas
10fa5b2c,2024-06-10,Amazon,82d867,Camera,1476.63,4,0.18,4843.35,Paraguay
704d8906,2024-04-02,Amazon,4cac9d,Smartwatch,765.65,1,0.15,650.8,Madagascar
187fb525,2024-12-18,eBay,482323,Tablet,256.94,2,0.01,508.74,Egypt
a724bace,2024-06-01,eBay,bda235,Monitor,1392.86,3,0.2,3342.86,Uganda
c2de810d,2024-04-19,Amazon,7cac71,Tablet,1958.38,4,0.05,7441.84,Gabon
658617a8,2024-12-22,Shopify,cc98e1,Smartwatch,1466.88,4,0.28,4224.61,Moldova
bdd0c996,2024-07-14,Amazon,7cf143,Laptop,1861.02,1,0.21,1470.21,Micronesia
0b70921d,2024-11-13,eBay,dce3a2,Smartwatch,1618.39,1,0.21,1278.53,Barbados
5e12be8c,2024-08-12,Amazon,ade32a,Laptop,368.07,1,0.07,342.31,Macao
46c8b0ee,2024-03-29,eBay,73e607,Smartphone,535.95,1,0.26,396.6,Tajikistan
1d31bf3b,2024-11-21,eBay,319f9d,Laptop,716.64,4,0.16,2407.91,Timor-Leste
be6cc224,2024-07-07,Shopify,6127b8,Smartphone,378.11,1,0.26,279.8,Greenland
39b754dd,2024-05-09,eBay,33dabf,Smartphone,1184.22,4,0.08,4357.93,Guatemala
2308136a,2024-12-09,eBay,380c8a,Laptop,1952.13,1,0.23,1503.14,Myanmar
474ab371,2024-12-25,Shopify,f2d0c5,Monitor,1534.84,3,0.17,3821.75,Guam
3a36237f,2024-12-30,eBay,bebf12,Headphones,875.6,3,0.01,2600.53,United States Virgin Islands
0e23398f,2024-09-06,Shopify,98e8ba,Laptop,58.78,1,0.12,51.73,Venezuela
6d532048,2024-03-17,Shopify,81ea58,Tablet,660.89,1,0.06,621.24,Iran
f0647699,2024-07-04,eBay,88a280,Monitor,1077.18,2,0.11,1917.38,Central African Republic
fc92a5be,2024-05-21,eBay,6b74ab,Monitor,682.29,3,0.12,1801.25,Saint Martin
20f1176a,2024-11-05,Amazon,c47867,Tablet,266.52,4,0.14,916.83,Philippines
204a9a87,2024-12-08,Shopify,9416b7,Headphones,913.39,3,0.18,2246.94,Ethiopia
53ee74c7,2024-05-08,Amazon,ac3603,Monitor,543.84,4,0.17,1805.55,United States Minor Outlying Islands
c673382f,2024-03-21,eBay,829d98,Smartphone,1823.0,1,0.01,1804.77,Falkland Islands (Malvinas)
24a55b49,2024-11-09,Amazon,7f925a,Headphones,248.42,3,0.23,573.85,France
93f21696,2024-06-20,Shopify,5ee6f4,Camera,145.85,3,0.28,315.04,Mongolia
25452927,2024-07-23,Amazon,270f84,Tablet,60.36,2,0.1,108.65,Djibouti
98cf0733,2025-01-01,Shopify,5ce111,Headphones,689.74,2,0.05,1310.51,Nigeria
aafccbb3,2024-03-09,eBay,4d5fa1,Laptop,1337.75,3,0.16,3371.13,Sweden
db854055,2024-05-31,eBay,16affb,Headphones,1474.31,3,0.21,3494.11,Slovakia (Slovak Republic)
b21642b5,2024-12-19,Shopify,6d9feb,Smartphone,933.86,3,0.2,2241.26,Georgia
a359d81d,2024-04-04,eBay,6f3cf4,Laptop,1384.44,4,0.18,4540.96,Puerto Rico
6fd17cc7,2024-08-04,eBay,7dccf6,Smartwatch,751.83,1,0.04,721.76,Mauritania
d21f8ecb,2024-02-09,eBay,26c527,Tablet,1352.22,2,0.25,2028.33,Netherlands Antilles
79041eb6,2024-05-16,eBay,be474d,Tablet,129.16,1,0.13,112.37,Paraguay
91f07e95,2024-06-16,Shopify,28fd36,Headphones,811.97,2,0.07,1510.26,Sao Tome and Principe
20e05000,2024-05-10,Amazon,a44ffb,Monitor,1592.16,2,0.03,3088.79,Kazakhstan
450b782d,2025-01-19,Amazon,611693,Laptop,1615.86,2,0.13,2811.6,Chile
c8e4e117,2024-11-10,eBay,188450,Smartwatch,1446.49,3,0.19,3514.97,Timor-Leste
a6ddae8e,2024-07-14,Amazon,2361e4,Laptop,448.27,2,0.2,717.23,Kenya
d0fa1aab,2024-09-19,Amazon,efaa1d,Tablet,532.05,1,0.29,377.76,Christmas Island
29594faa,2024-06-15,eBay,c2cf20,Laptop,1992.37,2,0.05,3785.5,Hungary
d60df6c7,2024-03-08,eBay,adf922,Smartwatch,251.59,1,0.3,176.11,Afghanistan
b5258bba,2024-11-27,Amazon,7b7af9,Monitor,402.29,2,0.2,643.66,Russian Federation
c25ae6c0,2024-03-23,Shopify,8be67e,Headphones,303.55,2,0.14,522.11,United States Virgin Islands
743fbf88,2024-04-04,eBay,f0d801,Smartphone,688.93,3,0.27,1508.76,Iceland
3c579c24,2024-09-18,Shopify,e45253,Laptop,459.84,1,0.21,363.27,Montserrat
91bb1db9,2024-09-20,Amazon,4ed2f5,Smartphone,1020.49,2,0.1,1836.88,United Kingdom
808841f5,2024-06-27,eBay,52f674,Tablet,978.24,2,0.27,1428.23,Benin
4d830c1c,2024-08-20,Shopify,0f5da8,Headphones,1807.94,1,0.2,1446.35,Christmas Island
49f49004,2024-06-09,eBay,ee06db,Camera,117.74,2,0.21,186.03,Netherlands
6d9da93f,2024-04-15,Amazon,531599,Headphones,673.77,4,0.27,1967.41,Kiribati
d9bafea3,2024-06-13,Shopify,8ad654,Laptop,1213.48,3,0.13,3167.18,Oman
16d4f979,2024-11-24,Amazon,106b52,Monitor,1229.36,1,0.2,983.49,Algeria
6e414868,2024-11-01,Amazon,3919ab,Headphones,986.25,3,0.22,2307.83,Fiji
9d785ff3,2024-02-27,eBay,bee0b3,Laptop,1640.55,4,0.14,5643.49,French Southern Territories
c7e9ac41,2024-04-26,Shopify,406c3a,Laptop,172.31,4,0.03,668.56,Gibraltar
96f1338e,2024-10-05,Amazon,a1cdee,Smartphone,1640.2,4,0.23,5051.82,Chad
3ac3aedc,2024-06-18,Amazon,9747f7,Headphones,1014.77,1,0.01,1004.62,Tanzania
af63780c,2024-06-04,Shopify,af0caf,Laptop,310.83,4,0.22,969.79,South Africa
dae854e0,2024-04-25,Amazon,6e3e95,Smartphone,1777.12,1,0.27,1297.3,Puerto Rico
042ece9d,2024-11-23,Amazon,3901f9,Smartwatch,1316.0,1,0.1,1184.4,Lesotho
86127746,2025-01-09,Shopify,8d3bc6,Camera,368.91,2,0.03,715.69,Yemen
4a482b8c,2024-07-25,Shopify,d5afc4,Smartphone,115.62,1,0.07,107.53,Greenland
4629fa05,2024-06-11,Shopify,35f86d,Smartphone,325.16,4,0.17,1079.53,Ireland
3e540458,2024-08-09,Shopify,93f295,Laptop,1237.16,1,0.28,890.76,Barbados
7e3211c9,2024-03-30,eBay,2d3cbc,Tablet,399.63,1,0.15,339.69,American Samoa
4b8edc91,2024-09-11,Shopify,ecbe88,Tablet,490.24,3,0.03,1426.6,Finland
48861eba,2024-12-27,eBay,940f35,Monitor,99.02,4,0.19,320.82,Kuwait
cc650e89,2024-08-30,eBay,1c8cdb,Tablet,1459.71,1,0.22,1138.57,Mauritius
f44a069f,2024-05-17,eBay,f03547,Smartphone,1630.21,2,0.12,2869.17,Brazil
22fd7800,2024-08-05,Amazon,07a6d7,Monitor,1603.85,1,0.22,1251.0,Andorra
f832f1be,2024-09-14,eBay,0717e0,Laptop,298.76,1,0.1,268.88,Benin
b543d02f,2025-02-02,eBay,459416,Headphones,1811.44,3,0.24,4130.08,Guyana
c71e9890,2024-09-08,Amazon,ba3bd6,Camera,1360.94,4,0.1,4899.38,Cayman Islands
4f869c41,2025-01-21,Amazon,3c99fa,Camera,1800.18,4,0.08,6624.66,Vietnam
a763556e,2024-08-11,Amazon,51f84f,Smartphone,921.96,2,0.26,1364.5,Peru
c9d23066,2024-03-13,Shopify,91025c,Smartphone,902.06,2,0.16,1515.46,Aruba
ab367919,2024-04-30,Amazon,3a413d,Monitor,1579.85,2,0.09,2875.33,British Indian Ocean Territory (Chagos Archipelago)
5ce66a16,2025-01-18,Amazon,7cfbf4,Laptop,231.93,1,0.28,166.99,Barbados
c379e79a,2024-02-05,eBay,649c48,Smartwatch,1065.7,1,0.21,841.9,Turkmenistan
eb9783a9,2024-12-14,Amazon,ddc43d,Smartphone,1680.95,2,0.07,3126.57,Saint Martin
9f5352ad,2024-08-25,Shopify,5ed198,Smartwatch,1668.88,4,0.18,5473.93,San Marino
5e5f978a,2024-07-30,Amazon,6686bd,Smartwatch,1914.46,4,0.26,5666.8,Niger
c38f1adc,2024-09-24,Shopify,c61e47,Tablet,1411.63,2,0.21,2230.38,South Africa
c1ae7faf,2024-08-29,Amazon,fdf289,Laptop,455.15,3,0.07,1269.87,Greenland
593d18d8,2025-01-04,Amazon,43ef76,Camera,89.55,4,0.19,290.14,Madagascar
f0729f42,2024-03-06,Amazon,b54a6a,Camera,984.86,4,0.19,3190.95,Faroe Islands
42b22219,2024-11-02,Amazon,00f4a3,Smartwatch,1051.72,2,0.25,1577.58,Sao Tome and Principe
60e5dbb9,2024-10-19,Shopify,c78085,Camera,518.51,4,0.05,1970.34,Canada
babd283b,2024-10-18,Shopify,27ee0d,Laptop,293.16,1,0.21,231.6,Netherlands Antilles
5bf25563,2024-08-12,eBay,9a682c,Tablet,1193.11,1,0.01,1181.18,Swaziland
7004b235,2024-12-02,Shopify,a1df6f,Laptop,1540.3,4,0.21,4867.35,Austria
4f98a52c,2024-12-29,Amazon,ce5123,Smartphone,1986.65,1,0.29,1410.52,Heard Island and McDonald Islands
53871d8d,2024-03-07,eBay,b3d58c,Smartwatch,1528.69,3,0.05,4356.77,Bhutan
048a487d,2025-01-31,eBay,eb7bd6,Laptop,1597.58,4,0.09,5815.19,New Caledonia
eb2a46cb,2024-10-26,eBay,5485e6,Camera,1252.1,2,0.17,2078.49,Belgium
6e6f7563,2024-10-15,Amazon,90d3de,Headphones,1972.55,1,0.22,1538.59,Algeria
12904659,2024-02-04,Shopify,c86f78,Laptop,1297.91,3,0.1,3504.36,Honduras
b582ffd6,2024-07-01,Amazon,0b61a4,Smartwatch,1727.49,3,0.2,4145.98,China
b46fa442,2024-05-02,eBay,9977fe,Tablet,1894.28,1,0.27,1382.82,Iran
93c73468,2024-02-22,Amazon,9d362a,Camera,1863.22,3,0.22,4359.93,Tajikistan
405c1ffe,2024-12-03,Amazon,7647c3,Tablet,793.76,4,0.21,2508.28,Serbia
ee4cb6c9,2024-12-13,Shopify,103b51,Smartwatch,203.39,3,0.11,543.05,Myanmar
a6327d1a,2025-01-28,Shopify,34d228,Camera,385.15,1,0.27,281.16,Slovakia (Slovak Republic)
370e9c8c,2024-03-20,eBay,cde791,Smartphone,165.49,3,0.08,456.75,Mongolia
46d090c8,2024-12-13,Amazon,7c0d48,Camera,255.52,1,0.06,240.19,Uganda
1fc75b7a,2024-03-05,Amazon,9d693a,Smartphone,410.07,1,0.11,364.96,Malaysia
7ffe0799,2024-07-06,Shopify,e5078b,Tablet,715.13,3,0.2,1716.31,Bahamas
f7412f03,2024-02-04,Amazon,d43e6f,Tablet,1109.9,1,0.26,821.33,Austria
e7c3d1f3,2024-10-31,Amazon,52484f,Smartwatch,1437.78,1,0.04,1380.27,Guyana
e5aa7c38,2024-07-12,Amazon,5cd052,Smartphone,461.31,2,0.24,701.19,Georgia
9043ad0b,2024-05-25,Shopify,a4e429,Tablet,1361.42,4,0.24,4138.72,Taiwan
8887814f,2024-02-28,eBay,a5ab95,Smartphone,1423.31,1,0.18,1167.11,Venezuela
777ca74f,2024-06-22,eBay,a47acd,Tablet,1139.31,4,0.23,3509.07,Saint Lucia
b8b0baa3,2024-10-03,Amazon,bf850b,Camera,1812.05,2,0.05,3442.89,Guernsey
ad383e54,2024-05-04,eBay,ba1cc2,Laptop,266.44,2,0.05,506.24,Austria
09d01662,2024-07-12,Shopify,ca094a,Headphones,395.39,2,0.26,585.18,Cape Verde
7ca3a98b,2024-11-25,Shopify,4e402d,Camera,885.9,2,0.15,1506.03,Ukraine
b141eefc,2024-06-11,eBay,115777,Monitor,297.09,4,0.07,1105.17,Albania
a62f4fcc,2024-07-18,eBay,003cba,Laptop,1154.28,3,0.21,2735.64,Tajikistan
c9df448c,2024-12-13,Amazon,56ed20,Monitor,826.88,3,0.27,1810.87,Italy
6d3c92f9,2024-03-09,eBay,b7179f,Tablet,604.96,4,0.19,1960.07,Dominican Republic
b158ae68,2024-03-16,Amazon,e42feb,Headphones,381.48,1,0.1,343.33,Russian Federation
c69b347b,2024-05-11,Amazon,5029a1,Headphones,703.91,4,0.14,2421.45,Mauritius
ae55916c,2025-01-26,Shopify,e4c786,Tablet,1235.52,1,0.23,951.35,Reunion
9c936a66,2025-01-15,Shopify,07d6c5,Tablet,1172.78,1,0.02,1149.32,Lithuania
74ee7435,2024-12-04,Shopify,e14bce,Smartphone,369.07,3,0.07,1029.71,Togo
7c034809,2024-12-13,Shopify,783c2d,Tablet,293.59,2,0.14,504.97,Niger
13df06c5,2024-10-18,eBay,7d4877,Smartwatch,102.02,3,0.18,250.97,Antigua and Barbuda
7f4d431a,2025-01-17,Shopify,0a27aa,Tablet,74.23,3,0.1,200.42,Indonesia
5c4a2492,2024-12-13,eBay,4b7fa5,Smartwatch,1765.63,4,0.09,6426.89,Czech Republic
ba857e67,2024-09-29,Shopify,168aeb,Tablet,137.92,4,0.01,546.16,Argentina
dc42a4ea,2024-12-04,eBay,e44f60,Smartphone,1475.88,1,0.01,1461.12,Liberia
e998f611,2024-05-18,Amazon,0df569,Smartwatch,1750.37,4,0.08,6441.36,Morocco
674e5d57,2024-09-30,eBay,7084de,Laptop,241.21,1,0.16,202.62,Sri Lanka
2e6ef9f5,2024-02-10,eBay,f19b27,Smartwatch,900.79,1,0.17,747.66,Reunion
f4f76836,2024-09-17,Shopify,4ad549,Camera,1926.49,2,0.15,3275.03,Puerto Rico
7f3ab4b1,2024-05-23,eBay,f29da7,Smartphone,1676.57,2,0.12,2950.76,Cayman Islands
c8157b5e,2024-06-21,Amazon,f040b3,Monitor,1004.92,3,0.08,2773.58,Mauritania
460c7c0d,2024-02-12,Amazon,915c9d,Smartwatch,1537.01,2,0.12,2705.14,Madagascar
5743584d,2024-05-13,Shopify,af2cb4,Camera,1675.09,1,0.04,1608.09,Slovenia
3acedd5b,2024-05-11,Amazon,facd9e,Camera,728.65,4,0.03,2827.16,Israel
049ffe32,2024-06-24,eBay,3642e9,Camera,1789.7,2,0.09,3257.25,Palau
971bd0b2,2024-11-27,Amazon,316ea8,Tablet,967.42,2,0.3,1354.39,Panama
8e9a8620,2024-04-29,Shopify,2e1336,Camera,1079.22,2,0.1,1942.6,Saint Lucia
8b034846,2024-12-04,eBay,ccb8c6,Tablet,1999.43,2,0.28,2879.18,Morocco
07c6dcf9,2024-08-23,Shopify,01e5f4,Monitor,1694.44,1,0.12,1491.11,Turks and Caicos Islands
e79712e5,2024-10-05,eBay,5d1f64,Smartphone,755.45,1,0.13,657.24,Western Sahara
63592412,2024-12-08,Amazon,0f3d0f,Headphones,70.17,3,0.24,159.99,Philippines
515836a5,2024-08-29,Shopify,a743ed,Tablet,1271.04,4,0.03,4931.64,Cambodia
1397a426,2024-05-29,Shopify,040dd5,Camera,1422.63,3,0.05,4054.5,Armenia
d2911869,2024-04-30,eBay,0484ff,Camera,1319.07,3,0.29,2809.62,Sudan
2f523d32,2024-12-15,Shopify,3c217b,Laptop,1937.33,2,0.15,3293.46,Kazakhstan
0c4aefd5,2024-07-03,eBay,4d585c,Camera,1732.79,4,0.01,6861.85,Qatar
50d61085,2024-06-28,eBay,938efc,Smartphone,925.22,2,0.01,1831.94,Thailand
f3794050,2024-07-02,eBay,22ddfb,Smartwatch,172.57,1,0.27,125.98,Paraguay
9f52e778,2024-08-21,eBay,89cd61,Smartwatch,978.31,3,0.26,2171.85,Luxembourg
5891a67d,2024-07-31,Amazon,eacac9,Camera,1394.03,4,0.14,4795.46,Hungary
f7da4cf6,2024-05-27,eBay,c52d5a,Laptop,1235.03,1,0.05,1173.28,Saint Helena
d927dde5,2024-11-07,Shopify,ebcf89,Tablet,1099.37,3,0.25,2473.58,Sudan
123868db,2024-04-22,Amazon,c2c1f6,Smartphone,964.2,4,0.1,3471.12,Guam
3baa23a7,2024-12-08,Shopify,178dbb,Laptop,622.84,3,0.13,1625.61,Uruguay
b0a37a98,2024-04-11,Amazon,8f0550,Tablet,590.83,4,0.2,1890.66,Cote d'Ivoire
a4783a61,2024-07-13,eBay,b07436,Smartphone,1025.45,3,0.11,2737.95,Jamaica
79ee7317,2024-08-13,Amazon,dbbb7f,Camera,363.18,2,0.19,588.35,Kenya
466c8de5,2024-12-11,Amazon,0bbdac,Smartwatch,714.34,3,0.27,1564.4,Norway
f491e672,2024-03-15,Shopify,3463ea,Smartphone,681.76,3,0.24,1554.41,Indonesia
cd317a8e,2024-10-06,Shopify,aa44e5,Camera,1194.91,4,0.11,4253.88,Nepal
d9002974,2024-09-13,eBay,24387c,Monitor,180.03,4,0.09,655.31,Japan
66ed2d9a,2024-06-27,Amazon,1b6bf5,Headphones,1667.85,2,0.09,3035.49,Guatemala
d5dfb14d,2024-06-18,Amazon,a1091b,Smartphone,1146.64,4,0.1,4127.9,Kiribati
a3cc26b4,2024-05-04,Amazon,aa1913,Headphones,1358.11,3,0.15,3463.18,Trinidad and Tobago
bb6a2753,2024-06-11,eBay,2650b0,Smartphone,1421.03,4,0.12,5002.03,Brazil
0b288534,2024-09-03,eBay,6419a2,Headphones,618.39,4,0.04,2374.62,Thailand
427e6a04,2024-11-17,eBay,a95089,Monitor,967.22,4,0.05,3675.44,Bermuda
7c91690b,2025-01-15,eBay,f298f0,Smartwatch,1914.68,2,0.1,3446.42,Saint Helena
90f701a6,2024-08-16,eBay,33a84b,Tablet,1545.08,2,0.17,2564.83,British Virgin Islands
70e12c55,2025-01-06,Shopify,b13e98,Headphones,1940.64,1,0.18,1591.32,Brazil
992300cd,2024-10-06,Amazon,dfdaf0,Monitor,1505.2,2,0.15,2558.84,North Macedonia
a9dac685,2024-09-06,Amazon,399b8b,Headphones,392.42,2,0.22,612.18,Iceland
30f37db1,2024-06-22,Amazon,0e14b8,Smartwatch,175.84,2,0.22,274.31,Niger
d4fba836,2024-03-05,Amazon,1561e9,Headphones,1176.44,3,0.13,3070.51,Namibia
91b1a084,2024-11-04,Amazon,e21812,Monitor,747.74,1,0.04,717.83,Oman
a0472e6b,2024-02-19,Amazon,4d59ca,Camera,587.14,3,0.16,1479.59,Angola
5f3cfb5c,2024-05-26,Amazon,573c7f,Monitor,1624.06,2,0.11,2890.83,Bosnia and Herzegovina
40c57c7c,2024-02-13,Amazon,4beccc,Laptop,765.64,2,0.04,1470.03,Latvia
254e73a8,2024-07-25,Shopify,b0d20e,Smartwatch,668.15,1,0.29,474.39,Malaysia
e742f3a1,2024-10-31,Amazon,bd1b3c,Camera,1707.48,1,0.11,1519.66,El Salvador
2e886dc2,2024-10-15,Shopify,6865b2,Laptop,1700.26,4,0.19,5508.84,Grenada
492b1168,2024-02-05,eBay,390cb8,Smartwatch,744.91,2,0.15,1266.35,Uganda
7b92e033,2024-07-06,Amazon,a6b2f1,Camera,1673.37,2,0.04,3212.87,Ecuador
60861cbb,2024-10-26,eBay,e7870c,Headphones,1709.02,3,0.02,5024.52,Ireland
e2e5c834,2025-01-21,eBay,1965f4,Camera,876.66,4,0.19,2840.38,Sierra Leone
a61ed4a2,2024-10-13,eBay,a0f26b,Monitor,179.62,2,0.07,334.09,Jamaica
7fc5219d,2024-04-27,Shopify,d2313a,Laptop,53.09,3,0.07,148.12,Guernsey
5d9091d4,2024-05-03,eBay,bb304e,Headphones,1070.42,1,0.29,760.0,Anguilla
8bec6437,2024-09-06,eBay,5a8533,Monitor,720.95,3,0.14,1860.05,Montserrat
9b0b7e9b,2024-04-23,eBay,900ccb,Smartwatch,1994.41,2,0.01,3948.93,Djibouti
11a4c292,2024-06-15,Amazon,0647b6,Camera,1556.2,3,0.1,4201.74,Slovakia (Slovak Republic)
2a1b119b,2024-09-18,Amazon,04c975,Monitor,1534.49,3,0.18,3774.85,Cyprus
ddb5c659,2024-06-07,Shopify,e6138b,Headphones,1912.72,4,0.1,6885.79,Vanuatu
18eaf2bb,2024-05-31,Shopify,5cad83,Laptop,1781.06,4,0.01,7053.0,Uganda
992ba185,2024-05-10,Amazon,797f22,Laptop,670.47,1,0.13,583.31,Japan
60e5c661,2024-02-21,Shopify,b298d3,Camera,373.68,4,0.03,1449.88,Comoros
c589d188,2024-06-09,Amazon,1bf290,Monitor,1504.49,3,0.19,3655.91,Holy See (Vatican City State)
59b9cc9e,2024-03-07,eBay,34be98,Headphones,787.63,4,0.19,2551.92,Thailand
d1faafb8,2024-04-26,eBay,1902db,Smartphone,972.69,2,0.01,1925.93,Congo
4b86a5d8,2024-05-24,Shopify,dd85de,Smartwatch,1279.28,3,0.09,3492.43,Tuvalu
f6f34d78,2024-07-24,Amazon,c41b97,Smartwatch,1820.35,3,0.12,4805.72,India
7868d1cb,2024-08-05,Amazon,503408,Headphones,867.22,3,0.17,2159.38,Marshall Islands
2abc600f,2024-05-28,Shopify,eb27f7,Smartphone,1577.47,2,0.09,2871.0,Guinea-Bissau
d3f6b49e,2025-01-05,Amazon,3edc22,Laptop,573.26,3,0.09,1565.0,Myanmar
2fbd2a95,2024-03-26,eBay,750d00,Camera,1411.04,4,0.29,4007.35,Bolivia
29cc62df,2024-07-03,Shopify,70e02a,Tablet,53.08,2,0.01,105.1,Netherlands
c7e42f8b,2024-07-26,Shopify,dc31f3,Tablet,1749.44,3,0.3,3673.82,Solomon Islands
efa32d2d,2024-03-20,Amazon,19bc54,Camera,109.24,4,0.01,432.59,Germany
04e6d641,2025-02-03,Shopify,b3ed0f,Headphones,1439.87,4,0.09,5241.13,Fiji
0cee9515,2024-03-02,Amazon,f8c9a5,Smartphone,140.2,1,0.15,119.17,Canada
acfea64c,2024-09-30,Amazon,77a187,Smartphone,569.18,4,0.04,2185.65,Mayotte
887d74f6,2024-11-18,Amazon,cf0d1f,Smartwatch,1019.54,4,0.04,3915.03,Thailand
21cf53b2,2024-07-16,Amazon,7eee6a,Laptop,868.88,1,0.08,799.37,Armenia
4df1d5e3,2024-03-08,Amazon,91bb28,Monitor,424.08,1,0.29,301.1,Montserrat
1b103e73,2024-09-11,Shopify,d49575,Smartphone,700.94,2,0.11,1247.67,San Marino
bd74b54f,2024-07-02,eBay,b64256,Camera,1469.03,4,0.17,4877.18,French Polynesia
385eeac0,2024-06-04,eBay,49a5f2,Monitor,1355.05,2,0.21,2140.98,Serbia
30eae47e,2024-03-21,Shopify,9267b6,Tablet,190.04,2,0.22,296.46,Angola
95557f6a,2025-01-28,Shopify,2d4a1d,Monitor,1507.27,3,0.21,3572.23,Jersey
3cd914b5,2024-03-16,eBay,bd23d6,Laptop,153.44,2,0.1,276.19,Yemen
93b421c5,2024-10-18,eBay,fec733,Camera,1108.71,2,0.03,2150.9,Namibia
65164d6e,2024-06-15,eBay,5a6149,Laptop,557.12,2,0.08,1025.1,Peru
08540604,2024-10-18,eBay,53fecb,Monitor,1196.0,2,0.06,2248.48,Luxembourg
1a2da842,2024-07-12,eBay,da9bf3,Headphones,559.59,1,0.04,537.21,Korea
5a8697c3,2024-08-31,Amazon,4148ad,Smartphone,1970.67,4,0.01,7803.85,Kazakhstan
a89281f8,2024-04-01,Shopify,397f6b,Camera,653.97,3,0.28,1412.58,Brazil
689d5587,2024-08-03,Amazon,32e056,Headphones,521.82,1,0.28,375.71,Kuwait
f5639c78,2024-02-09,eBay,58ea9e,Monitor,593.01,3,0.02,1743.45,Isle of Man
a530bd28,2024-09-12,eBay,d165f6,Smartphone,1798.12,3,0.05,5124.64,El Salvador
83a5f191,2024-05-16,eBay,1c2ea7,Smartwatch,1290.63,1,0.04,1239.0,Cocos (Keeling) Islands
d5c648c8,2024-02-10,Amazon,bb49e7,Headphones,1474.83,2,0.08,2713.69,Jordan
1039a053,2024-10-20,Amazon,8aa5bd,Headphones,1840.12,1,0.06,1729.71,Kazakhstan
88f7c1a7,2024-08-09,eBay,23ce84,Monitor,1828.15,3,0.28,3948.8,Cote d'Ivoire
13667a61,2024-07-19,Amazon,6b13b0,Tablet,1490.94,3,0.03,4338.64,Bangladesh
7e0032f1,2024-07-20,Amazon,de07dc,Monitor,435.76,2,0.06,819.23,Dominica
810c01fd,2024-11-01,eBay,c992bf,Headphones,1694.58,1,0.02,1660.69,Vanuatu
b7f2eeed,2024-08-11,Amazon,eb6959,Smartphone,447.36,4,0.29,1270.5,Northern Mariana Islands
fa31ef90,2024-10-06,Shopify,b01e9f,Tablet,1498.65,3,0.28,3237.08,Nicaragua
ea7cac48,2024-09-08,Shopify,6301de,Monitor,1386.93,1,0.21,1095.67,Belarus
6563b94f,2024-03-11,Shopify,6ac01f,Camera,1529.83,2,0.13,2661.9,Uzbekistan
357376e0,2024-03-05,Shopify,3433cb,Monitor,1088.74,2,0.06,2046.83,Indonesia
d0ec7832,2024-04-28,eBay,d36094,Headphones,1295.52,4,0.07,4819.33,Mongolia
e21e4c0e,2024-07-30,eBay,183d2f,Headphones,1908.97,3,0.13,4982.41,Switzerland
68c6a7c2,2024-10-16,eBay,b2522a,Smartwatch,247.12,4,0.23,761.13,Faroe Islands
5316b833,2024-08-11,Shopify,59d5be,Monitor,652.25,4,0.08,2400.28,Lithuania
429a2861,2024-07-31,Shopify,aa93cb,Headphones,1242.15,4,0.09,4521.43,Czech Republic
7cc673c7,2024-09-14,Amazon,e9dc5a,Camera,1929.91,4,0.18,6330.1,Cocos (Keeling) Islands
941b5d4e,2024-10-21,Amazon,77b350,Laptop,236.37,2,0.07,439.65,Bangladesh
7d75da8b,2024-10-11,Shopify,80182c,Tablet,93.97,3,0.18,231.17,Saint Martin
2f14a930,2024-08-24,Shopify,21cd3a,Laptop,158.71,4,0.12,558.66,Mayotte
157c43b4,2024-06-21,Shopify,142f61,Tablet,152.19,3,0.01,452.0,Andorra
5dce9ab0,2024-04-16,Shopify,c775e9,Camera,1820.24,2,0.12,3203.62,Syrian Arab Republic
4b0a7f6a,2025-01-19,Amazon,4afb4d,Monitor,1456.45,2,0.28,2097.29,Belgium
ede4713a,2024-02-23,Shopify,d8bcc9,Smartwatch,1370.36,1,0.09,1247.03,Haiti
542f67e9,2024-12-30,Amazon,b761dd,Headphones,1069.02,1,0.1,962.12,Togo
2d34cd8f,2024-02-07,Shopify,7f4093,Headphones,1574.81,3,0.02,4629.94,Panama
2db005f3,2025-01-13,Shopify,2d4a12,Headphones,353.51,1,0.18,289.88,Martinique
3cfb678a,2024-06-02,Shopify,4be849,Monitor,814.29,4,0.25,2442.87,Malaysia
9afac46a,2024-04-02,Amazon,fba448,Tablet,1005.51,3,0.11,2684.71,Venezuela
5b770a67,2025-01-16,Amazon,779916,Camera,265.3,2,0.07,493.46,Malta
4e00f94e,2024-12-01,eBay,ed6026,Headphones,868.05,2,0.29,1232.63,Uruguay
8365962e,2024-03-05,Shopify,f2308d,Laptop,667.18,4,0.22,2081.6,Marshall Islands
5a432872,2024-12-01,eBay,5fea8f,Headphones,119.39,1,0.17,99.09,Lesotho
57bb5ade,2024-03-30,eBay,82ffc6,Monitor,316.63,3,0.09,864.4,Guadeloupe
33b20688,2024-10-30,Amazon,2097f3,Camera,1539.87,3,0.07,4296.24,Lebanon
f91b73cf,2024-05-10,Amazon,bab5ef,Smartwatch,85.17,4,0.21,269.14,Fiji
07a2f227,2024-11-19,eBay,1ad665,Camera,1871.79,1,0.16,1572.3,France
ed84d085,2024-02-12,Shopify,d1d6f6,Laptop,218.53,3,0.16,550.7,Bangladesh
c868eb6d,2024-09-03,Amazon,fc4db5,Headphones,1608.51,4,0.02,6305.36,New Caledonia
177031e9,2024-07-30,Shopify,9f45b7,Headphones,1802.3,3,0.15,4595.86,Tuvalu
cbb50a97,2024-02-16,Shopify,a2ae5a,Smartphone,1885.21,2,0.25,2827.82,Nigeria
57588c54,2024-07-02,eBay,9d62a6,Tablet,1741.58,3,0.28,3761.81,Guyana
dfa09f6d,2024-05-25,eBay,572ad6,Laptop,610.72,3,0.03,1777.2,Sweden
45319c87,2024-05-10,eBay,0d9b62,Smartphone,699.52,3,0.19,1699.83,Dominica
2d789361,2024-06-12,eBay,179bb8,Camera,881.76,1,0.17,731.86,Nepal
38daabb5,2025-01-05,Amazon,218e3c,Smartwatch,321.63,1,0.27,234.79,British Indian Ocean Territory (Chagos Archipelago)
c807443d,2024-11-03,Amazon,07eabb,Tablet,93.43,4,0.23,287.76,Cote d'Ivoire
349fdf1d,2024-07-02,eBay,1e6e67,Laptop,1744.79,1,0.29,1238.8,Colombia
2b1406a8,2024-10-25,Amazon,cc1690,Headphones,1130.55,3,0.29,2408.07,Lao People's Democratic Republic
c8b86e9f,2024-04-25,eBay,b8ccf1,Camera,1237.01,3,0.07,3451.26,Belgium
68154e63,2024-03-31,Shopify,83408d,Laptop,1857.63,1,0.22,1448.95,Nepal
bb32fe36,2025-01-01,Shopify,4a3419,Headphones,1346.98,1,0.16,1131.46,Mayotte
07f1e8a0,2024-09-09,Shopify,ffa8ac,Tablet,1397.16,3,0.06,3939.99,Spain
6efd962b,2024-12-18,eBay,0ced87,Headphones,1584.59,3,0.06,4468.54,Kyrgyz Republic
41963389,2024-12-07,Shopify,802f70,Smartwatch,276.88,2,0.02,542.68,Netherlands
805b6af4,2024-03-05,Amazon,8d2ff4,Camera,752.32,4,0.24,2287.05,Chile
2b70db9e,2024-08-21,Shopify,d3430b,Monitor,1938.01,1,0.1,1744.21,Samoa
86079da4,2024-02-22,Shopify,454ad8,Headphones,1849.71,4,0.26,5475.14,Uruguay
68de8b97,2024-12-07,Shopify,1b0818,Smartwatch,1773.95,3,0.18,4363.92,Jamaica
7a36b742,2025-02-02,Amazon,18732b,Monitor,931.57,4,0.2,2981.02,Finland
9c0ad51b,2024-06-17,eBay,686dcc,Camera,1721.53,1,0.09,1566.59,Saint Lucia
173ef2bd,2024-07-03,Amazon,1c8c6d,Tablet,144.37,1,0.14,124.16,Saint Vincent and the Grenadines
4f60a3ca,2025-01-04,eBay,51b512,Tablet,339.61,4,0.12,1195.43,Saint Barthelemy
6a788fa0,2024-03-16,eBay,f83426,Camera,857.24,1,0.07,797.23,Equatorial Guinea
8f5ec7ed,2024-03-24,Shopify,412a07,Camera,992.61,2,0.25,1488.92,United States Minor Outlying Islands
bd446e08,2024-04-13,eBay,0ec264,Laptop,563.84,3,0.19,1370.13,Guyana
bec5e6be,2024-07-30,Amazon,76dade,Smartwatch,745.13,3,0.01,2213.04,Antigua and Barbuda
d9e73779,2025-01-06,Amazon,9e1860,Smartwatch,367.41,1,0.25,275.56,Djibouti
bede22a1,2024-04-22,eBay,bdba7a,Camera,1003.81,3,0.03,2921.09,Slovenia
369e6498,2025-01-17,Shopify,06dd73,Smartphone,1597.99,2,0.12,2812.46,Cameroon
11900ced,2025-01-22,Shopify,c02657,Smartphone,1339.65,1,0.17,1111.91,Poland
e6f800a1,2024-09-25,Amazon,7bef62,Monitor,260.19,2,0.0,520.38,Uzbekistan
f4265e58,2024-11-12,Shopify,b793b1,Monitor,1000.78,2,0.2,1601.25,Western Sahara
b5eb8008,2024-05-06,eBay,3bcbba,Smartphone,1410.41,3,0.2,3384.98,Latvia
40749b0e,2024-02-05,eBay,fb3c2e,Camera,1083.3,3,0.2,2599.92,Saint Vincent and the Grenadines
1fabd483,2024-03-20,Amazon,993a69,Camera,813.77,4,0.05,3092.33,Maldives
db6cd7f5,2024-03-06,eBay,9a4a0b,Monitor,1262.73,2,0.08,2323.42,Niger
2d072eeb,2024-11-15,Amazon,87ab0a,Headphones,1938.85,3,0.07,5409.39,Singapore
2a6ed74e,2024-02-29,eBay,580d82,Camera,235.07,2,0.29,333.8,South Georgia and the South Sandwich Islands
2801e8e8,2024-03-04,Amazon,6da0b7,Smartphone,810.53,4,0.02,3177.28,Zambia
417e569d,2024-06-22,Shopify,5996ff,Smartwatch,842.88,2,0.13,1466.61,Moldova
68ee07f3,2025-01-04,eBay,33bbac,Camera,1175.09,1,0.26,869.57,Turkmenistan
6111f427,2024-05-07,eBay,a1062d,Camera,346.74,4,0.23,1067.96,China
b441aee6,2024-08-01,Amazon,f02178,Headphones,394.45,4,0.25,1183.35,Costa Rica
3708dc0b,2024-12-12,Amazon,1cfdb2,Monitor,606.45,2,0.29,861.16,Botswana
df2fdc5d,2024-05-05,eBay,c1b99b,Camera,1913.95,2,0.12,3368.55,Algeria
53759b82,2025-01-28,Amazon,a853ee,Tablet,1481.51,3,0.09,4044.52,Thailand
30417926,2024-11-06,eBay,f2a99d,Laptop,1340.3,1,0.01,1326.9,Croatia
0c30f98b,2024-12-01,Shopify,08eeb6,Smartphone,1643.07,4,0.05,6243.67,Yemen
38df324f,2024-06-17,Amazon,00fb41,Tablet,298.77,4,0.17,991.92,Bolivia
0f8ae815,2024-03-15,eBay,c05301,Monitor,1725.7,4,0.05,6557.66,Gabon
aadd067a,2024-03-26,Shopify,18da91,Smartwatch,1209.92,3,0.22,2831.21,Aruba
da00eeaa,2024-03-24,Shopify,31c516,Laptop,703.89,1,0.01,696.85,Ukraine
ff0c0ede,2024-06-03,eBay,54e462,Tablet,1640.92,4,0.08,6038.59,Cameroon
43406229,2025-01-25,Amazon,628727,Laptop,1615.0,4,0.21,5103.4,Cote d'Ivoire
a6ac3668,2024-07-11,eBay,5ef899,Smartphone,1699.13,3,0.08,4689.6,Korea
3147849c,2024-11-05,Shopify,91a409,Monitor,275.26,2,0.22,429.41,United States Virgin Islands
752033bb,2024-08-06,eBay,11bedf,Camera,1940.25,4,0.3,5432.7,Burkina Faso
c3045baf,2024-09-05,Amazon,c53a67,Smartwatch,1921.27,1,0.24,1460.17,Kuwait
b3b063c3,2024-04-14,Shopify,b812e0,Monitor,747.07,1,0.1,672.36,Niger
d02210af,2025-01-12,eBay,79bc70,Laptop,178.49,1,0.27,130.3,Georgia
54199fab,2024-02-14,Amazon,9ff62f,Tablet,375.76,1,0.02,368.24,Wallis and Futuna
f7454bc2,2024-12-21,Shopify,35ff04,Smartphone,1986.02,3,0.22,4647.29,Kenya
5df99684,2024-02-24,Amazon,1d3ede,Smartphone,1147.88,4,0.01,4545.6,Sao Tome and Principe
4942211b,2025-01-27,Shopify,5875d5,Monitor,745.41,3,0.05,2124.42,Niue
d48b2342,2024-06-14,eBay,6b3689,Camera,612.0,1,0.3,428.4,Canada
d9c89cec,2024-12-03,Amazon,95af68,Tablet,551.13,1,0.11,490.51,Kyrgyz Republic
5ec630ea,2024-10-07,Shopify,0d62fa,Camera,1345.1,1,0.25,1008.82,Ghana
6eeb73ec,2024-05-24,Amazon,ef1fc1,Camera,867.81,3,0.11,2317.05,Mexico
103bed78,2024-05-08,Amazon,62cb8f,Tablet,1932.55,1,0.25,1449.41,Estonia
04ffabe4,2024-09-04,eBay,aabd57,Laptop,1383.49,4,0.29,3929.11,Heard Island and McDonald Islands
ed047462,2024-07-05,Amazon,5092fe,Monitor,1594.49,1,0.13,1387.21,Anguilla
6f0a7f58,2024-02-24,Shopify,459d2f,Monitor,620.85,4,0.17,2061.22,Madagascar
a8f546bd,2025-01-24,Shopify,6795bf,Headphones,204.41,4,0.19,662.29,South Georgia and the South Sandwich Islands
7c720cfd,2024-11-27,Shopify,be9c81,Monitor,1001.25,1,0.28,720.9,Bahamas
95be234e,2024-04-26,Shopify,9608ea,Smartphone,663.43,3,0.08,1831.07,Martinique
a7c19437,2025-01-02,eBay,d00faa,Laptop,444.06,2,0.18,728.26,United States Virgin Islands
bae66530,2024-04-01,Amazon,2be404,Tablet,1907.65,2,0.1,3433.77,Panama
eb043da0,2024-05-09,eBay,cea7e5,Monitor,915.78,4,0.07,3406.7,Turks and Caicos Islands
34d733a2,2024-03-12,Amazon,c55ecf,Laptop,390.68,3,0.03,1136.88,Lebanon
a68da2ee,2024-05-17,Amazon,dcc258,Monitor,437.37,2,0.19,708.54,Bulgaria
a01fa111,2025-01-07,Amazon,325ded,Tablet,597.38,1,0.26,442.06,Rwanda
0460831c,2024-09-20,eBay,d0b8f0,Smartwatch,1998.67,1,0.11,1778.82,Comoros
71981c65,2024-12-29,Amazon,dc5c42,Tablet,572.62,4,0.17,1901.1,India
f3048842,2024-07-08,eBay,36143a,Tablet,691.16,3,0.19,1679.52,Albania
6a5895ed,2024-05-01,Shopify,69164a,Tablet,1335.69,3,0.12,3526.22,Haiti
f829e695,2024-07-28,Shopify,46affd,Monitor,623.22,2,0.27,909.9,Cape Verde
6002b352,2024-10-04,Amazon,83dc2a,Headphones,470.82,2,0.11,838.06,Yemen
04b18d52,2024-11-21,eBay,aff967,Tablet,359.34,1,0.04,344.97,Togo
3216da04,2024-03-28,Shopify,fd1703,Smartphone,659.73,4,0.04,2533.36,Saint Barthelemy
1e6cf807,2024-07-20,eBay,a82ba3,Smartphone,256.54,3,0.27,561.82,Jordan
1af53372,2025-01-03,eBay,694e90,Laptop,86.36,2,0.3,120.9,French Guiana
55371866,2024-11-02,Amazon,977823,Headphones,1619.05,2,0.09,2946.67,Lao People's Democratic Republic
82874610,2024-10-03,Shopify,c830a3,Laptop,318.9,4,0.04,1224.58,New Caledonia
954148b7,2024-06-17,Amazon,d17644,Smartphone,1563.15,4,0.14,5377.24,Liechtenstein
aa1a9605,2024-02-15,Amazon,5e364f,Camera,1605.21,1,0.21,1268.12,Senegal
353ec6d0,2024-04-25,Shopify,e48230,Smartphone,1098.94,4,0.18,3604.52,Afghanistan
17feb878,2024-03-15,Shopify,1dc79c,Smartwatch,653.88,1,0.29,464.25,Bolivia
24f0af6e,2024-02-25,eBay,1f5b19,Tablet,332.81,1,0.25,249.61,Latvia
2bf7c628,2024-03-04,Shopify,3da344,Camera,1486.77,4,0.26,4400.84,Senegal
710b8a8b,2024-12-10,eBay,5072a5,Smartphone,1222.7,4,0.16,4108.27,Korea
c5fb2160,2025-01-01,eBay,fc486e,Monitor,1328.13,4,0.1,4781.27,Ireland
4c761090,2024-07-06,eBay,794934,Monitor,66.9,4,0.21,211.4,Netherlands
5e6cd1d7,2024-08-29,Shopify,5bf8ed,Laptop,1858.66,4,0.13,6468.14,Turks and Caicos Islands
2e15a393,2025-01-26,Amazon,e1f879,Camera,179.27,1,0.09,163.14,Mexico
b276f32e,2024-04-25,eBay,72df0d,Laptop,765.27,2,0.05,1454.01,Senegal
b44e5dfa,2025-01-29,Amazon,a25307,Tablet,835.29,3,0.16,2104.93,Guinea-Bissau
6ab3fce6,2024-02-24,Amazon,afb86f,Tablet,52.64,3,0.18,129.49,Chile
70697bf1,2024-12-22,Shopify,85cf24,Smartwatch,1019.32,1,0.17,846.04,Switzerland
03726ee7,2024-07-12,Amazon,9759ce,Headphones,1517.98,1,0.03,1472.44,Tanzania
0705107e,2025-01-19,Amazon,fe40b5,Laptop,1655.37,2,0.17,2747.91,Gabon
82a14ce6,2024-12-18,Shopify,b987e3,Tablet,1764.82,4,0.05,6706.32,Kazakhstan
0cf58dd4,2024-11-13,eBay,35efee,Laptop,1001.05,1,0.2,800.84,Timor-Leste
91179b24,2024-09-12,Amazon,0f9855,Tablet,1279.74,3,0.13,3340.12,United Arab Emirates
5cbffe36,2024-04-10,Shopify,ef68c5,Smartphone,205.06,4,0.25,615.18,Guadeloupe
64acf0da,2024-02-26,Amazon,11f53b,Laptop,1001.67,1,0.23,771.29,Ethiopia
778e145f,2024-09-13,Amazon,b86d30,Smartphone,351.89,4,0.22,1097.9,Argentina
ecefa359,2024-06-30,eBay,7e2072,Laptop,770.8,3,0.21,1826.8,Philippines
b77485d4,2024-07-16,Amazon,e07c68,Headphones,692.15,4,0.17,2297.94,Netherlands
746840f8,2024-10-11,Shopify,6477da,Smartwatch,875.9,1,0.02,858.38,Cyprus
b3c1bbf8,2024-10-22,Amazon,efc5f1,Monitor,1164.69,1,0.2,931.75,Seychelles
23942b86,2024-06-04,eBay,849be8,Monitor,1810.61,3,0.14,4671.37,Bahrain
55b260d3,2024-02-27,eBay,2fc91f,Monitor,819.25,2,0.14,1409.11,France
187a997a,2024-05-21,Shopify,6df5dc,Smartphone,1963.21,2,0.11,3494.51,Albania
9d7dac8c,2025-01-10,eBay,7db492,Camera,1530.1,4,0.28,4406.69,El Salvador
923b8904,2025-01-12,Amazon,ff2571,Tablet,1047.39,1,0.07,974.07,Malawi
68f84700,2025-01-31,eBay,a9e147,Monitor,1305.85,1,0.09,1188.32,Qatar
b01a8a9d,2024-04-30,Shopify,8cd916,Headphones,249.34,3,0.29,531.09,Guernsey
5330a782,2024-03-24,eBay,1d538c,Monitor,1696.82,3,0.24,3868.75,Tuvalu
c0eb6573,2024-07-29,eBay,1bc2a5,Laptop,1185.6,1,0.0,1185.6,Guinea-Bissau
9608ab96,2024-06-16,eBay,4941e3,Smartphone,1972.83,3,0.27,4320.5,Hungary
fcdb496d,2024-04-19,Shopify,ae8cbc,Camera,1291.04,2,0.07,2401.33,Egypt
6b5e1d43,2024-08-29,eBay,5bd320,Laptop,1676.52,2,0.21,2648.9,Iran
1bd6215c,2024-12-13,eBay,9c4409,Camera,1609.54,4,0.17,5343.67,Saint Vincent and the Grenadines
86bc817e,2024-11-06,Amazon,6c09e2,Laptop,723.65,3,0.16,1823.6,Singapore
63bd26b8,2024-09-30,Shopify,0e12db,Laptop,556.24,4,0.22,1735.47,Italy
9d0168ed,2025-01-14,eBay,cca56b,Smartwatch,889.46,3,0.06,2508.28,Turkey
90c4b652,2024-10-10,Shopify,9c5237,Smartwatch,961.12,3,0.05,2739.19,Portugal
02c86cee,2024-10-15,eBay,0dd95b,Tablet,518.17,2,0.2,829.07,Thailand
e5849286,2024-10-29,eBay,d753a2,Smartphone,1794.47,1,0.09,1632.97,Maldives
79cf4a7e,2024-03-09,eBay,89071a,Headphones,1107.97,3,0.29,2359.98,France
852ef876,2024-02-16,Amazon,3e633d,Headphones,1957.97,3,0.14,5051.56,Saint Helena
0fa3383f,2024-05-28,Amazon,cb0f88,Headphones,1629.53,3,0.03,4741.93,Panama
8b8c1ef6,2024-02-15,Amazon,bc20d4,Laptop,1133.62,1,0.21,895.56,Iceland
635ef6e3,2024-09-27,Shopify,b62804,Smartwatch,1896.73,4,0.09,6904.1,Bahamas
5d99f538,2024-09-13,Shopify,9e2c95,Smartphone,1034.51,4,0.04,3972.52,North Macedonia
55d26755,2024-11-07,Amazon,6cbe2e,Laptop,1779.86,3,0.13,4645.43,Kazakhstan
fbe27c8e,2024-03-07,Shopify,ccda2a,Camera,748.38,3,0.29,1594.05,Oman
72cb748f,2024-05-17,eBay,dcd3f1,Smartwatch,788.35,4,0.12,2774.99,Russian Federation
dd87d2db,2024-09-09,eBay,12e40b,Smartwatch,865.35,4,0.1,3115.26,Finland
92b5b925,2024-11-04,eBay,cf2a81,Monitor,1115.92,2,0.13,1941.7,Venezuela
dae156a6,2024-05-03,Amazon,bf90ee,Monitor,1129.31,3,0.0,3387.93,Antarctica (the territory South of 60 deg S)
30ea914a,2024-07-15,Shopify,6d154b,Smartphone,1017.98,4,0.04,3909.04,Cook Islands
ef7bf2af,2024-08-18,Amazon,d3079a,Camera,646.7,2,0.25,970.05,Iraq
9b985505,2024-02-24,Shopify,5b607f,Smartphone,1858.05,1,0.29,1319.22,Rwanda
6f8ee07f,2024-06-07,eBay,57ba1f,Smartphone,1197.74,3,0.05,3413.56,Monaco
90de0f54,2024-11-20,Amazon,9993ed,Laptop,845.09,4,0.16,2839.5,Bangladesh
eef1e224,2024-02-16,Shopify,4ebb43,Tablet,1319.8,3,0.29,2811.17,Eritrea
9d9e339c,2024-09-04,Shopify,830eab,Smartphone,1547.54,2,0.05,2940.33,New Caledonia
b05b3d29,2025-01-04,eBay,b9880a,Monitor,1923.42,4,0.06,7232.06,Cambodia
076bd287,2024-12-13,Amazon,71cddf,Tablet,1024.12,1,0.28,737.37,El Salvador
4ed5630c,2024-03-29,Amazon,71e565,Laptop,268.59,1,0.21,212.19,Algeria
d44b9685,2024-07-11,Amazon,5e4272,Tablet,909.49,2,0.05,1728.03,Congo
e99a17aa,2024-11-11,eBay,b72c6f,Headphones,983.99,1,0.12,865.91,Bangladesh
52e8269f,2024-04-26,Amazon,cb70d1,Camera,1799.14,1,0.02,1763.16,Niger
de2f5d97,2024-08-16,eBay,afcb53,Tablet,819.86,1,0.13,713.28,Sweden
2c506e06,2024-05-06,eBay,6e8b1d,Smartphone,1908.98,1,0.23,1469.91,United Kingdom
b329ef4e,2024-12-12,eBay,07c435,Laptop,996.01,1,0.17,826.69,Mauritania
1366b88d,2024-10-28,Shopify,ab8c72,Camera,1948.87,1,0.19,1578.58,Japan
b6c5bb8f,2024-12-24,Amazon,b5441e,Smartphone,65.99,1,0.1,59.39,Congo
f39d3498,2024-02-19,Amazon,940185,Camera,1802.69,4,0.05,6850.22,Cameroon
29a93f9d,2024-02-15,eBay,d6bb71,Monitor,1865.68,1,0.0,1865.68,Venezuela
0e578242,2024-12-24,eBay,d12fe8,Headphones,1923.99,4,0.25,5771.97,Albania
11976595,2024-03-16,Amazon,b65ae6,Monitor,75.5,3,0.19,183.46,Isle of Man
6569ceb6,2024-04-01,eBay,b6cf39,Smartphone,384.82,2,0.07,715.77,Belize
82222d88,2025-01-10,Amazon,d6404c,Smartphone,1324.84,1,0.13,1152.61,Nicaragua
6c1e0fa3,2024-08-23,Shopify,665caa,Smartphone,99.67,2,0.24,151.5,Lebanon
a2305950,2025-01-17,eBay,92b2b3,Smartwatch,174.04,1,0.16,146.19,Eritrea
b17e193a,2024-06-30,Amazon,b2efa8,Headphones,481.1,4,0.09,1751.2,Switzerland
52ebebaa,2024-05-18,eBay,6ec40e,Camera,1049.26,1,0.08,965.32,Saint Lucia
b766e48b,2024-06-15,Amazon,820a1f,Smartphone,1114.51,3,0.07,3109.48,Palestinian Territory
868fe41a,2024-08-11,Amazon,e87ad7,Smartphone,116.81,2,0.25,175.22,Serbia
f98a831f,2024-07-02,eBay,f9bcbb,Camera,382.22,2,0.17,634.49,Azerbaijan
32e4ca10,2024-11-16,Shopify,a45528,Monitor,1024.43,3,0.21,2427.9,Antigua and Barbuda
deb89049,2024-10-03,Amazon,167e77,Monitor,1208.18,4,0.26,3576.21,Serbia
4c44dcd4,2024-07-07,Amazon,0a4c08,Smartphone,339.38,4,0.3,950.26,Kenya
f92988be,2024-03-20,Amazon,257762,Laptop,827.74,3,0.07,2309.39,Ukraine
c4a7ac45,2024-02-23,Shopify,7c7f5e,Smartwatch,1813.58,2,0.05,3445.8,Brazil
9f5fc90d,2024-04-12,Shopify,3d2018,Monitor,1997.85,1,0.14,1718.15,Svalbard & Jan Mayen Islands
fbeaabef,2024-03-06,eBay,19de66,Laptop,1975.07,4,0.01,7821.28,Moldova
bef0fdb6,2024-02-25,Shopify,c1b857,Smartwatch,1769.27,1,0.24,1344.65,Bahrain
14c99e11,2024-03-20,eBay,16fdca,Smartphone,819.59,2,0.27,1196.6,Colombia
6f8e59d8,2024-06-11,eBay,f18aca,Headphones,1388.82,1,0.21,1097.17,Afghanistan
08003bb7,2024-08-14,Shopify,7fbb42,Tablet,862.35,3,0.08,2380.09,Qatar
fd18921e,2024-10-26,eBay,13f751,Tablet,1314.63,4,0.04,5048.18,China
fd9843b3,2024-05-19,Shopify,e7053c,Smartphone,653.39,4,0.11,2326.07,Ghana
16ae06b9,2024-03-25,eBay,e06881,Monitor,1232.09,3,0.25,2772.2,Australia
7348eacb,2024-11-06,Shopify,7cc48f,Laptop,1071.33,3,0.1,2892.59,British Virgin Islands
cffb04e9,2024-06-16,Shopify,7c0fb4,Headphones,97.74,4,0.01,387.05,Svalbard & Jan Mayen Islands
e0be2189,2024-09-11,eBay,2e14d8,Camera,1591.87,4,0.08,5858.08,Heard Island and McDonald Islands
597cc567,2024-11-25,Amazon,2bcc54,Smartwatch,73.2,4,0.3,204.96,Azerbaijan
febec71f,2024-05-15,eBay,91ec98,Smartphone,621.65,2,0.2,994.64,Cameroon
1364b32f,2024-05-06,Shopify,0deeda,Headphones,61.55,2,0.27,89.86,Costa Rica
d6eb70ad,2024-12-16,Amazon,07ebe5,Headphones,783.59,2,0.23,1206.73,Sweden
4090be49,2025-02-01,eBay,49e8b3,Monitor,173.16,1,0.16,145.45,Italy
f847510f,2024-12-13,eBay,082a19,Smartwatch,1831.35,2,0.04,3516.19,New Zealand
04ed34bf,2024-12-12,eBay,e3211d,Headphones,860.57,4,0.1,3098.05,Bangladesh
a01efccd,2024-10-16,Amazon,60c9f8,Monitor,946.02,2,0.18,1551.47,Djibouti
fcc49154,2024-09-23,Shopify,441fe8,Laptop,732.21,4,0.26,2167.34,Cocos (Keeling) Islands
6bbff4e2,2025-01-14,eBay,81f33f,Monitor,1273.64,3,0.08,3515.25,Grenada
4fca02bb,2024-09-22,eBay,646880,Laptop,1579.6,1,0.04,1516.42,Jordan
604b1532,2024-02-27,eBay,927f58,Laptop,1313.89,1,0.17,1090.53,Germany
4566f761,2025-01-03,eBay,a36efb,Camera,1509.0,3,0.05,4300.65,British Indian Ocean Territory (Chagos Archipelago)
4efed5c9,2025-01-16,eBay,70cf4e,Camera,1816.65,4,0.18,5958.61,Holy See (Vatican City State)
c30bdb7e,2024-12-24,Shopify,d0442a,Headphones,1733.92,1,0.08,1595.21,Saint Vincent and the Grenadines
a771cb3b,2024-08-26,Shopify,576584,Monitor,1364.41,2,0.07,2537.8,Jordan
c58e7b7f,2024-02-08,eBay,4f686c,Camera,468.54,4,0.12,1649.26,Colombia
07bea080,2024-10-30,Amazon,de7ac9,Laptop,1293.52,1,0.18,1060.69,Malta
89ffd177,2024-04-07,Shopify,486433,Camera,1036.86,3,0.16,2612.89,Saint Helena
5f7aea75,2024-12-07,Amazon,fb7e86,Smartwatch,1448.58,4,0.07,5388.72,Antigua and Barbuda
7197a577,2024-12-18,Shopify,e38d7a,Headphones,1674.22,1,0.27,1222.18,Zimbabwe
caaf8905,2024-12-14,eBay,5a72c7,Monitor,1498.31,3,0.03,4360.08,China
811aa72d,2024-02-23,Shopify,f7621f,Monitor,1700.79,4,0.01,6735.13,China
97599ce4,2024-09-29,eBay,005e6c,Tablet,174.54,2,0.18,286.25,Guatemala
b6d2753d,2025-01-25,Shopify,aed2ca,Monitor,111.66,4,0.04,428.77,Angola
b82e0b94,2024-09-07,eBay,7c6230,Headphones,554.08,2,0.15,941.94,Ecuador
183a3c97,2025-01-20,eBay,91f55d,Smartwatch,1806.3,4,0.29,5129.89,Cook Islands
8f11fa2f,2025-01-24,eBay,5d867d,Monitor,1656.14,3,0.21,3925.05,Estonia
f2041383,2024-12-25,eBay,08bcde,Tablet,1381.32,2,0.19,2237.74,Jersey
126be132,2024-12-12,Amazon,343caa,Headphones,1416.48,2,0.17,2351.36,Andorra
e11ba550,2024-11-23,eBay,b6b896,Laptop,1467.01,4,0.05,5574.64,Albania
77fa0880,2024-07-02,Amazon,fc1717,Smartphone,1888.08,1,0.13,1642.63,Uganda
4412000c,2024-10-15,Amazon,5a7728,Smartphone,1672.77,2,0.1,3010.99,Falkland Islands (Malvinas)
15f38708,2024-07-21,eBay,40a243,Laptop,1265.61,4,0.29,3594.33,Bulgaria
4ef2215a,2024-08-08,Amazon,21dce2,Camera,1348.15,3,0.07,3761.34,Afghanistan
180c8080,2024-02-07,Shopify,67070c,Monitor,466.79,4,0.14,1605.76,Svalbard & Jan Mayen Islands
5fac44dc,2024-08-06,eBay,69c774,Smartphone,1331.77,4,0.28,3835.5,Japan
b3f3974b,2024-03-18,Amazon,066f71,Camera,878.12,2,0.24,1334.74,Gibraltar
73a0f2df,2024-09-05,eBay,18bd13,Smartphone,348.28,1,0.29,247.28,United Kingdom
d8cf63d6,2024-02-15,eBay,3b88e9,Laptop,1622.49,3,0.18,3991.33,Tokelau
4b7d6274,2024-10-26,eBay,5e4d27,Monitor,1044.98,2,0.1,1880.96,Georgia
7c300be9,2024-02-25,Amazon,028df8,Monitor,1955.98,2,0.25,2933.97,Antigua and Barbuda
2351ecdc,2024-10-10,Shopify,49cfa1,Camera,599.27,2,0.09,1090.67,Palestinian Territory
aae46be6,2024-02-29,Shopify,252c8b,Laptop,987.31,3,0.05,2813.83,Central African Republic
13946030,2024-07-24,Amazon,80ad0f,Camera,923.59,1,0.21,729.64,Turkey
a11dd95c,2024-10-17,eBay,33b47c,Monitor,285.52,3,0.19,693.81,Tonga
a7e96acc,2024-08-04,Amazon,e8a1b5,Monitor,880.92,3,0.26,1955.64,British Indian Ocean Territory (Chagos Archipelago)
35cb22fe,2024-10-29,Amazon,f87611,Headphones,610.73,1,0.29,433.62,Slovenia
e7af137d,2024-11-06,Amazon,47f2cb,Camera,362.62,3,0.26,805.02,Greece
f70569ce,2024-04-04,eBay,8769e6,Headphones,600.2,4,0.02,2352.78,Spain
72e0c430,2024-02-11,Amazon,832cc6,Laptop,504.84,3,0.2,1211.62,Turks and Caicos Islands
816de64c,2024-02-06,eBay,7ac76d,Smartwatch,1481.44,2,0.24,2251.79,Syrian Arab Republic
49f88cf7,2024-02-06,Amazon,a30310,Smartphone,110.01,3,0.29,234.32,Jamaica
47dbe9f0,2024-11-28,Shopify,e193ea,Headphones,1254.05,2,0.11,2232.21,Slovenia
bf4dbcad,2024-03-10,Amazon,689f21,Smartphone,1533.29,3,0.05,4369.88,Heard Island and McDonald Islands
b7ee651a,2024-07-05,Amazon,d6fcd6,Tablet,987.41,2,0.26,1461.37,Uzbekistan
d05779fe,2024-02-06,Shopify,506fa4,Laptop,1866.55,2,0.1,3359.79,American Samoa
0e0b9610,2024-03-02,eBay,6c6306,Smartwatch,1430.37,2,0.18,2345.81,Iran
b98af484,2024-04-03,eBay,b59d45,Tablet,1508.45,1,0.12,1327.44,Tajikistan
2fad7161,2024-04-08,Amazon,92b00b,Tablet,434.02,3,0.12,1145.81,Croatia
d0c00415,2024-07-11,Shopify,3d8cf2,Monitor,1565.73,3,0.22,3663.81,Montenegro
04210e2f,2024-02-08,eBay,9746f4,Tablet,1672.58,4,0.11,5954.38,Palau
6ea5fb12,2024-12-08,Amazon,a62d39,Laptop,754.47,4,0.21,2384.13,Cocos (Keeling) Islands
c36adc07,2024-12-10,Shopify,e116bf,Headphones,466.06,4,0.0,1864.24,Bangladesh
3113560d,2024-04-17,eBay,09dfa8,Laptop,800.85,3,0.1,2162.3,Barbados
19fab3b2,2024-05-30,eBay,3fd745,Headphones,1492.24,1,0.1,1343.02,Bangladesh
fac5a82d,2024-06-08,Shopify,b74fa9,Tablet,864.4,2,0.22,1348.46,Libyan Arab Jamahiriya
abfc0c41,2024-06-03,Shopify,a63b08,Tablet,1486.47,3,0.09,4058.06,Nauru
168f9934,2024-10-27,Shopify,71eed6,Smartwatch,271.45,1,0.19,219.87,Zambia
f1c131e7,2024-06-24,Shopify,003787,Headphones,1621.72,1,0.21,1281.16,Faroe Islands
5f7f93e3,2025-01-25,Amazon,e2bfbd,Tablet,543.75,3,0.2,1305.0,United States Virgin Islands
f4155848,2024-12-13,Shopify,de7d6c,Monitor,535.41,2,0.18,878.07,Croatia
ba1ab1ef,2024-04-20,eBay,b4c98d,Smartphone,1201.24,1,0.12,1057.09,Guatemala
b0f087f6,2024-04-20,eBay,90c1a8,Smartwatch,186.73,3,0.11,498.57,Malaysia
585f8b2b,2024-05-27,Amazon,9375d1,Laptop,101.28,2,0.17,168.12,Botswana
5be73f73,2024-04-16,eBay,4a234b,Smartwatch,559.01,4,0.02,2191.32,Uzbekistan
e1f70f0c,2024-05-22,eBay,20235b,Smartphone,1099.23,1,0.26,813.43,British Virgin Islands
78501a67,2024-08-10,Shopify,78f069,Headphones,1819.85,1,0.25,1364.89,Congo
45384128,2025-01-09,eBay,2c46a7,Laptop,1700.55,3,0.1,4591.48,Uruguay
3b196b04,2024-09-05,Amazon,10110f,Laptop,1006.37,3,0.17,2505.86,Gibraltar
b5db1da9,2024-08-23,Shopify,6216ab,Headphones,122.25,2,0.28,176.04,Djibouti
4e4a616f,2024-02-25,Shopify,df975f,Camera,1093.74,4,0.08,4024.96,Saint Pierre and Miquelon
2a11baab,2024-11-10,Amazon,2c997e,Camera,1424.35,4,0.22,4443.97,Honduras
4cd89823,2024-04-05,Shopify,8738e3,Smartwatch,711.37,3,0.02,2091.43,Holy See (Vatican City State)
3164c839,2024-04-11,Shopify,cf0d86,Tablet,266.57,3,0.16,671.76,Madagascar
23ebd86a,2025-01-31,Amazon,234cb7,Camera,593.21,2,0.27,866.09,Seychelles
e82c082e,2024-11-21,Shopify,492078,Smartwatch,1554.6,3,0.17,3870.95,Benin
32b11bbd,2024-12-06,Amazon,50e1ae,Camera,734.93,2,0.18,1205.29,Korea
ddee79ae,2025-01-21,Amazon,aa5511,Smartphone,1633.36,2,0.27,2384.71,Bangladesh
a733e11f,2024-11-19,eBay,40f4c1,Monitor,673.07,4,0.21,2126.9,Lao People's Democratic Republic
b1e0f124,2024-09-26,eBay,78bba3,Tablet,368.93,2,0.21,582.91,Ecuador
80dbd76e,2024-12-13,Shopify,189496,Smartwatch,899.9,4,0.18,2951.67,Saint Kitts and Nevis
011e6c5c,2024-02-23,Shopify,46b31e,Monitor,931.94,4,0.19,3019.49,Ecuador
e66beadf,2024-05-30,Amazon,8c8a6d,Monitor,81.41,4,0.24,247.49,Liberia
005f8d4f,2024-07-27,Shopify,efcd1b,Camera,278.24,3,0.29,592.65,Ethiopia
efb59e66,2024-11-06,Amazon,7e1c96,Headphones,410.61,4,0.24,1248.25,Zambia
c254e86e,2024-07-10,Amazon,4137a1,Smartphone,271.5,2,0.21,428.97,Guadeloupe
359e27c0,2024-03-01,Shopify,90fde9,Smartphone,715.98,3,0.04,2062.02,Serbia
f17836fc,2024-10-28,Amazon,c52371,Smartphone,1931.01,2,0.25,2896.52,Cote d'Ivoire
86956efb,2025-01-03,eBay,0d86ba,Tablet,1042.98,3,0.22,2440.57,Costa Rica
d33216ee,2024-09-03,Shopify,2512ee,Laptop,1273.73,2,0.23,1961.54,Wallis and Futuna
440b1371,2024-09-03,eBay,e0658e,Tablet,744.95,1,0.07,692.8,Peru
2ccfceba,2025-01-27,Shopify,5597f6,Smartwatch,680.8,1,0.27,496.98,Bosnia and Herzegovina
12ffe57d,2024-03-15,Amazon,a9d62f,Monitor,95.14,1,0.03,92.29,Sri Lanka
cc8828d0,2025-01-16,Shopify,51e875,Monitor,1025.65,2,0.08,1887.2,Samoa
72d15bef,2024-07-14,eBay,a9e997,Laptop,993.04,3,0.2,2383.3,Haiti
f96e698a,2024-02-20,Amazon,440848,Smartwatch,357.77,4,0.2,1144.86,United Arab Emirates
c29e7499,2024-07-22,Shopify,b4d30d,Laptop,1540.43,4,0.09,5607.17,Tonga
ec38eed0,2024-03-24,Shopify,7d77c8,Monitor,1010.71,2,0.21,1596.92,Singapore
78c2bdef,2025-01-27,Shopify,80141e,Camera,711.04,2,0.12,1251.43,Greece
94dc06a0,2024-03-12,eBay,808151,Tablet,336.47,2,0.0,672.94,El Salvador
52b2bf3f,2024-11-23,eBay,f7600f,Smartphone,1126.71,2,0.05,2140.75,South Georgia and the South Sandwich Islands
d670d377,2025-01-25,Shopify,5dea9c,Monitor,1517.99,4,0.26,4493.25,Sweden
aebe930d,2024-03-30,Amazon,ab7737,Headphones,599.9,3,0.07,1673.72,Benin
91fc0c61,2024-12-25,Amazon,90bb9e,Smartphone,476.65,4,0.03,1849.4,Vanuatu
d37cef97,2024-07-08,eBay,cd7d05,Monitor,1067.77,2,0.2,1708.43,Korea
8a2c8f23,2024-06-16,Amazon,8965b5,Tablet,352.92,1,0.13,307.04,Nigeria
fca03cda,2024-11-29,eBay,138389,Laptop,1349.9,4,0.24,4103.7,Mongolia
639ec0c9,2024-02-29,Shopify,09b9d2,Camera,1230.42,1,0.26,910.51,Malawi
1bc54689,2024-09-19,eBay,f7403c,Camera,219.81,1,0.25,164.86,United States Minor Outlying Islands
411a8487,2024-12-19,eBay,9b6b60,Smartphone,121.21,2,0.09,220.6,French Polynesia
c0a19551,2024-05-09,Shopify,8ead8f,Tablet,1259.56,4,0.15,4282.5,French Southern Territories
e74a2d68,2025-01-01,Amazon,0cc7ce,Camera,623.87,3,0.2,1497.29,Saint Kitts and Nevis
ea525067,2024-12-06,eBay,5d07d9,Camera,218.57,4,0.1,786.85,Sweden
a6aa1568,2024-04-09,eBay,55491b,Smartwatch,1530.89,3,0.01,4546.74,Cameroon
9e13f56f,2024-11-06,Shopify,ee1f85,Headphones,662.39,3,0.15,1689.09,Comoros
3c165f50,2025-01-05,Amazon,091568,Smartphone,946.22,2,0.0,1892.44,Lesotho
ffdb7988,2024-10-08,eBay,e7d78f,Laptop,511.79,3,0.29,1090.11,Gambia
730d2e29,2024-09-28,Shopify,0c759f,Camera,1273.27,4,0.24,3870.74,Ireland
1a331d4c,2024-08-10,eBay,c2d2c2,Smartwatch,637.9,4,0.06,2398.5,Tunisia
7fda5072,2024-08-02,Shopify,60ae99,Tablet,1937.64,1,0.09,1763.25,Martinique
5bdc3b59,2024-03-19,Amazon,35f574,Camera,1420.75,3,0.29,3026.2,Algeria
73cfa013,2024-12-24,Amazon,1965b3,Headphones,316.61,2,0.11,563.57,Uganda
cffc0f38,2024-07-26,Amazon,f822a9,Laptop,862.55,2,0.24,1311.08,Georgia
d7b02a91,2024-04-05,Amazon,203b47,Tablet,801.57,4,0.13,2789.46,French Polynesia
d1f7b92b,2024-10-20,eBay,e2c2ae,Tablet,1091.78,3,0.26,2423.75,Slovenia
f3edc085,2024-03-17,eBay,02c50d,Smartphone,1691.76,2,0.21,2672.98,Peru
a1c12b01,2024-07-10,Amazon,1d14dd,Camera,1187.67,3,0.01,3527.38,Saint Pierre and Miquelon
3fe10eb4,2024-05-26,Amazon,05ace8,Smartphone,170.04,3,0.09,464.21,Belgium
6633d7c2,2024-12-17,Amazon,a229a5,Laptop,1328.06,1,0.17,1102.29,Germany
1a5e7401,2024-12-09,eBay,b3c1e1,Camera,66.12,2,0.28,95.21,Iceland
9998c5a6,2024-08-02,Amazon,406491,Monitor,1570.92,1,0.03,1523.79,Heard Island and McDonald Islands
6931bd40,2024-02-07,Amazon,c57b36,Camera,1349.94,2,0.18,2213.9,Heard Island and McDonald Islands
983fde7c,2024-10-17,Amazon,af89ad,Monitor,652.13,3,0.09,1780.31,Turkmenistan
2821a71b,2024-09-05,Shopify,44d0a8,Tablet,620.26,2,0.27,905.58,Peru
f92cffbb,2024-02-12,Amazon,4d8fc2,Smartphone,1606.63,4,0.23,4948.42,Eritrea
f92cc175,2024-08-20,Shopify,5fd69c,Headphones,1577.51,3,0.11,4211.95,Croatia
8570a311,2024-02-18,Shopify,bcdef3,Camera,736.99,2,0.05,1400.28,Tokelau
b5b21f0b,2024-03-05,Amazon,a8b132,Headphones,632.95,1,0.0,632.95,Vanuatu
b130d8a7,2024-06-13,Shopify,018ce9,Camera,1141.66,1,0.19,924.74,Mayotte
eebacdd6,2025-01-06,Amazon,5bfc94,Tablet,66.31,3,0.12,175.06,Western Sahara
ed475d3f,2024-10-27,eBay,c6e0c6,Smartphone,211.2,1,0.09,192.19,French Polynesia
26e632be,2024-04-08,eBay,f8598e,Laptop,296.03,3,0.3,621.66,Luxembourg
8bfe5a52,2024-07-21,eBay,181ccb,Laptop,411.55,3,0.14,1061.8,Bangladesh
eba70f82,2024-10-22,eBay,86248d,Laptop,1048.44,3,0.22,2453.35,Jordan
22f5a5fb,2024-09-21,Shopify,b7fd3b,Camera,1984.87,2,0.05,3771.25,Saint Martin
54c8056b,2024-04-18,Amazon,d57b7d,Camera,1322.6,3,0.0,3967.8,Cuba
4ffaf6cf,2024-05-28,Amazon,2d8e69,Headphones,169.53,1,0.13,147.49,Kyrgyz Republic
3799071d,2024-03-24,Amazon,e914a4,Smartphone,1074.88,4,0.2,3439.62,Malaysia
d6d268a0,2024-11-13,eBay,fc21b9,Camera,1018.46,2,0.15,1731.38,San Marino
ec3dc083,2024-11-30,eBay,d4a280,Smartphone,331.13,1,0.27,241.72,Sri Lanka
4665b750,2024-05-25,Amazon,a1c6bc,Headphones,1844.53,3,0.13,4814.22,Slovakia (Slovak Republic)
06f4b624,2024-08-28,eBay,9b8caf,Camera,909.49,3,0.09,2482.91,Samoa
3ec2d7e2,2024-12-13,Amazon,91cd73,Laptop,1989.39,4,0.27,5809.02,North Macedonia
eea7807b,2025-01-27,Amazon,c3f1d7,Laptop,869.14,1,0.12,764.84,Taiwan
0c3d9a8f,2024-12-14,Amazon,33ded8,Tablet,1235.52,2,0.08,2273.36,Afghanistan
0db9b745,2024-08-14,Amazon,9f058b,Monitor,254.29,1,0.03,246.66,Saint Lucia
c4ff2053,2024-11-07,Amazon,fb5c7e,Smartwatch,935.74,3,0.24,2133.49,Guyana
d6bc5ec6,2024-02-08,Amazon,a05ea1,Monitor,515.59,2,0.25,773.38,Taiwan
5e96cedf,2024-07-21,Amazon,3af033,Camera,1679.35,3,0.01,4987.67,Brazil
ad4f642a,2024-10-21,eBay,928b09,Smartphone,1578.64,3,0.11,4214.97,Kyrgyz Republic
a383a60f,2024-11-25,Amazon,c4bf58,Camera,1657.15,1,0.22,1292.58,Philippines
9a257288,2025-01-10,Amazon,a54b99,Smartphone,1461.04,4,0.28,4207.8,Saint Pierre and Miquelon
3378bbc4,2024-03-22,eBay,5a0e6f,Smartphone,1673.73,3,0.11,4468.86,New Caledonia
d4a3e684,2024-03-12,eBay,478663,Monitor,441.62,1,0.26,326.8,Somalia
52e96641,2024-07-25,eBay,45e596,Smartwatch,931.49,2,0.12,1639.42,Algeria
943d08e3,2024-09-26,Amazon,1e3e72,Tablet,1399.1,4,0.05,5316.58,Mayotte
25fc3ec3,2024-05-02,Shopify,10e57a,Monitor,1292.92,3,0.0,3878.76,Cape Verde
d6b8e9ba,2024-09-17,Shopify,cacd19,Smartwatch,1446.89,3,0.1,3906.6,Pitcairn Islands
0167a559,2024-08-25,eBay,a07fc4,Laptop,487.3,2,0.11,867.39,Cape Verde
5430f6a8,2024-11-04,Shopify,9c71d6,Laptop,241.95,1,0.28,174.2,Belize
ef2af9a5,2024-08-28,eBay,c6e012,Smartphone,1837.77,3,0.06,5182.51,Niger
8d50476a,2024-07-08,Amazon,f00771,Headphones,1142.34,2,0.11,2033.37,Somalia
b8332def,2024-07-29,Shopify,78e842,Camera,349.96,3,0.01,1039.38,Senegal
a607862a,2024-05-19,Amazon,e70d2f,Camera,1597.2,1,0.23,1229.84,Western Sahara
0c2f3fe2,2025-01-13,Shopify,16d818,Smartphone,1834.11,4,0.27,5355.6,Andorra
2ea4c5b9,2024-10-15,Amazon,a22b49,Headphones,380.65,1,0.07,354.0,Afghanistan
c04eb04d,2024-04-03,Shopify,35ef5b,Smartwatch,1643.95,1,0.13,1430.24,Niger
0cb13bd2,2024-05-13,Amazon,b27ce4,Laptop,1869.79,1,0.04,1795.0,Mali
6d0c43ef,2024-02-20,Amazon,83da4b,Camera,1879.81,2,0.14,3233.27,Norway
ad2cd5e3,2024-12-17,Shopify,a8a7aa,Monitor,1832.61,3,0.04,5277.92,Equatorial Guinea
8048ce64,2025-01-12,Amazon,47a5f4,Headphones,1115.52,4,0.16,3748.15,Bahamas
425f3a4c,2024-08-14,Amazon,8dd337,Smartwatch,744.61,2,0.22,1161.59,Central African Republic
5b25fcaa,2024-12-24,Amazon,13cd03,Laptop,64.18,1,0.17,53.27,Hong Kong
e3a56082,2024-08-25,Shopify,ac94cf,Monitor,168.78,4,0.07,627.86,Anguilla
e1851734,2024-10-04,Shopify,781b1e,Headphones,886.24,1,0.11,788.75,Romania
1636b10a,2024-03-20,Amazon,ff0e54,Smartphone,828.69,1,0.19,671.24,Solomon Islands
13ecb907,2024-10-26,Amazon,7000d9,Smartphone,410.19,1,0.18,336.36,Libyan Arab Jamahiriya
5c414523,2024-09-22,Shopify,ab0611,Smartphone,821.19,4,0.04,3153.37,Saint Barthelemy
2ade7d82,2024-06-17,Shopify,413600,Camera,390.57,3,0.25,878.78,Austria
a12d65da,2024-09-17,Amazon,d1fb55,Smartwatch,1705.14,1,0.14,1466.42,Korea
1b260ca0,2024-08-04,Amazon,1746d5,Smartphone,631.48,3,0.05,1799.72,Canada
554143fd,2024-10-25,Amazon,cc119a,Camera,1217.2,4,0.04,4674.05,Chad
9e143e58,2025-02-03,eBay,b60578,Tablet,1030.54,4,0.29,2926.73,Mauritius
7817fcbe,2024-04-23,Shopify,0c1f40,Camera,151.17,1,0.08,139.08,Liechtenstein
13922891,2025-01-26,eBay,d3759f,Laptop,1887.36,3,0.27,4133.32,Bouvet Island (Bouvetoya)
3348d665,2024-02-18,Shopify,67a8e9,Camera,1078.09,3,0.12,2846.16,Liberia
3d6b9442,2024-05-10,Shopify,de8f02,Smartwatch,683.86,1,0.12,601.8,Kazakhstan
45156dae,2024-10-18,Shopify,cabebb,Monitor,358.35,2,0.21,566.19,Poland
4d32adde,2024-04-05,Shopify,a2ffc7,Camera,710.13,2,0.0,1420.26,San Marino
420501ad,2024-09-29,Shopify,790da4,Smartphone,90.0,4,0.1,324.0,Paraguay
aba494d0,2024-10-03,Shopify,80129f,Laptop,758.94,4,0.09,2762.54,Israel
e3c80a50,2024-03-01,Shopify,b55ac4,Headphones,1086.4,2,0.26,1607.87,Nicaragua
0e9bbb6d,2024-07-31,eBay,f5b38b,Smartphone,1750.14,2,0.16,2940.24,United States Virgin Islands
161b41de,2024-11-16,Amazon,ad18d5,Laptop,1390.38,2,0.11,2474.88,Liberia
fca67f3f,2024-12-09,Amazon,539492,Tablet,267.59,1,0.08,246.18,Nauru
b67abe2f,2025-01-21,eBay,2b3586,Headphones,338.11,1,0.18,277.25,Palau
961266d7,2024-07-30,eBay,98485e,Tablet,884.84,1,0.05,840.6,Tanzania
864f2d20,2024-04-09,eBay,010fe1,Monitor,431.63,1,0.07,401.42,Portugal
46ff5e0c,2024-06-07,eBay,922215,Laptop,104.31,1,0.09,94.92,Seychelles
45649d75,2024-06-21,Shopify,9f752d,Tablet,1619.78,1,0.18,1328.22,Congo
2e184b19,2024-05-24,Amazon,7ce2a0,Monitor,88.07,4,0.11,313.53,Congo
e3528bb3,2024-02-18,Shopify,d71f29,Laptop,1669.84,3,0.15,4258.09,Macao
fb42d725,2025-01-31,Amazon,bbbb91,Laptop,331.0,4,0.2,1059.2,Kazakhstan
e064b6d6,2024-03-15,Amazon,0b8516,Tablet,1950.62,3,0.29,4154.82,Gabon
c67c3c8c,2024-06-24,eBay,16f0d7,Laptop,1227.55,4,0.23,3780.85,Eritrea
9179bd15,2024-04-27,Shopify,a7ee17,Smartphone,1483.22,4,0.12,5220.93,Saint Lucia
edf5fa48,2024-06-10,eBay,8e990c,Laptop,265.44,1,0.22,207.04,Fiji
d963667c,2025-01-13,Shopify,9537f8,Smartwatch,1731.1,1,0.28,1246.39,South Africa
6beff135,2024-06-15,Amazon,db0c37,Monitor,1686.43,3,0.15,4300.4,Nauru
59e38a3a,2024-11-13,eBay,4a04a1,Laptop,1323.34,3,0.12,3493.62,Tonga
8aaacc3d,2025-01-24,eBay,16e139,Smartwatch,1029.44,1,0.02,1008.85,Uzbekistan
48538bfb,2024-03-07,Amazon,07def4,Laptop,1456.9,4,0.27,4254.15,Solomon Islands
68ac2c3a,2024-07-03,Amazon,289aec,Laptop,61.56,3,0.07,171.75,Kazakhstan
337b4e64,2024-06-17,Amazon,26cda6,Tablet,1205.26,2,0.02,2362.31,Zambia
51cd987e,2024-09-24,eBay,24b7a6,Smartphone,1702.44,2,0.16,2860.1,Colombia
6f2d3791,2024-06-08,Shopify,452438,Monitor,745.95,2,0.25,1118.93,Wallis and Futuna
0178fbcb,2024-09-21,eBay,8d92a7,Smartphone,261.16,3,0.12,689.46,Faroe Islands
6d3b69c5,2024-06-04,Shopify,6786c9,Headphones,870.71,1,0.23,670.45,Rwanda
4142d467,2024-09-11,eBay,e344ba,Tablet,1467.85,1,0.25,1100.89,Togo
36a1cd2d,2024-07-28,eBay,8902a1,Tablet,259.24,1,0.14,222.95,Aruba
1966ae73,2024-04-02,Amazon,84c459,Smartphone,451.79,3,0.18,1111.4,Micronesia
b29bb362,2024-10-02,Shopify,dc7897,Camera,337.73,3,0.16,851.08,Saint Lucia
5d578ca4,2024-12-02,eBay,86031e,Tablet,1604.05,2,0.28,2309.83,Vietnam
721cb445,2024-05-07,eBay,9613b6,Smartphone,172.64,3,0.22,403.98,Botswana
a1f5f87f,2024-05-09,Amazon,40c502,Tablet,1388.84,2,0.28,1999.93,United States Minor Outlying Islands
8c1b82b6,2024-04-13,Amazon,2c1df3,Laptop,764.59,2,0.07,1422.14,Australia
e4eedf75,2024-08-09,Shopify,ff3cc1,Smartphone,1523.79,1,0.09,1386.65,Kuwait
263efaae,2024-06-04,eBay,ed4176,Smartphone,1930.55,3,0.02,5675.82,Cameroon
f4578816,2024-07-15,Shopify,b91283,Smartwatch,273.36,1,0.15,232.36,Tunisia
ffa88172,2024-03-12,eBay,2f1827,Tablet,663.05,1,0.26,490.66,Iran
f7f4be62,2024-05-08,Shopify,df26e3,Tablet,1629.74,3,0.1,4400.3,Gibraltar
700d3e73,2025-02-01,Amazon,7de4a3,Smartphone,569.01,3,0.04,1638.75,Bouvet Island (Bouvetoya)
4decedc5,2024-05-20,eBay,55f648,Laptop,469.49,4,0.02,1840.4,Mauritania
e494d669,2024-10-26,Shopify,16f83a,Laptop,1659.49,2,0.13,2887.51,Tokelau
10e5e378,2024-12-14,Amazon,fa5c03,Monitor,1974.81,4,0.05,7504.28,Hong Kong
d56775ce,2024-02-16,Amazon,511078,Laptop,1135.92,2,0.1,2044.66,Marshall Islands
95a9bbce,2024-12-25,Shopify,dad826,Tablet,592.2,2,0.25,888.3,Panama
7a8ee304,2024-07-06,eBay,87ceda,Camera,827.2,2,0.12,1455.87,Netherlands
1fc8814c,2024-04-16,eBay,776806,Smartwatch,381.75,1,0.18,313.04,Marshall Islands
1018e6d8,2024-11-16,Amazon,33e71a,Smartphone,1535.68,1,0.15,1305.33,Guernsey
e69adc18,2024-04-01,eBay,db89a8,Headphones,1558.27,3,0.22,3646.35,Japan
7a8a28a7,2025-01-19,eBay,bdd68f,Smartwatch,1756.49,2,0.05,3337.33,Iceland
824e3531,2024-02-07,eBay,3d6466,Camera,101.87,2,0.28,146.69,Slovenia
b711f1cf,2024-12-27,Amazon,f38265,Headphones,1145.86,2,0.19,1856.29,Indonesia
6ca4163b,2024-08-13,Shopify,9823f5,Smartwatch,467.8,1,0.08,430.38,Jersey
0e22db24,2024-04-13,eBay,cf1ab6,Laptop,714.72,3,0.04,2058.39,Fiji
7ab34046,2024-09-11,Amazon,bee295,Tablet,1580.66,1,0.04,1517.43,Falkland Islands (Malvinas)
1c344bb9,2024-07-23,Amazon,725d85,Camera,424.47,4,0.23,1307.37,Anguilla
28cde65c,2024-12-19,Shopify,464501,Headphones,1294.77,4,0.18,4246.85,Zambia
4560d523,2024-09-18,eBay,f81d5c,Camera,1326.4,4,0.11,4721.98,Holy See (Vatican City State)
f930a2ff,2024-09-08,eBay,2a3acb,Smartwatch,1910.48,3,0.1,5158.3,Gibraltar
8fb7a505,2024-05-11,Shopify,bd49b0,Tablet,1561.56,4,0.26,4622.22,Nigeria
fffb7bd2,2024-09-06,Shopify,abf50f,Camera,1617.09,3,0.26,3589.94,Austria
b1c43542,2024-11-09,Amazon,abbe54,Headphones,1086.62,1,0.17,901.89,Greece
8687a2eb,2024-06-29,Amazon,fc1f89,Smartphone,414.22,1,0.16,347.94,Ireland
2eea918d,2024-09-27,Shopify,e426ef,Smartwatch,879.85,3,0.24,2006.06,Moldova
72ccbec4,2024-10-22,eBay,42628e,Smartphone,1121.5,1,0.22,874.77,Trinidad and Tobago
f7c530fb,2025-02-02,Amazon,72678e,Laptop,1372.92,1,0.12,1208.17,Venezuela
07c84b13,2024-02-16,Amazon,976f9c,Smartphone,1235.03,3,0.02,3630.99,Saint Vincent and the Grenadines
05a01391,2024-05-01,eBay,857d30,Smartphone,818.26,4,0.23,2520.24,Niue
b38f4528,2025-01-08,Amazon,912b00,Monitor,567.36,3,0.05,1616.98,South Georgia and the South Sandwich Islands
5e52adf5,2024-03-11,eBay,df20e0,Smartwatch,378.05,2,0.0,756.1,South Africa
96a1ab57,2024-08-11,eBay,25a42f,Laptop,1403.0,1,0.25,1052.25,Moldova
f3de8539,2024-11-27,eBay,e79f4b,Smartphone,1308.53,3,0.17,3258.24,Afghanistan
c116c004,2024-09-03,Shopify,f81bb9,Tablet,1390.38,1,0.27,1014.98,Namibia
39c6ca85,2024-03-02,Shopify,56134f,Headphones,776.43,4,0.15,2639.86,Guatemala
6817810b,2024-11-23,Shopify,38f3c4,Smartphone,561.7,1,0.28,404.42,Egypt
711d6be5,2025-01-10,eBay,0e329a,Laptop,1531.46,3,0.11,4089.0,Bouvet Island (Bouvetoya)
cc9660f2,2024-03-12,eBay,4165fe,Smartphone,1558.61,4,0.22,4862.86,Ireland
b9f26ff6,2024-05-12,Shopify,16452d,Headphones,938.45,4,0.09,3415.96,South Georgia and the South Sandwich Islands
80bbb961,2024-10-15,Amazon,79304a,Laptop,1243.21,4,0.0,4972.84,Ukraine
58b186d2,2024-03-05,eBay,356728,Smartwatch,778.36,2,0.11,1385.48,Saint Lucia
fb51a0b0,2024-09-28,Amazon,2d0a80,Laptop,1418.8,3,0.22,3319.99,Sudan
e4e0d347,2024-05-25,Amazon,792ee1,Smartwatch,1679.66,3,0.05,4787.03,Ecuador
2ee675ce,2024-05-27,eBay,182bff,Laptop,1392.05,4,0.15,4732.97,Canada
791815cc,2024-05-05,eBay,fd78c5,Camera,1049.54,1,0.06,986.57,United Arab Emirates
c3a50f44,2024-11-29,Amazon,d26654,Headphones,944.38,4,0.02,3701.97,Hong Kong
8010b73b,2024-08-12,Amazon,fea091,Headphones,1302.52,2,0.19,2110.08,Moldova
a97a1b51,2024-12-28,Shopify,1ef973,Laptop,1375.63,4,0.29,3906.79,Cocos (Keeling) Islands
48c899d2,2024-06-02,Shopify,476270,Camera,1139.52,3,0.09,3110.89,Saint Helena
1c4c29d3,2024-10-09,eBay,3244b3,Smartphone,1268.64,4,0.17,4211.88,Faroe Islands
d89d1b06,2024-03-15,Shopify,fad487,Headphones,238.35,1,0.29,169.23,Georgia
5dc7b4e0,2024-06-22,Shopify,b9e7b3,Smartwatch,1905.94,3,0.2,4574.26,Niue
33ae420b,2024-12-04,Shopify,fe221e,Smartwatch,1592.01,1,0.2,1273.61,Heard Island and McDonald Islands
0afea919,2024-07-21,Shopify,3fb6be,Tablet,779.16,4,0.05,2960.81,Guinea
abb3d03f,2024-09-02,Amazon,f3d6c0,Monitor,1147.48,3,0.15,2926.07,Northern Mariana Islands
f80a0322,2024-10-26,eBay,131da8,Camera,142.28,2,0.11,253.26,Niue
525ccb18,2024-10-26,Shopify,3370f8,Monitor,130.39,3,0.14,336.41,Turkey
256a58b1,2025-01-29,Amazon,397933,Monitor,539.06,1,0.24,409.69,French Southern Territories
1f378d20,2024-08-16,Amazon,efda46,Smartwatch,1394.92,3,0.14,3598.89,American Samoa
4341638a,2024-11-02,Amazon,df3da3,Tablet,1711.69,2,0.02,3354.91,Northern Mariana Islands
24e8809b,2024-08-14,Shopify,69a902,Monitor,1140.41,2,0.27,1665.0,Bulgaria
f64c06f1,2024-04-19,Shopify,94f5d5,Monitor,1087.66,2,0.16,1827.27,Iceland
a5701875,2024-09-21,eBay,85ba4a,Laptop,834.5,2,0.28,1201.68,Mexico
516d9f50,2024-11-11,Shopify,96a7ee,Laptop,365.12,1,0.17,303.05,American Samoa
ebd35769,2024-08-09,Shopify,d98e86,Laptop,280.79,3,0.02,825.52,South Africa
8e8670bb,2025-01-26,Amazon,074ff1,Smartphone,1533.33,4,0.17,5090.66,Turkmenistan
30076c9b,2024-05-14,eBay,01b5a1,Monitor,1858.63,2,0.17,3085.33,Mali
a033e992,2024-09-19,Shopify,9bfd33,Smartphone,943.65,4,0.06,3548.12,Malaysia
cd8904e6,2024-12-13,Shopify,63be6b,Tablet,1335.92,4,0.14,4595.56,Argentina
d00d7797,2025-01-04,Amazon,646fbe,Camera,1833.19,3,0.14,4729.63,Lao People's Democratic Republic
d7f2d122,2024-11-16,Amazon,607c5f,Smartwatch,225.72,4,0.19,731.33,Switzerland
156b1aa8,2024-08-11,Shopify,a7d707,Monitor,1552.44,4,0.08,5712.98,Cocos (Keeling) Islands
10a322f3,2024-11-29,eBay,3ef3d5,Smartwatch,1252.79,1,0.17,1039.82,Guinea
3f353e42,2024-02-16,eBay,bc9035,Camera,1217.34,4,0.07,4528.5,Benin
31981b93,2024-03-30,Amazon,25dd7e,Laptop,620.45,3,0.13,1619.37,Zambia
bba8dfe9,2024-11-30,Amazon,6dab75,Monitor,1383.59,4,0.04,5312.99,Zambia
978116ff,2024-02-19,Shopify,8b00b9,Headphones,1599.86,3,0.01,4751.58,Equatorial Guinea
baa80c76,2024-04-30,Amazon,dd4efb,Smartphone,270.07,2,0.1,486.13,Rwanda
5d3461d3,2024-05-29,Shopify,2973fd,Smartphone,1090.37,4,0.08,4012.56,Norway
dff7f6fe,2024-06-13,eBay,8b09b8,Monitor,247.47,4,0.12,871.09,Antigua and Barbuda
354e939e,2025-01-31,eBay,088d03,Camera,1751.52,4,0.29,4974.32,Tajikistan
10a293d6,2025-01-23,Shopify,e29682,Laptop,1039.89,2,0.16,1747.02,Lesotho
3574496a,2024-09-14,Amazon,da7c84,Smartphone,1625.53,1,0.17,1349.19,Romania
b92b5fc5,2024-03-09,eBay,c68350,Laptop,767.77,4,0.28,2211.18,Guadeloupe
47729aa5,2024-11-13,Amazon,b232b8,Tablet,293.9,3,0.28,634.82,Saint Vincent and the Grenadines
5b649201,2024-04-16,eBay,c65b12,Smartwatch,130.92,1,0.27,95.57,French Southern Territories
913b3fb1,2024-07-23,Shopify,3d28b5,Camera,598.94,1,0.03,580.97,Burkina Faso
09622047,2024-04-14,Shopify,1c6977,Headphones,526.26,1,0.19,426.27,Tunisia
3b7cbd5d,2024-03-10,Shopify,95c86d,Smartwatch,1142.69,4,0.24,3473.78,Vietnam
a6331c41,2024-10-18,eBay,2ee1c0,Smartwatch,92.39,2,0.25,138.58,Indonesia
f615ff16,2024-05-27,Amazon,9290f6,Tablet,1065.11,2,0.17,1768.08,Korea
249480f5,2025-01-08,Amazon,d0a63d,Smartphone,813.95,4,0.01,3223.24,Sudan
c94fb5b1,2025-01-06,Amazon,4e4d2c,Headphones,1175.39,3,0.29,2503.58,Solomon Islands
44ab72fe,2024-11-07,eBay,7669a0,Smartphone,1419.71,3,0.14,3662.85,Wallis and Futuna
f252c167,2025-01-05,eBay,00076d,Monitor,1286.48,3,0.12,3396.31,Mauritania
9bad2793,2024-02-15,eBay,65ea89,Smartwatch,1970.06,4,0.12,6934.61,New Zealand
2f5ebb6f,2024-03-09,eBay,4011a3,Monitor,319.62,2,0.13,556.14,Turkey
0c8c63c3,2024-05-14,eBay,70a4ae,Laptop,887.99,4,0.07,3303.32,Kuwait
db7cbc95,2024-09-12,Amazon,aaa299,Smartwatch,878.42,2,0.1,1581.16,Saint Pierre and Miquelon
ebce0582,2024-12-15,eBay,f65199,Smartphone,863.25,1,0.3,604.28,Faroe Islands
a2635203,2024-05-31,eBay,760791,Smartwatch,1344.41,4,0.11,4786.1,Finland
31200c78,2024-06-13,Amazon,5e2fb6,Laptop,1005.16,2,0.16,1688.67,Paraguay
0fb7fadd,2024-11-11,eBay,d04c55,Tablet,1058.99,1,0.25,794.24,Saint Kitts and Nevis
5e2ca782,2025-01-05,Amazon,21901e,Monitor,893.09,1,0.16,750.2,Cayman Islands
9bf7b8a5,2024-02-04,Amazon,4762ed,Monitor,1983.81,4,0.1,7141.72,Indonesia
a16a7609,2024-04-21,Shopify,1340d3,Smartphone,1858.74,2,0.16,3122.68,Barbados
0a475f57,2024-09-20,Shopify,9e0b4c,Smartwatch,650.06,1,0.03,630.56,Croatia
8749cf55,2024-05-27,Shopify,4be223,Smartphone,267.61,4,0.04,1027.62,Switzerland
7f04ffef,2024-07-17,Shopify,03c0c8,Tablet,1687.54,1,0.21,1333.16,Barbados
29a26c20,2024-09-11,eBay,16723e,Smartwatch,1994.48,3,0.28,4308.08,Myanmar
85e9b6e5,2024-02-04,Shopify,1cf27d,Smartwatch,620.59,4,0.22,1936.24,Bangladesh
b3026687,2024-06-04,Amazon,9491ae,Smartphone,747.68,1,0.02,732.73,Hong Kong
ecf6b645,2024-08-26,eBay,678da5,Smartphone,1886.18,4,0.12,6639.35,Guyana
60988aac,2024-03-05,Shopify,b345ad,Laptop,1436.7,4,0.0,5746.8,Bulgaria
9993d329,2024-03-29,Amazon,f08618,Camera,626.49,2,0.15,1065.03,Costa Rica
69ae73ca,2024-05-04,eBay,42927a,Camera,1183.04,2,0.06,2224.12,Bahamas
7adb2457,2024-04-17,eBay,69d4df,Tablet,1891.25,1,0.26,1399.52,Saint Lucia
529c9313,2024-07-19,Shopify,f16b99,Camera,1633.04,4,0.03,6336.2,Oman
704dc31b,2024-02-19,eBay,33d7be,Laptop,1496.57,4,0.0,5986.28,Tuvalu
b7229d84,2024-11-01,Amazon,d01ace,Monitor,1487.14,3,0.14,3836.82,Serbia
ed25b4a4,2024-06-16,eBay,36b9b6,Smartwatch,397.14,4,0.05,1509.13,Djibouti
9114ae1b,2024-09-01,Amazon,16355e,Smartphone,1658.13,2,0.22,2586.68,Palestinian Territory
6aba40b4,2024-06-27,eBay,69ca36,Smartwatch,588.43,4,0.28,1694.68,Palau
49f860d0,2024-04-01,Shopify,e4da19,Smartwatch,1864.21,2,0.01,3691.14,Papua New Guinea
d3710f11,2024-12-18,Amazon,e7470f,Headphones,761.05,3,0.12,2009.17,Dominica
1706824b,2024-11-11,eBay,c82561,Monitor,1722.44,1,0.3,1205.71,Antarctica (the territory South of 60 deg S)
9c6a4684,2024-02-24,eBay,241fa2,Headphones,569.16,2,0.22,887.89,Brunei Darussalam
7d3c95c0,2024-08-25,eBay,b82a49,Camera,1053.33,1,0.29,747.86,Mauritania
7e2c0152,2024-04-17,Amazon,9f1bb1,Smartwatch,258.43,1,0.05,245.51,Saint Kitts and Nevis
d52ca0a2,2024-05-18,Amazon,df5037,Smartphone,1337.23,1,0.07,1243.62,Israel
bee006cd,2024-08-03,Amazon,edad8d,Smartwatch,1680.35,1,0.05,1596.33,Pakistan
89a98ec4,2025-01-02,Shopify,70c888,Monitor,1450.97,2,0.09,2640.77,Kuwait
22ac0d18,2024-06-27,Shopify,2de0da,Headphones,1070.35,3,0.22,2504.62,Palestinian Territory
4ab2c2dc,2024-02-21,Amazon,183956,Smartphone,137.98,4,0.05,524.32,Cocos (Keeling) Islands
c49b1d9b,2024-11-24,eBay,01558a,Smartwatch,1870.21,2,0.16,3141.95,United Kingdom
c6b7d19a,2024-09-02,Shopify,c21336,Tablet,1425.7,3,0.08,3934.93,Madagascar
470f78ac,2024-02-10,Amazon,2736cf,Monitor,1504.44,4,0.25,4513.32,Netherlands Antilles
21ae19af,2024-06-10,eBay,0fe08d,Monitor,1599.63,1,0.0,1599.63,Pitcairn Islands
3b41ee3a,2025-02-03,Shopify,ca247a,Tablet,1508.1,4,0.07,5610.13,United Kingdom
839d2d96,2024-08-01,eBay,510931,Smartwatch,910.18,4,0.18,2985.39,Bahamas
d744528a,2024-10-09,eBay,54e10f,Monitor,1480.56,3,0.03,4308.43,Hong Kong
1d80cc04,2024-09-13,eBay,bf0408,Smartphone,1268.8,4,0.14,4364.67,New Zealand
b11045fd,2024-03-28,eBay,09c4d2,Smartwatch,1715.33,1,0.13,1492.34,Albania
88a500d6,2024-05-10,Shopify,41b83e,Smartwatch,1614.8,2,0.26,2389.9,Tajikistan
c7f93b0c,2024-09-06,Shopify,cb6d6b,Headphones,130.68,2,0.19,211.7,Heard Island and McDonald Islands
b0bf20dd,2024-02-16,Shopify,6b17d1,Monitor,788.83,3,0.19,1916.86,Nepal
703daa50,2024-11-02,Amazon,174d3c,Monitor,117.7,1,0.29,83.57,Eritrea
f77195a6,2025-01-28,Shopify,3efe15,Tablet,249.05,1,0.29,176.83,Kiribati
4b0b2c41,2024-08-12,eBay,9681a3,Headphones,1222.75,4,0.2,3912.8,Poland
be430825,2024-07-17,Shopify,d7c046,Camera,1753.95,3,0.16,4419.95,Uruguay
2155675b,2025-01-21,eBay,ebfbe8,Headphones,283.66,1,0.18,232.6,Congo
d2e949f2,2024-10-16,Amazon,e73488,Monitor,929.62,1,0.11,827.36,Aruba
3a4b6825,2024-10-01,eBay,f55ac7,Smartwatch,1826.21,1,0.3,1278.35,Tuvalu
9e5606ff,2025-01-09,eBay,49e2aa,Headphones,1637.89,2,0.21,2587.87,Rwanda
028f61c4,2024-11-28,eBay,2792bf,Tablet,1063.35,2,0.09,1935.3,Sierra Leone
a2489ce8,2024-05-30,Amazon,1a6ac5,Headphones,1554.56,2,0.02,3046.94,Turks and Caicos Islands
6251ad83,2024-07-23,Shopify,b36b4a,Tablet,1069.25,4,0.01,4234.23,Central African Republic
0a4d9467,2024-03-30,Shopify,200e13,Camera,358.28,4,0.06,1347.13,Russian Federation
5abd80ac,2024-10-21,Amazon,197842,Headphones,293.24,4,0.07,1090.85,Northern Mariana Islands
8f5ff483,2024-07-21,eBay,873453,Tablet,417.32,1,0.12,367.24,Rwanda
0563f1e7,2024-09-23,Shopify,2eb0e1,Headphones,734.3,2,0.06,1380.48,Malta
7acad2f8,2024-05-08,Amazon,1bb534,Camera,1864.53,1,0.19,1510.27,Iraq
e26073f1,2024-11-22,Shopify,945018,Headphones,1609.37,1,0.06,1512.81,Cayman Islands
b9d150dd,2024-10-17,Amazon,4683bf,Smartphone,893.96,3,0.06,2520.97,Kenya
8d73383a,2024-11-27,eBay,e3e357,Tablet,1011.5,1,0.14,869.89,Madagascar
2ba07fe9,2024-12-01,Shopify,febd57,Camera,567.94,4,0.27,1658.38,Vietnam
65142ab7,2024-04-26,Amazon,a46bc1,Tablet,1423.49,2,0.14,2448.4,United States Minor Outlying Islands
00c332f6,2024-05-01,Shopify,7471e5,Tablet,1615.39,2,0.12,2843.09,Puerto Rico
1fc12136,2024-12-25,Shopify,594c20,Laptop,515.86,1,0.17,428.16,Somalia
5fb26373,2024-12-03,Shopify,04bce1,Camera,131.55,4,0.08,484.1,Poland
2615c172,2024-12-27,Shopify,fbe275,Headphones,1266.58,4,0.11,4509.02,United States Virgin Islands
37c43bfa,2024-09-21,Amazon,784359,Tablet,1146.9,4,0.06,4312.34,Turkey
b1e22bec,2024-10-17,eBay,5659c2,Monitor,834.16,2,0.17,1384.71,Greenland
43b2516b,2024-11-14,Amazon,19041e,Laptop,1305.59,4,0.21,4125.66,Zambia
e077c8da,2024-10-15,Amazon,191356,Smartphone,1123.7,4,0.2,3595.84,Jordan
d0383204,2024-12-17,Amazon,ab1f4d,Tablet,538.63,1,0.08,495.54,Russian Federation
8a63abb5,2024-09-30,eBay,50be0d,Tablet,825.57,3,0.23,1907.07,United States Minor Outlying Islands
4dd0c9be,2024-02-17,Shopify,cf1cf5,Laptop,884.82,4,0.08,3256.14,Peru
ac5c9e29,2024-04-21,Shopify,655072,Headphones,1766.48,1,0.05,1678.16,Palau
d509456c,2024-04-03,Shopify,cb9c1a,Monitor,1923.76,1,0.1,1731.38,Senegal
5ebd43c4,2024-11-30,eBay,ffb154,Smartphone,1791.35,4,0.18,5875.63,Portugal
9156f612,2024-08-17,Shopify,b697e8,Tablet,1452.4,3,0.04,4182.91,Korea
230a0148,2025-01-27,eBay,f0c7c6,Headphones,1190.74,2,0.19,1929.0,Swaziland
cf20f61f,2024-02-07,Shopify,e0aab6,Camera,1394.06,3,0.26,3094.81,Svalbard & Jan Mayen Islands
a8d63b5c,2025-01-19,Shopify,662cce,Monitor,1881.26,4,0.09,6847.79,Rwanda
e6e85595,2025-02-01,Amazon,6047fe,Camera,537.5,3,0.14,1386.75,Cambodia
cea338f4,2025-01-11,eBay,901023,Monitor,1093.48,1,0.07,1016.94,Czech Republic
fa6930dc,2024-05-20,Amazon,32d4ee,Smartphone,1394.74,1,0.11,1241.32,Namibia
bdcb081a,2024-08-21,Amazon,e25a17,Smartwatch,1374.53,3,0.01,4082.35,Antarctica (the territory South of 60 deg S)
7d0229e6,2024-12-27,Amazon,7d170c,Monitor,541.94,2,0.29,769.55,Turkey
1a84cc88,2024-10-15,eBay,d26941,Smartwatch,1194.13,3,0.12,3152.5,Svalbard & Jan Mayen Islands
06938b45,2024-10-02,eBay,6ea6e5,Camera,1602.03,4,0.24,4870.17,Belarus
d8f15cd1,2024-03-09,Shopify,53ae93,Monitor,976.4,2,0.04,1874.69,Hong Kong
4902d2f0,2024-11-14,Amazon,4bc1d5,Smartphone,1596.93,3,0.24,3641.0,Kazakhstan
36fbfd3c,2024-11-02,Shopify,994b96,Laptop,751.77,3,0.26,1668.93,Cocos (Keeling) Islands
1fba7927,2024-06-14,Amazon,d1d883,Smartphone,1880.58,2,0.21,2971.32,Venezuela
ede48949,2024-02-21,eBay,c69799,Smartphone,1091.16,3,0.27,2389.64,Congo
c5285288,2025-01-08,eBay,ebe41c,Laptop,1212.1,4,0.05,4605.98,Ireland
abc721df,2024-06-10,eBay,55345d,Laptop,111.16,1,0.14,95.6,Faroe Islands
65da66f3,2024-02-27,Amazon,465e5a,Headphones,382.02,4,0.19,1237.74,Nepal
30741675,2025-01-18,eBay,e4a549,Monitor,1284.22,3,0.18,3159.18,Turkmenistan
95ab9a58,2025-02-03,Amazon,484d49,Camera,868.75,1,0.26,642.88,Bouvet Island (Bouvetoya)
3b87b482,2024-07-15,Shopify,143b94,Headphones,1040.92,2,0.06,1956.93,Cook Islands
8d92b40d,2024-02-22,Amazon,72ee35,Laptop,172.79,4,0.05,656.6,Tanzania
3985461c,2024-05-08,Shopify,5a93ce,Smartwatch,1676.56,2,0.08,3084.87,Barbados
09fece2b,2024-11-05,Amazon,678c67,Camera,1579.79,1,0.27,1153.25,Guernsey
a1eff5f4,2024-10-17,Shopify,8432fa,Smartwatch,411.44,3,0.28,888.71,Puerto Rico
3b4f815a,2024-09-05,eBay,62614d,Smartphone,1286.94,1,0.17,1068.16,United States Virgin Islands
72ccff01,2025-01-15,Shopify,bc91b6,Tablet,1645.71,1,0.15,1398.85,Brunei Darussalam
dd56b07e,2024-09-06,eBay,9eb9f0,Smartphone,1299.67,2,0.18,2131.46,Ireland
148e6d54,2024-10-05,eBay,b5842f,Smartphone,655.28,4,0.18,2149.32,Dominica
a29106e0,2024-07-23,Shopify,324be6,Tablet,1329.42,1,0.05,1262.95,Canada
53adaa5b,2024-07-09,Amazon,4b0b3a,Monitor,460.4,3,0.21,1091.15,Vietnam
01ff3a73,2024-03-24,Amazon,f9f711,Laptop,670.6,1,0.14,576.72,American Samoa
aee9a060,2024-03-09,Amazon,29604e,Smartwatch,518.14,2,0.16,870.48,Lao People's Democratic Republic
491b0773,2025-01-08,Amazon,3900b2,Smartphone,1136.0,4,0.01,4498.56,Wallis and Futuna
db1f95bd,2024-10-10,Amazon,6119c3,Tablet,261.04,3,0.23,603.0,Guinea-Bissau
de450083,2024-02-23,eBay,12738e,Headphones,1869.96,2,0.25,2804.94,New Zealand
54f47559,2025-01-31,Amazon,d773a0,Smartphone,700.35,1,0.19,567.28,Ethiopia
218348a0,2024-12-01,eBay,5f88d0,Smartwatch,476.99,1,0.22,372.05,Nigeria
1eeb0929,2024-06-04,eBay,7fe44a,Laptop,1018.27,4,0.16,3421.39,Falkland Islands (Malvinas)
61302620,2024-10-22,eBay,6cfaf0,Smartphone,590.15,2,0.19,956.04,French Guiana
1af5b425,2024-08-20,Shopify,7dbd42,Smartphone,1093.06,2,0.12,1923.79,Lebanon
e92eacbc,2024-12-04,Shopify,f61c83,Monitor,729.59,4,0.24,2217.95,Russian Federation
5443d468,2024-10-15,eBay,78e198,Tablet,307.53,3,0.14,793.43,Peru
57a5f7b9,2024-04-28,Shopify,f7101f,Headphones,568.5,2,0.2,909.6,Albania
52f719b0,2024-06-12,Amazon,c69e75,Headphones,904.96,4,0.19,2932.07,Mayotte
40acedf6,2024-08-15,Amazon,9c0a87,Camera,109.07,2,0.21,172.33,Malta
62e97f4c,2024-03-13,eBay,264069,Laptop,1552.75,4,0.24,4720.36,Cambodia
3d072362,2024-07-30,Amazon,3c6697,Camera,1262.56,1,0.15,1073.18,Madagascar
8d24f4db,2024-09-28,eBay,f4adf0,Smartwatch,1222.65,1,0.24,929.21,Cuba
3b1e087b,2024-05-20,eBay,ef47a8,Laptop,1114.8,2,0.15,1895.16,Reunion
80ada1f4,2024-03-28,Amazon,479321,Smartphone,1201.11,2,0.29,1705.58,El Salvador
92945146,2024-04-15,Shopify,bbf660,Smartphone,1872.57,1,0.23,1441.88,Eritrea
040793cd,2024-08-05,Amazon,8627ba,Headphones,66.71,3,0.05,190.12,Turks and Caicos Islands
6567646d,2024-06-16,Amazon,e56c42,Smartwatch,143.21,4,0.25,429.63,Uganda
cc2bcf0d,2024-02-11,eBay,1685bf,Tablet,423.41,3,0.17,1054.29,Solomon Islands
e9483b78,2024-10-22,eBay,785fb4,Smartwatch,376.24,3,0.3,790.1,Mexico
2d3d0f6b,2024-11-14,eBay,8bd5eb,Smartphone,403.33,3,0.22,943.79,Namibia
54d04d1a,2024-12-12,eBay,f100fb,Tablet,1360.29,1,0.03,1319.48,Martinique
d7fd1cce,2024-04-05,Shopify,174752,Smartwatch,945.99,2,0.12,1664.94,Ethiopia
8324cae4,2024-12-18,Shopify,2bf6f6,Smartwatch,1983.97,3,0.16,4999.6,Aruba
b6841d6e,2024-12-18,Shopify,965327,Tablet,492.43,1,0.25,369.32,Thailand
6b9dd663,2024-04-23,eBay,7730cf,Smartphone,656.12,4,0.22,2047.09,Cote d'Ivoire
27a7d5f7,2025-01-09,eBay,f29cc6,Smartwatch,1969.27,2,0.11,3505.3,Tunisia
4b0918d2,2024-04-05,eBay,4d5afd,Tablet,1671.93,4,0.2,5350.18,Equatorial Guinea
53392471,2024-12-12,Shopify,529f73,Monitor,966.11,3,0.17,2405.61,Senegal
89910d78,2024-03-20,eBay,bbdd9d,Monitor,1131.46,2,0.04,2172.4,Senegal
c7e6946c,2024-05-13,Amazon,90eedd,Smartphone,1694.2,3,0.07,4726.82,Bhutan
b518a089,2025-01-04,Amazon,15c5ac,Tablet,987.91,2,0.1,1778.24,Austria
bd108b3d,2024-03-25,eBay,b64a91,Monitor,451.75,3,0.06,1273.94,Turkmenistan
e90a804d,2024-05-20,Amazon,d8a08f,Tablet,1665.47,4,0.05,6328.79,Reunion
2b19bde6,2024-04-27,Amazon,cc540b,Smartwatch,1098.66,4,0.02,4306.75,Belarus
d9d5ce19,2024-10-06,Shopify,a03f4c,Smartphone,348.43,3,0.26,773.51,Angola
3cd7cdf3,2024-05-07,eBay,7c3d3c,Monitor,1035.89,2,0.09,1885.32,Monaco
63d1c14d,2024-07-23,eBay,df0876,Camera,855.75,4,0.09,3114.93,Belgium
ef8fbae7,2024-06-05,Shopify,a6a2c6,Smartwatch,1759.84,2,0.06,3308.5,Costa Rica
68ac5fe0,2024-08-21,Amazon,f3772a,Camera,295.81,2,0.14,508.79,Isle of Man
329d670b,2024-05-10,Amazon,2f92c7,Camera,1756.66,4,0.15,5972.64,Pitcairn Islands
4e03bd34,2024-12-16,eBay,cf3366,Laptop,1048.81,1,0.06,985.88,Liechtenstein
d0e682c7,2024-06-22,Amazon,814519,Laptop,838.51,1,0.18,687.58,Guernsey
dadc9ad8,2024-07-28,Shopify,e62a5a,Smartphone,365.84,2,0.22,570.71,Monaco
1d863574,2024-12-02,Shopify,a51e54,Monitor,1416.6,4,0.11,5043.1,El Salvador
8f015e27,2025-01-25,eBay,5f958e,Monitor,1857.27,1,0.18,1522.96,Maldives
51d43aa5,2024-05-09,Shopify,174a94,Monitor,781.99,3,0.15,1994.07,Poland
04fb8bd4,2024-12-07,Shopify,1a65c3,Tablet,521.09,2,0.06,979.65,Afghanistan
8bae02af,2025-01-29,eBay,9e8bf8,Smartwatch,1131.99,1,0.22,882.95,Mayotte
d506f488,2025-01-23,Shopify,cdd38a,Monitor,1602.56,4,0.24,4871.78,Yemen
f5f1b745,2024-02-20,Shopify,4abb32,Smartwatch,57.35,4,0.19,185.81,Barbados
59e1a360,2024-09-16,Shopify,36f52d,Smartphone,1281.19,2,0.1,2306.14,Serbia
0eac8866,2024-02-22,Amazon,997cd7,Camera,1213.21,4,0.28,3494.04,Guatemala
98fe67aa,2024-04-09,eBay,6b6893,Monitor,670.4,3,0.14,1729.63,Austria
a8237d50,2024-06-21,eBay,1ad277,Smartphone,930.27,3,0.08,2567.55,Ukraine
af7695a6,2025-01-05,eBay,6d0853,Monitor,531.58,1,0.12,467.79,Ghana
4bab5087,2024-11-02,Amazon,a0055f,Laptop,1590.28,4,0.21,5025.28,Reunion
5abb91d6,2024-09-21,Amazon,3b512a,Headphones,1287.34,3,0.25,2896.51,Philippines
189d81dd,2024-07-06,eBay,5d46dc,Smartphone,1088.79,2,0.11,1938.05,United States of America
bb2c3567,2024-08-30,Amazon,7a172a,Monitor,815.43,4,0.07,3033.4,Russian Federation
d996b67d,2024-12-09,eBay,1820ae,Headphones,618.2,1,0.19,500.74,Hong Kong
2f002902,2025-01-27,Amazon,059a78,Smartphone,1654.34,2,0.28,2382.25,Greece
4854091a,2024-02-20,Shopify,23a20d,Tablet,930.24,2,0.05,1767.46,Mongolia
9961b3d5,2024-04-20,Shopify,5570d8,Monitor,1027.82,2,0.24,1562.29,Kenya
27408d32,2024-05-10,eBay,9d1f36,Tablet,1065.62,3,0.14,2749.3,China
54b10ea8,2025-01-21,Amazon,9a6ff7,Laptop,924.32,2,0.24,1404.97,Nicaragua
49d445f6,2024-05-24,Amazon,25585e,Monitor,549.37,3,0.15,1400.89,Brunei Darussalam
70d1fdc9,2025-01-27,Shopify,55830d,Camera,284.66,2,0.11,506.69,Niue
648841d6,2024-03-03,Shopify,9081ae,Laptop,242.15,3,0.21,573.9,Marshall Islands
c169135f,2024-06-05,Amazon,0589eb,Headphones,1527.05,4,0.27,4458.99,Isle of Man
9b2fa882,2024-02-25,Amazon,dc658e,Smartphone,485.88,3,0.1,1311.88,Guinea
941c5964,2024-03-25,Amazon,53de6b,Smartwatch,158.56,3,0.14,409.08,Antigua and Barbuda
395a4401,2024-04-02,Amazon,64cdd2,Laptop,1605.16,4,0.07,5971.2,Cameroon
638e955a,2025-01-25,Amazon,3cd259,Smartwatch,350.42,2,0.06,658.79,Niger
d2906be6,2024-11-08,Amazon,632581,Smartwatch,1269.03,4,0.23,3908.61,Philippines
ad79e905,2024-05-28,eBay,85e5c0,Smartphone,710.35,2,0.06,1335.46,Somalia
9ffbd769,2024-08-06,Amazon,b2e4f1,Headphones,296.64,3,0.24,676.34,Guernsey
f4c7c080,2024-10-20,Shopify,415ffe,Smartphone,858.24,2,0.13,1493.34,Russian Federation
adda927a,2024-05-16,eBay,2b7558,Monitor,78.88,3,0.3,165.65,Marshall Islands
c2569ba7,2024-09-17,Amazon,79180a,Laptop,1690.04,2,0.06,3177.28,Puerto Rico
1812c26c,2024-05-16,Shopify,11dd44,Smartwatch,1051.32,3,0.03,3059.34,Martinique
2781e754,2024-09-10,eBay,c6c175,Smartphone,321.36,3,0.02,944.8,Japan
fdd558dd,2024-09-30,Shopify,696bea,Smartphone,512.11,1,0.25,384.08,Northern Mariana Islands
23a06a3a,2024-11-30,Amazon,99401c,Smartphone,923.55,2,0.13,1606.98,Poland
a2599d03,2024-07-11,Amazon,10e5c0,Laptop,418.3,2,0.0,836.6,Belgium
01cf07c7,2024-05-22,Amazon,cd068f,Headphones,573.77,1,0.26,424.59,Lesotho
dd448fab,2024-05-05,Amazon,88c1ce,Camera,1092.05,3,0.26,2424.35,Italy
6c9b514f,2024-07-30,eBay,4fc3ad,Smartphone,1673.59,3,0.24,3815.79,Cayman Islands
b8476a2d,2024-03-14,eBay,300a0b,Laptop,833.59,1,0.07,775.24,Mali
9ece0b6e,2024-11-16,Shopify,fba19f,Smartwatch,1448.1,1,0.11,1288.81,Malta
c4fb660a,2024-05-14,Amazon,d7b238,Monitor,1759.53,4,0.22,5489.73,Brunei Darussalam
9796b4cc,2024-03-04,Shopify,6858b0,Camera,471.79,3,0.15,1203.06,Niger
59ef5304,2024-03-12,eBay,b04bd6,Tablet,1624.02,4,0.05,6171.28,Lao People's Democratic Republic
edc4b520,2024-10-16,Amazon,25260d,Camera,1526.93,2,0.07,2840.09,Vietnam
2185ab1d,2024-09-17,Amazon,25f702,Camera,746.03,4,0.29,2118.73,United States of America
6a4ed7fb,2024-09-09,eBay,39c1ef,Laptop,1979.56,1,0.05,1880.58,Israel
fa3ebab0,2024-04-16,eBay,d5ae21,Tablet,562.02,1,0.22,438.38,Micronesia
2a254d97,2024-02-28,eBay,9d3321,Smartphone,546.87,1,0.14,470.31,Guernsey
853da7ea,2024-04-13,eBay,993000,Smartphone,1555.91,1,0.22,1213.61,Holy See (Vatican City State)
8fc6b9de,2025-01-26,eBay,4c6e5c,Camera,897.58,4,0.2,2872.26,Libyan Arab Jamahiriya
456eacfc,2024-10-29,Amazon,27eb6e,Laptop,695.05,4,0.13,2418.77,Malta
5b8e44a1,2024-09-26,eBay,6870b0,Tablet,398.39,4,0.11,1418.27,Seychelles
9e90268d,2024-11-30,Amazon,52f7f1,Smartphone,1542.4,1,0.23,1187.65,Papua New Guinea
ea313071,2024-02-19,Amazon,cb3781,Smartwatch,1583.33,1,0.1,1425.0,Qatar
b7b5425b,2024-02-17,eBay,48e62c,Headphones,1154.8,3,0.24,2632.94,Iran
41229043,2024-07-13,eBay,b3c1d2,Headphones,1916.76,3,0.2,4600.22,Australia
94b53d50,2024-08-15,Amazon,5bf097,Smartphone,670.42,1,0.17,556.45,Italy
44672e5e,2024-04-28,eBay,ce27b4,Tablet,478.26,3,0.11,1276.95,China
adc475cf,2025-01-09,eBay,231726,Monitor,1371.06,2,0.06,2577.59,Belarus
eaa039a2,2024-09-09,eBay,dc976b,Smartphone,1528.9,2,0.21,2415.66,Micronesia
52e8358e,2024-12-19,Shopify,1fd776,Monitor,488.57,1,0.03,473.91,Chad
ea5f6120,2024-10-01,Amazon,31ac7d,Monitor,199.39,4,0.29,566.27,Samoa
a67f16c0,2024-04-27,Shopify,35351d,Tablet,1630.51,2,0.29,2315.32,French Southern Territories
20818608,2024-12-04,eBay,c36acb,Monitor,1954.18,2,0.04,3752.03,South Georgia and the South Sandwich Islands
f58a134b,2024-11-15,Shopify,40af0e,Smartwatch,1307.11,4,0.03,5071.59,French Guiana
804c3a22,2024-03-18,eBay,08edb4,Tablet,591.84,3,0.12,1562.46,Belgium
01dda4a8,2024-03-15,Shopify,021ba2,Smartphone,1993.51,4,0.29,5661.57,Korea
9a6e0a29,2024-02-08,eBay,b3840e,Camera,1791.87,3,0.12,4730.54,Denmark
1cb8ff08,2024-10-02,Shopify,10ad5c,Smartwatch,1051.09,3,0.11,2806.41,Philippines
789c520f,2024-05-26,Shopify,0b2ce8,Laptop,1659.38,4,0.21,5243.64,Zambia
0f40dc9b,2024-10-24,Shopify,f9800b,Headphones,1640.85,3,0.05,4676.42,Tonga
27157ce3,2024-10-10,Amazon,36a578,Smartphone,1872.86,2,0.11,3333.69,Saint Vincent and the Grenadines
ead79893,2024-12-24,Shopify,295673,Smartphone,1689.8,1,0.09,1537.72,El Salvador
22bc2aff,2024-11-27,Amazon,50cca1,Smartphone,1305.17,3,0.18,3210.72,Libyan Arab Jamahiriya
f0964eac,2024-07-09,eBay,afe050,Smartwatch,1238.14,2,0.05,2352.47,Saint Vincent and the Grenadines
0e1a7bfd,2024-05-08,Shopify,4622ae,Laptop,961.35,4,0.16,3230.14,Nicaragua
dd69f681,2024-12-27,eBay,e58339,Camera,1271.65,3,0.26,2823.06,Indonesia
c3517f54,2024-08-17,eBay,29155c,Tablet,1600.67,2,0.15,2721.14,Tanzania
5dc7341d,2024-06-08,Shopify,640fdf,Laptop,1939.62,3,0.21,4596.9,Croatia
48fa90df,2024-12-31,Amazon,3e9297,Smartwatch,961.21,4,0.02,3767.94,Cuba
94d487f0,2024-05-11,Shopify,84cc07,Smartphone,1168.62,1,0.13,1016.7,Barbados
2611a2db,2024-07-09,eBay,29f70c,Headphones,917.37,3,0.03,2669.55,Fiji
55fdbcd2,2025-01-07,eBay,b6c3ed,Smartphone,1353.55,1,0.18,1109.91,Mozambique
f45868ce,2024-05-10,Shopify,cb18ce,Tablet,1278.34,3,0.08,3528.22,American Samoa
956abe78,2024-12-22,Amazon,89c34a,Monitor,84.78,3,0.09,231.45,Anguilla
0abd21ea,2024-07-26,Amazon,cfb0fa,Headphones,1105.27,4,0.02,4332.66,Russian Federation
2db4c1a6,2024-12-31,eBay,8a7bdb,Smartphone,222.55,3,0.09,607.56,Marshall Islands
86e31637,2024-06-16,eBay,2d4a8b,Camera,101.45,2,0.15,172.46,Western Sahara
5f30cdca,2024-02-23,Amazon,a7dc3f,Headphones,1592.83,2,0.18,2612.24,Somalia
ab80663c,2024-05-20,Shopify,1e4e98,Monitor,554.37,1,0.02,543.28,Sudan
3a3675f3,2024-02-11,eBay,181448,Laptop,714.28,1,0.2,571.42,Comoros
08e282b2,2024-02-26,Amazon,349c9a,Smartwatch,174.96,2,0.15,297.43,Philippines
9f70558a,2025-01-06,eBay,1ab49c,Smartphone,400.03,1,0.16,336.03,Korea
e7c3ae94,2024-06-05,Shopify,9e8449,Tablet,1542.93,1,0.25,1157.2,Mongolia
ea4e34a7,2024-11-25,Amazon,2e255b,Laptop,1012.39,2,0.1,1822.3,Solomon Islands
d7e1da8c,2024-12-29,eBay,0ea68f,Smartphone,1767.3,2,0.05,3357.87,Hungary
f78ec372,2024-06-19,Shopify,7aac6e,Laptop,824.62,2,0.17,1368.87,Eritrea
d59ce1c5,2024-05-05,eBay,229d87,Tablet,573.97,4,0.28,1653.03,Austria
81b68ab2,2024-04-01,Shopify,eeb444,Smartphone,727.82,4,0.16,2445.48,Brazil
981c0a32,2024-04-24,Shopify,6e8a81,Monitor,1439.9,2,0.25,2159.85,San Marino
5687751e,2024-05-09,Amazon,c5d692,Monitor,1132.26,3,0.23,2615.52,Saint Kitts and Nevis
e28a978b,2024-03-17,Shopify,699693,Tablet,1813.17,2,0.16,3046.13,Czech Republic
23820ed7,2024-07-28,eBay,ac5cc4,Headphones,1224.23,4,0.19,3966.51,Mali
d7db5faa,2024-08-26,Shopify,685de5,Tablet,1011.39,1,0.12,890.02,Jordan
38525732,2024-12-24,Shopify,f71022,Headphones,1582.22,3,0.16,3987.19,Madagascar
412e542f,2024-03-22,Amazon,a9d017,Smartphone,1897.69,3,0.15,4839.11,Dominica
30cc018b,2024-04-21,Shopify,9d5a7d,Headphones,743.9,1,0.21,587.68,Guinea
81fd223b,2024-06-08,Shopify,873352,Smartphone,537.26,3,0.12,1418.37,Northern Mariana Islands
6576b21d,2024-07-10,eBay,8396ac,Smartphone,1251.62,1,0.03,1214.07,Germany
67f134b1,2024-12-22,Amazon,ff9406,Camera,1022.8,4,0.24,3109.31,Mongolia
5e0b98a0,2024-12-07,Amazon,8a4090,Smartwatch,1978.91,3,0.21,4690.02,Tanzania
854b3ce0,2024-10-19,Amazon,3a6311,Smartphone,951.61,3,0.29,2026.93,Holy See (Vatican City State)
162001b5,2024-07-16,Shopify,deea70,Headphones,194.95,1,0.13,169.61,Oman
6d58a2b2,2024-07-20,Amazon,71e343,Smartwatch,1955.87,1,0.02,1916.75,Sri Lanka
24351641,2024-02-18,Shopify,f34e46,Smartwatch,1694.99,4,0.04,6508.76,Cote d'Ivoire
989d0587,2024-12-26,Shopify,e3e07f,Smartphone,397.59,1,0.23,306.14,Guyana
68c6ea16,2024-09-03,eBay,780fa9,Tablet,1813.98,1,0.02,1777.7,Bahamas
be52e6cc,2024-06-25,eBay,9a86e0,Tablet,714.3,4,0.27,2085.76,Netherlands Antilles
7333abf8,2024-06-30,eBay,c11d3b,Monitor,785.37,2,0.08,1445.08,Bahamas
8bd2e5fa,2025-01-22,eBay,b955d3,Smartwatch,1817.46,2,0.27,2653.49,Montserrat
b27cf184,2025-02-01,eBay,73f808,Smartphone,1083.73,1,0.23,834.47,Mauritius
e7d9a1b2,2024-11-14,Shopify,15975e,Camera,318.64,4,0.26,943.17,Bulgaria
7f2bc05c,2024-09-18,Shopify,cee419,Tablet,769.66,2,0.06,1446.96,Tajikistan
74aa203b,2024-12-20,Amazon,10ef42,Camera,1458.09,4,0.18,4782.54,Russian Federation
829d3b0e,2024-12-26,Shopify,10d01c,Smartphone,389.66,1,0.03,377.97,Nicaragua
60403665,2024-04-30,Shopify,3fc7b4,Smartphone,1200.95,1,0.06,1128.89,Gambia
0a007f1c,2024-09-16,eBay,363a84,Smartwatch,1405.78,4,0.09,5117.04,Peru
fc9266c6,2024-12-05,Shopify,b12f5f,Camera,720.51,3,0.22,1685.99,Turkey
c515d76b,2024-02-20,eBay,f57fd2,Monitor,1403.07,1,0.01,1389.04,Malaysia
eb15e7ea,2024-05-02,Amazon,9355c5,Smartwatch,1774.2,1,0.27,1295.17,Anguilla
4bf2720e,2024-03-28,Amazon,805d40,Laptop,970.63,1,0.02,951.22,Sao Tome and Principe
2ad9cd19,2024-04-15,Shopify,22d253,Camera,796.67,1,0.11,709.04,Greece
ec99d0f2,2024-09-26,Amazon,a58b80,Tablet,539.76,4,0.02,2115.86,United States Virgin Islands
c49ce185,2024-10-13,Shopify,5b46de,Tablet,1228.2,4,0.23,3782.86,Argentina
2076f5b4,2024-07-01,Amazon,0b0c4c,Tablet,1765.71,4,0.04,6780.33,Russian Federation
323afe17,2024-07-15,eBay,803bd2,Headphones,683.09,4,0.27,1994.62,Suriname
52cd8898,2024-08-21,eBay,9b2ef5,Smartphone,822.66,3,0.16,2073.1,Finland
23d3f269,2024-02-25,eBay,644ff0,Smartwatch,842.92,4,0.28,2427.61,Cyprus
f8bc6213,2024-08-28,eBay,7e1bb3,Tablet,1143.58,4,0.09,4162.63,Equatorial Guinea
24d290d0,2024-04-13,Shopify,a05cc7,Laptop,495.4,1,0.14,426.04,Antigua and Barbuda
2c01788b,2024-10-29,Amazon,5805ac,Tablet,1653.31,3,0.21,3918.34,Sao Tome and Principe
2f4e8c29,2024-06-03,Shopify,dc675d,Monitor,626.42,1,0.25,469.81,Turks and Caicos Islands
243cd7c8,2024-08-19,eBay,f60cd9,Smartphone,1425.46,3,0.13,3720.45,Egypt
8f198df9,2024-06-02,Shopify,4bec20,Camera,1050.77,2,0.27,1534.12,United Kingdom
4a8399a0,2024-02-16,Amazon,12a301,Smartphone,1192.5,3,0.04,3434.4,Liechtenstein
0930c5db,2024-07-26,Shopify,290477,Camera,400.24,3,0.21,948.57,Greece
c518676b,2024-08-11,Amazon,f0e236,Camera,1483.3,1,0.1,1334.97,Sri Lanka
9f3bcf9c,2024-12-22,Shopify,2b27e5,Smartwatch,417.81,3,0.03,1215.83,Congo
ddee3710,2024-03-13,Amazon,a7437c,Headphones,271.27,3,0.12,716.15,South Georgia and the South Sandwich Islands
6c117675,2024-06-16,Amazon,e1697d,Camera,1116.03,1,0.26,825.86,Pitcairn Islands
f701223b,2024-04-17,eBay,8b4bc2,Camera,1433.13,2,0.29,2035.04,Sweden
c79d8903,2024-04-06,Amazon,132aba,Smartwatch,147.57,2,0.12,259.72,Estonia
abc54746,2024-03-09,eBay,b46bc1,Tablet,185.32,2,0.27,270.57,Reunion
d4b79aac,2025-01-16,eBay,ecd7ff,Monitor,1615.22,3,0.15,4118.81,Sudan
f1ba05b1,2024-10-25,eBay,8499cd,Laptop,1627.61,1,0.22,1269.54,Bouvet Island (Bouvetoya)
91c3cfe0,2024-06-10,Shopify,d8d4a4,Smartwatch,528.34,2,0.01,1046.11,Japan
4f0e5e9a,2024-02-27,Shopify,408a0c,Headphones,1249.69,2,0.17,2074.49,Grenada
5d943457,2025-01-03,Shopify,d43c21,Smartwatch,914.2,2,0.02,1791.83,Iceland
263f118c,2024-05-25,Shopify,84930f,Smartphone,1283.76,2,0.08,2362.12,Switzerland
f049659e,2024-09-16,Amazon,02cfb2,Tablet,1732.61,1,0.17,1438.07,Brunei Darussalam
9877c64f,2024-02-05,Amazon,6b7aba,Tablet,205.72,2,0.24,312.69,Isle of Man
ca9d49e7,2024-06-06,Shopify,64c495,Camera,1567.07,3,0.17,3902.0,Mauritius
38a2bf92,2024-12-03,Amazon,19118b,Tablet,1011.41,3,0.28,2184.65,Georgia
fc78b13b,2024-05-18,Amazon,87ad6e,Tablet,1150.05,1,0.24,874.04,Ethiopia
02865c14,2025-01-13,eBay,422392,Tablet,1325.17,4,0.05,5035.65,Holy See (Vatican City State)
42e6a687,2025-02-03,eBay,6ed26f,Tablet,1849.12,2,0.12,3254.45,Japan
24251508,2024-08-29,eBay,7eb130,Laptop,160.6,2,0.2,256.96,Iraq
ec72cb30,2024-07-11,eBay,e3293c,Headphones,107.48,3,0.28,232.16,Northern Mariana Islands
652a332f,2024-06-25,Amazon,7bf4e0,Camera,397.61,1,0.3,278.33,British Virgin Islands
e879a44d,2025-01-20,Shopify,ce8264,Tablet,1973.57,4,0.23,6078.6,Congo
27ba251a,2024-04-20,Amazon,5e664a,Camera,1444.4,3,0.17,3596.56,Denmark
9872623d,2024-04-12,Amazon,0924fd,Headphones,1248.55,4,0.23,3845.53,Romania
17d8ebf9,2024-07-02,Amazon,af7a0a,Monitor,141.73,1,0.08,130.39,Paraguay
b548863f,2025-01-11,eBay,73074a,Tablet,1764.26,1,0.09,1605.48,Niue
9436a7f4,2024-11-17,eBay,b5ee3c,Camera,1634.88,1,0.2,1307.9,Martinique
91571307,2024-07-23,eBay,2e658e,Smartwatch,1346.36,3,0.26,2988.92,Spain
f177afee,2024-07-18,Shopify,4d3ce7,Camera,711.31,1,0.29,505.03,Chad
3685c4cd,2024-08-27,Amazon,94f994,Tablet,187.48,3,0.1,506.2,Lithuania
0d4317f1,2024-09-10,Shopify,12e30c,Smartphone,1181.08,3,0.24,2692.86,Libyan Arab Jamahiriya
88b44c41,2024-02-21,eBay,a22fed,Laptop,1453.4,2,0.26,2151.03,Holy See (Vatican City State)
b7919047,2024-10-03,Shopify,a803b3,Smartwatch,233.77,3,0.19,568.06,Dominican Republic
0393f028,2024-03-25,Amazon,4f2f66,Smartwatch,1285.85,3,0.1,3471.79,Benin
975eb5b7,2024-08-06,Amazon,bd7ecd,Smartphone,608.41,2,0.19,985.62,Antigua and Barbuda
43bdf6cb,2024-06-11,eBay,d3d2de,Tablet,1540.28,4,0.18,5052.12,North Macedonia
f3301274,2024-04-01,eBay,6600b4,Laptop,1102.25,2,0.18,1807.69,Belize
a42e28d5,2024-12-08,Shopify,324493,Smartwatch,301.62,2,0.19,488.62,Azerbaijan
dc0f6ae8,2024-06-02,eBay,bc7aa0,Laptop,1076.71,1,0.25,807.53,Singapore
7ee504f9,2025-01-22,eBay,e04bab,Smartwatch,821.69,1,0.05,780.61,Mexico
b9ffea9c,2024-09-14,Amazon,86add5,Tablet,401.69,2,0.11,715.01,Maldives
34f67f27,2024-11-07,eBay,21c9db,Monitor,1690.96,1,0.18,1386.59,Anguilla
c8cfd3cf,2024-04-05,eBay,3af4aa,Smartwatch,71.51,2,0.08,131.58,Bermuda
afba4d4f,2024-11-04,Amazon,f3b849,Monitor,658.65,1,0.29,467.64,Namibia
d8b58196,2024-08-12,Amazon,2c7693,Smartwatch,74.56,3,0.08,205.79,Andorra
ff4ba659,2024-04-27,Shopify,1cf1f4,Headphones,237.21,1,0.14,204.0,Hungary
b8e85802,2025-01-20,eBay,b957ac,Tablet,629.34,1,0.26,465.71,Liechtenstein
fb5545e0,2024-06-16,Amazon,73c7aa,Smartphone,155.83,3,0.02,458.14,Syrian Arab Republic
f9a5f516,2025-01-08,Shopify,183334,Monitor,1213.43,2,0.25,1820.14,Nicaragua
5a5d899d,2024-02-12,Shopify,137dd9,Smartphone,219.38,1,0.17,182.09,Paraguay
d496ccc4,2025-01-23,eBay,572b27,Tablet,1418.34,1,0.01,1404.16,Burkina Faso
65a185c1,2024-11-07,eBay,abbbef,Camera,152.65,3,0.27,334.3,Greenland
74c348c2,2024-04-05,Shopify,2f0df4,Smartphone,165.65,3,0.01,491.98,Cameroon
cf125523,2024-07-29,Amazon,ccc53f,Tablet,645.39,3,0.15,1645.74,Suriname
d9e07f19,2024-06-04,Shopify,924eb5,Smartphone,1798.31,4,0.01,7121.31,Bulgaria
1c41bd65,2024-02-28,eBay,9921dd,Monitor,1300.72,3,0.02,3824.12,Syrian Arab Republic
ed3c5572,2024-06-14,Amazon,39fabe,Headphones,1551.76,2,0.27,2265.57,British Indian Ocean Territory (Chagos Archipelago)
f146b8d1,2024-07-26,Amazon,717f7c,Smartphone,326.03,1,0.23,251.04,Syrian Arab Republic
5f507f0b,2024-11-19,Shopify,86eae6,Monitor,1676.54,1,0.06,1575.95,Gabon
4ff0d024,2025-01-01,eBay,6e4b1e,Smartwatch,65.89,4,0.19,213.48,Brazil
0b8e3de3,2024-07-01,Shopify,6ea065,Tablet,465.46,1,0.24,353.75,Netherlands Antilles
2999048c,2024-04-12,Shopify,34872e,Laptop,1251.38,1,0.27,913.51,Uzbekistan
7ab4903a,2024-03-21,Shopify,af9461,Camera,781.73,2,0.14,1344.58,Central African Republic
25a33da8,2024-08-06,Amazon,61899e,Laptop,1969.18,1,0.27,1437.5,Sao Tome and Principe
1b64d0d9,2024-08-20,Amazon,488fa5,Tablet,109.16,2,0.15,185.57,Ethiopia
5897ca2f,2024-12-10,eBay,fbe104,Headphones,1997.27,4,0.21,6311.37,Bahrain
475e94e6,2024-06-06,eBay,531cb6,Smartphone,1266.07,2,0.29,1797.82,Morocco
e691f74d,2024-09-27,Shopify,a128e2,Headphones,1139.48,3,0.07,3179.15,Slovakia (Slovak Republic)
97118a85,2024-05-14,Shopify,0d2304,Laptop,166.05,3,0.05,473.24,Taiwan
91a628ed,2024-07-30,Shopify,f034d9,Camera,582.99,4,0.1,2098.76,Philippines
801b440f,2024-07-08,eBay,5ea03b,Monitor,1853.09,1,0.05,1760.44,Italy
a6b6db64,2024-08-03,Amazon,9509bb,Camera,740.78,2,0.09,1348.22,Lebanon
28473dee,2025-01-24,Amazon,74c9a1,Tablet,1340.22,3,0.22,3136.11,Ireland
396ae72f,2024-08-20,Shopify,8f0eae,Tablet,1999.02,2,0.14,3438.31,Nepal
cff8d1f1,2024-02-18,Shopify,5075b5,Headphones,562.99,3,0.11,1503.18,Guam
e36f8690,2024-05-09,Shopify,270ce9,Monitor,1173.36,2,0.11,2088.58,Djibouti
d13f0183,2024-02-24,Shopify,c6c637,Headphones,1408.05,1,0.06,1323.57,Egypt
14c2ab69,2024-12-08,eBay,263d1c,Smartphone,371.02,4,0.13,1291.15,Czech Republic
9cf71c7e,2024-05-18,Amazon,326bdb,Smartwatch,339.91,1,0.19,275.33,Timor-Leste
dc93270e,2024-06-11,Shopify,220c59,Monitor,939.8,2,0.04,1804.42,India
9b3a466f,2024-06-20,eBay,3a6cf4,Smartwatch,802.33,3,0.29,1708.96,Eritrea
9b17c955,2024-08-07,Shopify,9deca8,Camera,1442.72,3,0.13,3765.5,Bangladesh
dc8592c3,2024-03-25,Shopify,225bb0,Smartphone,185.54,4,0.28,534.36,Somalia
6f83aa6f,2024-03-29,Amazon,7609a9,Smartwatch,1945.72,1,0.04,1867.89,Tunisia
5b300b0b,2024-05-12,Shopify,5c4c97,Laptop,77.84,1,0.23,59.94,Hungary
0ad91965,2024-04-26,Amazon,0d4903,Camera,1222.57,1,0.19,990.28,Chad
ef3f1dc6,2024-12-23,Amazon,107cd6,Smartwatch,1147.13,3,0.25,2581.04,Liberia
a71d304a,2024-08-03,Amazon,ddd8f7,Smartphone,312.7,4,0.18,1025.66,Australia
caeb3664,2024-10-28,eBay,c11493,Smartwatch,344.29,3,0.29,733.34,Marshall Islands
a08bca25,2024-07-31,eBay,bbcc62,Tablet,1595.72,1,0.19,1292.53,Algeria
70e8cf52,2024-06-23,Amazon,0cc578,Headphones,1780.75,2,0.24,2706.74,Syrian Arab Republic
baf09994,2024-11-14,Shopify,0722d5,Laptop,601.88,3,0.26,1336.17,Martinique
c4f69cd0,2024-11-24,Amazon,fe5e09,Tablet,904.03,4,0.21,2856.73,Andorra
2add3147,2024-06-01,Shopify,b676e4,Tablet,742.24,1,0.16,623.48,Greenland
eecd82ee,2024-11-27,Amazon,1f1827,Smartphone,191.47,2,0.08,352.3,Croatia
456d9bb5,2024-03-04,Shopify,1e5a88,Headphones,1362.75,3,0.26,3025.3,Gabon
17c5a556,2024-07-10,eBay,ebb4d1,Headphones,1659.13,2,0.14,2853.7,United States Minor Outlying Islands
b1642f86,2024-06-11,Shopify,d2873d,Monitor,644.51,2,0.19,1044.11,Kenya
4878a382,2024-12-08,Amazon,da4469,Camera,1980.84,4,0.02,7764.89,Malta
c695ea18,2024-12-05,eBay,f661f3,Laptop,197.91,3,0.15,504.67,United Kingdom
0130eed6,2024-12-14,Shopify,29ef32,Camera,1340.49,4,0.21,4235.95,Cameroon
a281c4cb,2024-12-18,Shopify,d1c793,Smartphone,924.04,1,0.18,757.71,Grenada
ea7ddd6a,2024-02-06,Shopify,9f2929,Laptop,920.87,2,0.13,1602.31,Central African Republic
2b6d1215,2024-05-11,Shopify,08b1c4,Monitor,942.41,4,0.07,3505.77,Senegal
197733df,2024-10-28,Shopify,fb9b0a,Smartwatch,554.43,4,0.09,2018.13,Ukraine
46e43cb2,2024-07-15,eBay,39c22f,Tablet,1445.35,1,0.21,1141.83,Slovenia
30542320,2024-02-17,eBay,4498d1,Laptop,1457.07,3,0.07,4065.23,Burundi
adb38c9e,2024-05-05,eBay,f48e0e,Camera,600.67,4,0.19,1946.17,Ukraine
87e2e85a,2024-07-22,eBay,2c5d7c,Tablet,1678.85,2,0.18,2753.31,Luxembourg
c9c475f7,2024-10-31,Amazon,bc7c52,Smartphone,667.85,2,0.29,948.35,Hong Kong
36e8aac1,2024-07-26,eBay,3a3f8f,Camera,1463.93,2,0.02,2869.3,Cayman Islands
64fa3d5b,2024-07-06,Shopify,d78f17,Smartwatch,285.95,2,0.03,554.74,Libyan Arab Jamahiriya
c0dc5c05,2025-01-09,Shopify,aca1b3,Smartphone,378.97,4,0.15,1288.5,Ghana
7cd2159b,2024-09-21,eBay,f7d7c2,Smartwatch,665.8,2,0.16,1118.54,Malawi
014f66e4,2024-03-20,Shopify,ecb08f,Smartwatch,1208.05,4,0.01,4783.88,Chad
08b05047,2024-08-23,eBay,763a6f,Tablet,1308.75,3,0.25,2944.69,Kenya
437f1510,2025-01-28,Shopify,336cc1,Smartphone,822.89,2,0.15,1398.91,Poland
03a6f670,2024-02-13,Amazon,d79f87,Smartphone,201.79,3,0.1,544.83,Nauru
5be3b41b,2024-07-14,Amazon,39f953,Laptop,778.59,4,0.1,2802.92,Wallis and Futuna
bc67debd,2024-04-24,eBay,57f6cc,Camera,1393.1,1,0.26,1030.89,Albania
654104a8,2024-03-29,eBay,376996,Smartphone,1358.44,3,0.06,3830.8,Madagascar
e3cbe005,2024-06-15,eBay,f6177a,Laptop,362.38,2,0.05,688.52,Sweden
c90a364a,2024-06-18,Shopify,68bd66,Headphones,65.18,1,0.06,61.27,Hong Kong
e55ee143,2025-01-11,eBay,9e7e90,Headphones,1518.31,3,0.19,3689.49,Algeria
9b9ca361,2024-10-12,Amazon,7f234a,Headphones,257.42,4,0.24,782.56,Zambia
07767fbb,2025-01-25,Shopify,871e62,Monitor,210.58,4,0.1,758.09,Yemen
00a4fa08,2024-10-03,eBay,bb8ec7,Smartphone,55.27,4,0.05,210.03,Djibouti
5975b9ed,2025-01-24,Shopify,91af5a,Monitor,893.57,3,0.06,2519.87,Senegal
646ebe3c,2024-12-28,Shopify,e29c9b,Camera,1031.36,4,0.19,3341.61,British Indian Ocean Territory (Chagos Archipelago)
9e2281f7,2024-04-13,eBay,f367f0,Smartphone,1293.44,3,0.07,3608.7,American Samoa
dcafe60c,2024-06-17,Shopify,5302df,Laptop,627.32,2,0.26,928.43,Bangladesh
4a20a8fb,2024-11-09,Amazon,5c4a4f,Monitor,1435.33,2,0.03,2784.54,Armenia
05a833e8,2025-01-12,Amazon,f6dc15,Monitor,380.2,3,0.01,1129.19,Jersey
8cb33679,2024-09-03,Shopify,d6039d,Camera,1672.38,3,0.03,4866.63,New Caledonia
e469a5f8,2024-10-14,eBay,583ac6,Monitor,1165.1,1,0.25,873.82,Antarctica (the territory South of 60 deg S)
e5981cca,2024-05-23,Shopify,52f66c,Smartwatch,1188.59,4,0.2,3803.49,Bosnia and Herzegovina
7571b033,2024-10-08,Amazon,1cf0e5,Laptop,459.06,2,0.29,651.87,Jordan
1bb7e872,2024-06-25,Shopify,5a74ac,Headphones,194.51,2,0.1,350.12,Solomon Islands
28e1c492,2024-06-18,Shopify,fcf2c1,Laptop,956.21,1,0.06,898.84,Costa Rica
ad04c77e,2025-01-21,Amazon,72d708,Smartwatch,1250.44,3,0.17,3113.6,Thailand
ba675763,2024-04-22,Shopify,5a2192,Camera,235.34,3,0.16,593.06,Dominica
54a310af,2024-04-18,Shopify,f9a4d0,Camera,1903.54,1,0.18,1560.9,Kenya
44cc6347,2024-10-11,eBay,33f92e,Smartphone,1961.81,4,0.1,7062.52,Marshall Islands
776f1c30,2024-12-27,eBay,9fdfab,Laptop,1113.64,3,0.0,3340.92,Guam
6b832edf,2024-05-17,Amazon,1d3ee8,Camera,1902.63,3,0.01,5650.81,Faroe Islands
edaf4eb3,2024-11-07,Amazon,0bd895,Monitor,399.92,4,0.2,1279.74,Zambia
9bad271e,2024-12-03,Amazon,220587,Camera,99.57,4,0.16,334.56,Iceland
dbc74f89,2024-07-07,eBay,794476,Camera,126.85,1,0.25,95.14,Denmark
39181524,2024-10-04,Amazon,e7f7dd,Camera,1195.65,1,0.09,1088.04,United Arab Emirates
12a78281,2024-05-11,Amazon,9ac1d4,Camera,170.2,1,0.24,129.35,Djibouti
2e1c4151,2024-09-02,Amazon,47d494,Headphones,1919.16,3,0.13,5009.01,Sao Tome and Principe
bb73579a,2024-04-06,eBay,4ce715,Headphones,326.77,1,0.03,316.97,Cook Islands
3e300728,2024-09-30,Shopify,fbe157,Smartphone,644.21,3,0.29,1372.17,Sudan
8a777584,2024-04-08,Amazon,2b2ca9,Camera,1653.91,2,0.15,2811.65,Russian Federation
4bdce3fa,2024-05-13,Shopify,a7162b,Laptop,476.54,4,0.19,1543.99,Yemen
7c85b95b,2024-11-08,Amazon,d26bc0,Smartwatch,523.79,4,0.2,1676.13,Bahamas
de603f84,2024-05-18,Shopify,d6153a,Smartphone,1302.5,2,0.11,2318.45,French Polynesia
27a81906,2024-08-15,eBay,799468,Laptop,588.37,1,0.22,458.93,Grenada
e98f993c,2024-06-21,eBay,8cd113,Camera,474.02,3,0.26,1052.32,Brazil
ed2a79c1,2024-08-21,Amazon,5370d3,Tablet,545.65,3,0.12,1440.52,Uzbekistan
a2ce8867,2024-11-17,Shopify,ada422,Camera,1006.76,3,0.2,2416.22,Guam
dfe45cc1,2024-07-23,eBay,d78bd3,Headphones,1933.89,4,0.23,5956.38,Indonesia
c7229785,2025-01-31,Amazon,5c0c3f,Smartwatch,1672.86,1,0.06,1572.49,Zimbabwe
bf088972,2024-04-20,Amazon,b43f4a,Monitor,604.99,3,0.1,1633.47,Lao People's Democratic Republic
f7eca5d7,2024-03-27,eBay,bb2ad4,Smartwatch,758.58,3,0.03,2207.47,Greenland
20828c0f,2024-03-15,eBay,1e32e6,Monitor,955.8,3,0.18,2351.27,Moldova
8b7d2e40,2024-06-11,Amazon,e09c87,Smartwatch,1958.91,2,0.24,2977.54,Kiribati
0aad052a,2024-10-10,Shopify,98d6d4,Headphones,386.16,3,0.18,949.95,Senegal
665cd0d2,2024-12-01,Shopify,b8ddb7,Monitor,747.09,2,0.05,1419.47,Korea
a1b3ea3a,2024-07-26,Shopify,ccd931,Laptop,1472.38,3,0.16,3710.4,Georgia
6aa95465,2024-10-05,Amazon,ee1cd2,Monitor,1929.69,3,0.25,4341.8,Ecuador
7620fe79,2024-08-01,eBay,6844ad,Smartphone,353.57,3,0.09,965.25,Tonga
8ddfc52c,2024-06-17,Amazon,cd36ba,Laptop,493.39,2,0.25,740.08,Iran
55a725b3,2024-07-08,eBay,af7191,Smartphone,490.1,3,0.24,1117.43,Palau
b4797250,2025-01-23,Shopify,c05f15,Camera,90.82,1,0.01,89.91,Peru
01fe6677,2024-08-27,Shopify,bfe3b2,Smartwatch,1228.03,3,0.07,3426.2,Lebanon
20d693a9,2024-05-21,eBay,f0ea4f,Laptop,1357.87,2,0.16,2281.22,Kyrgyz Republic
ff979d24,2024-08-09,eBay,cd6084,Smartwatch,1224.93,2,0.22,1910.89,Guyana
9078dab1,2024-03-12,Amazon,c72a55,Camera,189.08,1,0.26,139.92,Norway
6b7071dc,2024-05-20,Shopify,b3c8a2,Tablet,185.0,4,0.19,599.4,Northern Mariana Islands
54f43dcf,2025-01-07,Amazon,9267e0,Smartwatch,460.25,1,0.11,409.62,Micronesia
3cc0e12b,2024-04-04,Amazon,b8a3fa,Camera,616.07,1,0.06,579.11,China
13c7a22d,2024-12-29,Amazon,70dead,Smartwatch,1583.76,2,0.23,2438.99,Mauritius
b6f3373a,2024-09-26,Shopify,cd34e6,Camera,360.81,3,0.06,1017.48,El Salvador
13462034,2024-04-05,Amazon,7b9a52,Smartphone,135.98,3,0.21,322.27,Afghanistan
fe133227,2024-07-29,Amazon,bfc81a,Camera,818.28,4,0.05,3109.46,Eritrea
618f9c49,2024-07-27,Amazon,f9a52f,Monitor,861.96,4,0.03,3344.4,Tunisia
b4155657,2024-10-19,Amazon,1d07ab,Tablet,929.27,4,0.08,3419.71,Algeria
450afd2d,2024-06-11,Amazon,ce497a,Smartwatch,1662.46,4,0.09,6051.35,Liechtenstein
072ba4ae,2024-08-21,Amazon,027b61,Camera,241.11,1,0.19,195.3,Sri Lanka
cc44e0b2,2024-03-17,Shopify,ef346f,Camera,1422.69,1,0.05,1351.56,Niger
cee38e94,2024-09-25,Amazon,b64ee6,Smartwatch,708.99,3,0.28,1531.42,Switzerland
29460640,2024-05-31,eBay,729f3d,Tablet,654.46,1,0.17,543.2,French Southern Territories
fe4647bd,2024-11-04,Amazon,b11966,Tablet,1868.46,3,0.15,4764.57,New Zealand
b2bf47ad,2024-05-03,Amazon,471074,Camera,534.51,3,0.13,1395.07,Andorra
f3328e5d,2024-03-12,Shopify,55d92e,Laptop,1302.94,3,0.17,3244.32,Zimbabwe
6ad9e2c8,2025-01-19,Shopify,799a10,Smartphone,586.5,3,0.01,1741.9,Lao People's Democratic Republic
cf9424d2,2024-09-22,eBay,1b4b8a,Tablet,1038.93,2,0.3,1454.5,Gabon
21b2846e,2024-08-30,eBay,4d47b6,Tablet,1583.27,3,0.17,3942.34,Reunion
1a653235,2024-04-23,Shopify,2aa794,Headphones,1769.36,1,0.01,1751.67,Saint Helena
5d6934a7,2024-11-04,Shopify,b4472d,Monitor,1685.46,1,0.18,1382.08,Hong Kong
0c0fa08c,2024-11-15,Amazon,4ac5f5,Tablet,1185.25,1,0.13,1031.17,Ghana
f65484af,2024-12-08,Shopify,4d8175,Smartphone,535.19,1,0.01,529.84,Isle of Man
10d0871e,2024-08-12,eBay,d4bec8,Monitor,1339.41,2,0.28,1928.75,Senegal
525aaf2d,2024-09-24,Amazon,9558b1,Monitor,1434.31,4,0.0,5737.24,Japan
86fa48a6,2024-02-20,eBay,9ad6c5,Smartwatch,70.85,4,0.17,235.22,Netherlands
2b8c878d,2024-10-03,Amazon,ef487f,Smartwatch,906.46,3,0.29,1930.76,Oman
7f69d6c5,2024-05-19,Shopify,898360,Smartwatch,1694.36,3,0.07,4727.26,Central African Republic
7810b046,2024-05-10,eBay,6559b8,Smartwatch,1004.7,1,0.08,924.32,Peru
92832f44,2024-06-05,Amazon,45b050,Headphones,657.18,1,0.0,657.18,Monaco
015f5ecd,2024-12-27,Amazon,b89682,Tablet,1750.01,4,0.02,6860.04,South Georgia and the South Sandwich Islands
469897c7,2024-06-23,Shopify,9da679,Smartwatch,353.97,4,0.01,1401.72,Tunisia
7980189e,2024-05-01,Shopify,7b2638,Camera,452.57,1,0.25,339.43,Burkina Faso
500f1e4c,2024-12-26,Shopify,614d02,Laptop,1390.38,3,0.25,3128.36,Heard Island and McDonald Islands
7788e866,2024-02-14,eBay,de1379,Smartwatch,737.25,2,0.22,1150.11,Tunisia
1c575ee7,2024-04-20,Amazon,8b9bae,Tablet,1440.38,2,0.11,2563.88,Djibouti
7244fe35,2024-03-18,Shopify,a7ee40,Smartwatch,357.52,4,0.25,1072.56,Vanuatu
dfe960a1,2024-10-29,eBay,0329c9,Headphones,541.92,4,0.16,1820.85,Tajikistan
b0c8cf68,2024-12-20,eBay,22225d,Smartphone,355.46,4,0.09,1293.87,Egypt
e2770c7a,2024-10-09,eBay,b591da,Smartphone,1908.18,2,0.13,3320.23,Turkey
4bdefc48,2025-01-30,Shopify,36a3ae,Tablet,840.54,2,0.02,1647.46,Korea
832aed4a,2024-07-31,Shopify,d47680,Camera,707.58,1,0.28,509.46,Cocos (Keeling) Islands
bf033218,2024-08-04,Amazon,38dc2d,Smartphone,77.69,3,0.19,188.79,Lithuania
5861d3ac,2024-12-11,Amazon,397acf,Smartphone,349.16,4,0.22,1089.38,Costa Rica
15f55cb4,2024-08-06,Shopify,7fef29,Laptop,871.21,1,0.2,696.97,Mauritania
96bbf3a1,2025-01-25,eBay,500132,Tablet,183.58,2,0.2,293.73,Indonesia
30a58a81,2024-07-03,eBay,c36603,Camera,1045.94,1,0.01,1035.48,Lebanon
5a2660aa,2024-12-10,eBay,78798e,Tablet,937.28,2,0.16,1574.63,Antigua and Barbuda
fec68529,2024-07-07,Amazon,56e6cc,Smartphone,1545.98,3,0.25,3478.46,Liechtenstein
88921b7d,2024-03-31,eBay,b6b022,Smartphone,1336.62,2,0.01,2646.51,Wallis and Futuna
0f7cffd9,2024-09-22,Amazon,715d30,Smartphone,919.6,1,0.29,652.92,New Caledonia
d5b84219,2024-08-23,Amazon,300439,Monitor,488.09,3,0.13,1273.91,Myanmar
e3ff9067,2024-05-29,eBay,58230a,Headphones,1467.38,2,0.09,2670.63,Kuwait
46aecc96,2024-03-16,eBay,dbce3e,Smartwatch,1430.33,4,0.16,4805.91,Kazakhstan
e006c437,2024-03-15,Shopify,923071,Headphones,348.93,2,0.24,530.37,Dominica
81b2840d,2024-08-28,Shopify,1e68a8,Tablet,1833.77,3,0.14,4731.13,Finland
eb9ecbb8,2024-07-10,eBay,1c3987,Laptop,175.59,1,0.19,142.23,Kazakhstan
acafd6e0,2024-02-07,Amazon,ea4add,Smartwatch,157.32,3,0.15,401.17,Armenia
f9cefa41,2024-11-02,Amazon,23c6d5,Laptop,415.33,1,0.19,336.42,Tanzania
3b2fff4a,2024-03-20,Amazon,d6dc36,Camera,1823.45,2,0.04,3501.02,Christmas Island
d9a213d4,2024-03-29,Amazon,b0aa51,Monitor,1064.0,2,0.01,2106.72,Sudan
902a9f16,2024-08-24,Amazon,e3dfa6,Tablet,1586.48,3,0.04,4569.06,Monaco
443a2fef,2024-03-20,Shopify,89ea03,Monitor,494.29,4,0.09,1799.22,Reunion
9105b6a1,2024-10-19,eBay,0ddf39,Tablet,1005.93,2,0.08,1850.91,Sudan
2c0bafe0,2024-12-18,Shopify,ad5b3f,Laptop,748.66,4,0.18,2455.6,Greece
ec12f882,2024-09-08,Amazon,305622,Laptop,1664.27,4,0.14,5725.09,Myanmar
438be49f,2024-05-03,Amazon,ba24dd,Laptop,94.08,3,0.01,279.42,Libyan Arab Jamahiriya
89f1f03d,2024-12-16,Amazon,2f891a,Tablet,525.49,2,0.01,1040.47,Ireland
4ec7b724,2024-03-09,Amazon,a4978c,Smartphone,347.52,4,0.03,1348.38,Georgia
7b48f67d,2024-04-28,eBay,320614,Laptop,1725.42,2,0.11,3071.25,Bosnia and Herzegovina
7c35c205,2024-04-05,Amazon,4c5050,Monitor,961.71,1,0.0,961.71,New Zealand
54962bd2,2024-12-08,eBay,8ded88,Camera,838.23,4,0.15,2849.98,Czech Republic
b538bc9e,2024-07-15,Amazon,255b5f,Smartwatch,926.49,3,0.11,2473.73,South Africa
adb2c921,2024-05-27,eBay,22b42d,Tablet,1945.25,3,0.17,4843.67,Albania
78905b35,2024-08-09,Shopify,7737db,Monitor,1708.02,4,0.22,5329.02,French Guiana
8003ceb4,2024-10-29,Amazon,15af40,Headphones,1427.42,2,0.08,2626.45,Tanzania
47149a8e,2024-04-28,eBay,926c20,Camera,616.43,1,0.05,585.61,Equatorial Guinea
021d66c7,2024-06-13,Shopify,b7cfd1,Headphones,372.09,1,0.08,342.32,Christmas Island
c020a61e,2024-11-20,Amazon,34a8a1,Smartwatch,1846.8,3,0.0,5540.4,Mauritania
8679a47e,2024-04-16,Amazon,3e1475,Smartphone,875.0,3,0.04,2520.0,Costa Rica
3c74692d,2024-09-04,Amazon,18893f,Laptop,593.57,2,0.23,914.1,Malaysia
81e5e161,2024-12-28,eBay,f52083,Tablet,968.3,3,0.07,2701.56,Sudan
87de4c15,2025-01-15,eBay,81c8c8,Monitor,1839.8,2,0.3,2575.72,Mongolia
496f3048,2025-01-07,Shopify,004a93,Laptop,804.78,4,0.05,3058.16,China
eba54faa,2024-02-08,eBay,d92525,Monitor,1147.15,1,0.24,871.83,El Salvador
7b5b6b0b,2024-04-27,eBay,f3e301,Tablet,1615.78,4,0.21,5105.86,Saint Vincent and the Grenadines
d2a08ca4,2024-12-26,Amazon,c46542,Headphones,882.91,3,0.1,2383.86,Slovenia
97988601,2024-06-04,Amazon,55fcba,Laptop,505.41,1,0.1,454.87,South Georgia and the South Sandwich Islands
b1de5b92,2024-10-08,Amazon,8a8c00,Smartwatch,1989.33,1,0.17,1651.14,Mexico
8f3feeff,2024-08-25,Amazon,6c75cd,Smartphone,1915.31,4,0.26,5669.32,Turkmenistan
f7f8416c,2024-12-23,Amazon,c63c3b,Smartwatch,1694.78,2,0.12,2982.81,Malawi
e09e8600,2024-09-22,Amazon,4b3b1d,Smartphone,1392.33,1,0.02,1364.48,Central African Republic
d13ecd7c,2024-02-21,Amazon,f7ba63,Camera,624.99,2,0.11,1112.48,Luxembourg
608371c5,2024-09-03,Shopify,de5445,Monitor,1831.16,4,0.06,6885.16,Singapore
e97b05bd,2024-05-18,Shopify,97c33b,Laptop,587.34,4,0.28,1691.54,Andorra
02804b77,2024-05-07,Shopify,3eada5,Laptop,1611.58,2,0.21,2546.3,Serbia
f5a6e50a,2024-05-18,Shopify,bc3e7e,Camera,1840.6,4,0.02,7215.15,Philippines
3ccd309b,2024-04-22,Amazon,7982ee,Smartphone,1225.86,1,0.09,1115.53,Djibouti
2623ea38,2024-05-20,Shopify,b1a3d8,Headphones,1615.96,4,0.02,6334.56,Bosnia and Herzegovina
47f56b07,2024-05-01,Amazon,fbbfc4,Tablet,1593.81,4,0.25,4781.43,Guinea
51b9bf6f,2024-07-29,Shopify,cd61cf,Smartwatch,426.66,1,0.27,311.46,Barbados
114c3aac,2024-07-15,eBay,fe5c5a,Camera,1352.45,2,0.03,2623.75,Cape Verde
e143cabf,2024-12-18,Shopify,9d2890,Monitor,232.26,4,0.13,808.26,Guinea-Bissau
38a89be1,2024-06-09,Shopify,c42ac5,Camera,1040.31,2,0.28,1498.05,Moldova
fcfa7267,2024-10-22,Amazon,ceb04b,Smartwatch,366.36,1,0.04,351.71,Sao Tome and Principe
0575136d,2024-04-10,Shopify,b1255a,Smartwatch,861.88,2,0.09,1568.62,Ireland
6ca01f37,2024-03-11,eBay,2daef3,Monitor,1674.32,2,0.09,3047.26,Nigeria
4e350632,2024-06-07,Amazon,c6c323,Monitor,1974.98,3,0.01,5865.69,Russian Federation
87744cbc,2024-09-04,Amazon,0fa23e,Laptop,670.02,3,0.01,1989.96,American Samoa
f913dfdc,2024-05-29,Shopify,5b5264,Smartwatch,1087.31,4,0.29,3087.96,Greenland
b8e77cb2,2024-04-04,Amazon,770005,Tablet,1047.03,3,0.17,2607.1,Isle of Man
6fd53ea5,2024-03-11,Amazon,b9e6fc,Tablet,1911.08,3,0.09,5217.25,Timor-Leste
f233a5a6,2024-07-11,Amazon,7165c6,Smartphone,983.24,3,0.11,2625.25,Senegal
fb9e61ae,2024-12-15,Amazon,dd0426,Camera,1413.26,2,0.21,2232.95,Qatar
2ff8e948,2024-04-02,Amazon,9a1e35,Monitor,1847.49,2,0.11,3288.53,China
a3eefdb9,2024-08-12,Amazon,d960a1,Laptop,778.09,3,0.07,2170.87,Hong Kong
e599219f,2024-02-05,eBay,e11e20,Tablet,1809.14,1,0.03,1754.87,Pakistan
3d7606ce,2024-11-21,Shopify,7e5225,Headphones,1839.04,3,0.22,4303.35,Faroe Islands
7ba47374,2025-01-04,eBay,dec6a8,Laptop,1864.79,1,0.05,1771.55,Myanmar
b3a55153,2024-08-26,Amazon,58d5b8,Laptop,577.37,2,0.02,1131.65,Finland
4262b016,2024-08-27,Amazon,49670f,Tablet,830.69,1,0.13,722.7,Saint Lucia
de1e2c96,2024-10-23,Shopify,14e713,Headphones,1747.27,2,0.01,3459.59,Montenegro
0cee8f9c,2024-06-10,eBay,561465,Smartphone,750.37,1,0.29,532.76,Hungary
523d116c,2024-02-04,Shopify,48e70a,Tablet,1220.49,2,0.19,1977.19,Guyana
43f126cd,2024-07-23,eBay,fc5a2c,Headphones,280.21,2,0.05,532.4,Equatorial Guinea
803bef3f,2024-04-25,Amazon,ace75c,Laptop,159.74,3,0.05,455.26,Bangladesh
203cafd8,2024-05-10,Shopify,dc79eb,Headphones,853.39,4,0.17,2833.25,Ecuador
d4fe281b,2024-03-29,Shopify,f95598,Laptop,1178.89,4,0.11,4196.85,Uganda
5a7259b4,2024-05-09,Amazon,e6f07b,Camera,815.76,2,0.23,1256.27,Brunei Darussalam
2f770d4a,2024-05-31,Shopify,08460e,Tablet,1176.58,3,0.16,2964.98,Faroe Islands
522dc8f5,2024-06-02,eBay,b19a96,Monitor,1054.41,4,0.13,3669.35,Poland
3aee22bd,2024-07-04,eBay,db7316,Tablet,1387.13,4,0.29,3939.45,Nauru
8d4407c0,2024-03-23,eBay,27e2e3,Camera,1316.59,3,0.12,3475.8,United States Minor Outlying Islands
a02e7a0e,2025-01-03,eBay,97f06e,Smartwatch,877.28,3,0.12,2316.02,Venezuela
32475fae,2024-05-20,Amazon,14afb1,Smartwatch,878.74,4,0.2,2811.97,Pakistan
3f506121,2024-06-05,Shopify,8f61f1,Smartwatch,324.52,4,0.24,986.54,Malawi
a80b07fe,2025-01-15,eBay,140917,Tablet,1050.82,1,0.19,851.16,Qatar
d1d10c46,2024-11-04,Amazon,fc1159,Smartphone,1195.0,1,0.21,944.05,Gibraltar
389a4bf0,2024-12-08,Shopify,03787b,Tablet,979.15,2,0.11,1742.89,Samoa
b1d50bb4,2024-04-06,Shopify,296025,Camera,685.13,4,0.14,2356.85,Holy See (Vatican City State)
66bdc8c7,2025-01-11,Amazon,4c25e4,Camera,1457.21,3,0.06,4109.33,Marshall Islands
d94df1c2,2024-07-21,Amazon,de0ec1,Monitor,195.59,3,0.2,469.42,Azerbaijan
9e2dac4e,2024-08-05,eBay,240cee,Headphones,1833.16,4,0.07,6819.36,Oman
546ae169,2024-09-04,Shopify,06fda9,Tablet,90.25,2,0.0,180.5,Guadeloupe
e84736ac,2024-08-22,Shopify,7cb1fa,Tablet,1926.58,3,0.28,4161.41,Germany
f6851b69,2025-01-12,Amazon,efa849,Laptop,951.59,4,0.09,3463.79,Hong Kong
627c3b7d,2024-08-20,Shopify,5caf76,Camera,854.71,4,0.06,3213.71,Bangladesh
5a04d146,2024-11-02,eBay,0d5414,Laptop,550.07,2,0.08,1012.13,Northern Mariana Islands
b44dc229,2024-10-03,Shopify,3c0446,Laptop,69.64,4,0.1,250.7,Haiti
b3209748,2024-04-09,Amazon,18ca63,Tablet,585.84,3,0.14,1511.47,Cuba
127260fc,2024-12-20,Amazon,f0ab50,Smartphone,263.33,1,0.02,258.06,Palestinian Territory
77f79606,2024-06-04,eBay,b14e38,Headphones,1336.65,2,0.02,2619.83,Nauru
4deddb2e,2024-06-12,eBay,c14b10,Headphones,672.2,4,0.09,2446.81,Rwanda
332e204e,2024-05-05,Shopify,337def,Camera,1546.0,2,0.09,2813.72,El Salvador
cdbc1549,2024-06-24,Shopify,018a79,Monitor,453.49,4,0.04,1741.4,Costa Rica
111eb879,2024-06-12,Amazon,64c04f,Camera,1805.46,1,0.12,1588.8,Nicaragua
138be849,2024-10-30,eBay,895a36,Smartphone,1069.81,2,0.09,1947.05,Reunion
0b64a76d,2025-01-16,eBay,308600,Smartphone,273.29,4,0.01,1082.23,Armenia
dec3c3a0,2024-10-07,eBay,e5ed2d,Headphones,831.65,1,0.27,607.1,Guatemala
8e370e6c,2024-12-28,Shopify,ac0aa3,Smartwatch,453.18,3,0.27,992.46,Madagascar
a3d32de7,2024-08-27,eBay,69cfa6,Laptop,439.39,4,0.06,1652.11,Qatar
4540a60f,2024-10-04,Amazon,420d28,Laptop,1037.42,1,0.05,985.55,Fiji
32c2b864,2024-04-09,Amazon,0c00c4,Headphones,1360.19,1,0.16,1142.56,Malaysia
8c54021f,2024-06-03,Shopify,c28bb3,Camera,1827.66,2,0.19,2960.81,Turkey
16ab891b,2024-09-03,Shopify,a2b603,Smartphone,1029.22,4,0.29,2922.98,United States of America
11be7bc2,2024-05-02,eBay,0790ff,Camera,1933.39,3,0.11,5162.15,Estonia
bc50799d,2024-11-04,Shopify,e76a5c,Monitor,1886.19,4,0.19,6111.26,Barbados
e9a1a9c9,2024-11-29,Amazon,2b4579,Smartwatch,1736.87,1,0.26,1285.28,Jersey
f9cc6006,2024-07-31,eBay,95b884,Headphones,1024.96,3,0.13,2675.15,Armenia
b6337c1c,2024-03-11,Amazon,4c914a,Laptop,324.76,1,0.04,311.77,Croatia
4a4ac09e,2024-12-24,eBay,fc1836,Tablet,474.91,2,0.11,845.34,Kenya
ae3f517b,2024-08-09,Shopify,d1e2ab,Camera,1312.96,4,0.04,5041.77,Korea
22f124ae,2024-03-15,eBay,ad42f0,Smartphone,872.42,1,0.0,872.42,Peru
49f89650,2024-06-11,eBay,a7d901,Tablet,336.26,1,0.23,258.92,Bouvet Island (Bouvetoya)
d3024237,2024-07-04,Amazon,b19d9a,Monitor,984.04,4,0.07,3660.63,Antarctica (the territory South of 60 deg S)
61f70e71,2025-01-13,Amazon,283c6d,Headphones,83.99,3,0.0,251.97,American Samoa
9a2cce41,2024-09-30,eBay,8d8429,Camera,1481.1,1,0.26,1096.01,Kyrgyz Republic
a2de55e4,2024-07-12,Shopify,1c592a,Laptop,193.48,4,0.13,673.31,Guadeloupe
cddcfdab,2024-04-16,Shopify,404784,Camera,1276.77,2,0.07,2374.79,Mayotte
bb3a03a0,2024-05-25,Amazon,e76e48,Smartwatch,1596.37,2,0.08,2937.32,Jamaica
55ac5d35,2024-11-17,Shopify,a7e871,Tablet,308.66,4,0.07,1148.22,Finland
e65ca7c9,2024-02-08,Amazon,ab3d20,Smartwatch,1061.35,1,0.06,997.67,Western Sahara
737e974d,2024-10-30,Shopify,0e3a85,Monitor,1569.18,4,0.25,4707.54,Ethiopia
5384e605,2024-09-30,eBay,b84122,Laptop,558.24,4,0.05,2121.31,United Kingdom
0a7a8c2a,2024-09-21,Amazon,5fe709,Tablet,367.69,1,0.17,305.18,Bhutan
4493f05f,2024-07-31,Amazon,8dae7d,Monitor,706.8,3,0.02,2077.99,Poland
a5ee92be,2024-03-31,eBay,5f0d6d,Smartwatch,1131.66,3,0.28,2444.39,Gabon
a00eacea,2024-08-01,Amazon,b2f3be,Smartwatch,1171.8,2,0.18,1921.75,Argentina
7c01bbae,2024-12-14,Shopify,78cd2a,Tablet,305.21,3,0.27,668.41,Slovenia
4c6c6bf7,2024-10-02,Shopify,5f4c72,Laptop,942.26,4,0.12,3316.76,Vanuatu
04abb211,2024-12-09,Amazon,407dd8,Smartwatch,573.15,1,0.24,435.59,Holy See (Vatican City State)
1d1a6e42,2024-09-26,Shopify,edc5c7,Headphones,1691.95,2,0.26,2504.09,Christmas Island
8add2c6a,2024-04-24,Amazon,b2ffbf,Monitor,661.47,3,0.21,1567.68,Egypt
78424775,2024-07-30,eBay,199df4,Tablet,1685.47,4,0.03,6539.62,Falkland Islands (Malvinas)
ebf226fa,2024-04-19,Amazon,a1a20d,Smartphone,885.7,2,0.0,1771.4,Gambia
752eac81,2024-06-18,eBay,33a681,Smartphone,1466.84,1,0.05,1393.5,Bhutan
ad275bfb,2024-05-22,Shopify,c875ee,Laptop,1044.62,3,0.04,3008.51,Bahrain
f5450a6b,2024-09-05,eBay,308d8a,Headphones,1262.83,4,0.22,3940.03,Guatemala
bb87e5b4,2025-01-30,Shopify,1a6eb4,Smartwatch,820.95,1,0.17,681.39,Portugal
762d5a5b,2024-07-26,Amazon,7b6ffe,Smartphone,1548.0,4,0.16,5201.28,Montserrat
564e382c,2024-08-04,Shopify,73d25a,Laptop,879.12,4,0.08,3235.16,Colombia
7b85654a,2024-10-09,Amazon,89c0af,Monitor,942.05,4,0.05,3579.79,Eritrea
d6aa62cb,2024-10-04,Amazon,0319a4,Headphones,1059.47,1,0.06,995.9,Germany
ebc3f339,2025-01-19,eBay,ad52c9,Headphones,1672.06,2,0.12,2942.83,Belarus
e19ede73,2024-03-08,eBay,db7e46,Camera,1335.79,4,0.22,4167.66,Guadeloupe
8126e4c3,2024-04-16,eBay,c430f8,Laptop,730.86,2,0.08,1344.78,French Guiana
410dda3c,2024-06-06,eBay,847ee0,Laptop,1357.12,2,0.21,2144.25,Nigeria
1cf87666,2024-10-08,Shopify,61fdf5,Camera,1302.73,3,0.15,3321.96,Guatemala
fd79d4c7,2024-03-09,Shopify,062c44,Smartwatch,1865.49,3,0.27,4085.42,Dominican Republic
23d29b28,2024-02-04,Shopify,0bb6bf,Laptop,1690.76,2,0.07,3144.81,Korea
7f611d79,2024-11-14,Amazon,9a2724,Camera,1312.52,3,0.14,3386.3,Sudan
6b0cef1c,2024-10-01,Shopify,f56c61,Smartwatch,715.94,3,0.03,2083.39,Isle of Man
a217bdb9,2024-12-19,Shopify,cc4faa,Smartwatch,1570.17,2,0.1,2826.31,Poland
3ee0c3b9,2024-05-06,Shopify,004864,Tablet,1171.66,1,0.15,995.91,Gabon
4eb787d3,2024-03-19,eBay,ffffb0,Headphones,1971.28,3,0.22,4612.8,Sri Lanka
71a64847,2024-12-10,Shopify,c45165,Monitor,532.64,3,0.06,1502.04,Faroe Islands
8a761edc,2024-09-09,Amazon,476317,Headphones,205.33,1,0.07,190.96,Qatar
ec89a7aa,2024-08-24,eBay,9304b3,Headphones,186.29,1,0.19,150.89,Iceland
5d9118b1,2024-08-06,Amazon,85e816,Tablet,1298.06,1,0.11,1155.27,Saint Helena
08111199,2024-10-25,Shopify,93e296,Smartwatch,1881.56,2,0.14,3236.28,Lebanon
8401400c,2024-10-04,eBay,c189ad,Smartwatch,53.77,1,0.25,40.33,Reunion
d899edbf,2024-03-19,Amazon,431cb2,Laptop,1465.25,2,0.15,2490.92,Cyprus
9d83a607,2024-11-03,Shopify,9ec544,Tablet,1331.28,4,0.2,4260.1,Montenegro
f4214fc7,2025-01-05,Amazon,188ebe,Laptop,1477.99,4,0.2,4729.57,Portugal
19ccede8,2024-10-10,Amazon,b11a95,Tablet,743.04,1,0.24,564.71,Bhutan
c44611c1,2024-07-02,Amazon,759b90,Laptop,1649.97,1,0.19,1336.48,Tunisia
1c3b0548,2024-04-01,Shopify,bddd2f,Smartphone,137.18,4,0.02,537.75,Libyan Arab Jamahiriya
f32f9c3b,2024-10-09,Shopify,fe0ffe,Camera,1523.09,2,0.1,2741.56,Bermuda
072b6cb6,2024-04-09,Amazon,e7ae1b,Headphones,570.79,2,0.3,799.11,Netherlands
3df5c10f,2024-08-09,eBay,9bbb60,Headphones,979.83,1,0.06,921.04,Andorra
f7e3556f,2024-11-28,eBay,34576e,Monitor,1654.14,1,0.18,1356.39,Poland
94823c4e,2024-06-23,Shopify,49c9e3,Camera,579.15,1,0.25,434.36,Cuba
8fad9ebb,2024-07-23,Shopify,d6ea28,Smartwatch,411.15,4,0.18,1348.57,Uzbekistan
ad007793,2024-12-17,Shopify,c2a6d4,Monitor,1378.56,3,0.11,3680.76,Saint Vincent and the Grenadines
cb881572,2024-08-18,Shopify,3d242d,Smartphone,1090.12,1,0.02,1068.32,Brazil
c94454cc,2024-03-16,Shopify,773a4b,Monitor,1053.09,2,0.11,1874.5,Ecuador
33f7e4d1,2025-01-29,eBay,853f7f,Headphones,550.7,3,0.05,1569.5,Rwanda
3044e40b,2024-08-12,Shopify,06f49f,Smartwatch,118.02,2,0.29,167.59,Holy See (Vatican City State)
e4e4488c,2024-06-20,Amazon,084703,Smartphone,850.02,3,0.21,2014.55,Sierra Leone
e8a80822,2024-04-02,Amazon,dfdf43,Headphones,257.79,4,0.22,804.3,Montenegro
3470b3b9,2025-01-27,eBay,0602b9,Camera,1816.68,3,0.13,4741.53,Jamaica
7909d984,2024-11-06,Amazon,8b34cf,Laptop,130.44,2,0.03,253.05,Philippines
c328fefd,2024-09-04,eBay,4d6357,Tablet,891.72,3,0.08,2461.15,Chile
1ba6b9f6,2024-10-29,eBay,d54bf2,Smartphone,151.88,4,0.08,558.92,Saint Barthelemy
03c5286a,2024-02-05,Amazon,4fad27,Smartwatch,236.31,2,0.15,401.73,Samoa
a14f5958,2024-07-26,Shopify,eb57f3,Monitor,1334.79,1,0.14,1147.92,Azerbaijan
88c5dccc,2024-08-12,Amazon,9310bb,Camera,1311.87,3,0.13,3423.98,United States Minor Outlying Islands
dc82b4bc,2024-07-01,Amazon,16b849,Monitor,114.45,2,0.15,194.56,Burkina Faso
d0642a76,2024-12-24,eBay,dd0626,Smartphone,52.21,3,0.3,109.64,Reunion
65f4fee7,2025-01-08,Amazon,52c3e1,Camera,203.7,4,0.09,741.47,Mozambique
c6ba8c31,2024-06-14,eBay,6d23e6,Smartwatch,1537.85,2,0.18,2522.07,Mongolia
bcfcb635,2024-03-16,Shopify,032094,Smartphone,1189.92,1,0.07,1106.63,Panama
ac092f84,2024-10-15,Shopify,6102ff,Smartwatch,124.33,1,0.14,106.92,Montenegro
447e41af,2024-11-11,Shopify,53d87d,Monitor,1001.79,3,0.06,2825.05,Antarctica (the territory South of 60 deg S)
177e974c,2024-06-15,Amazon,26a774,Headphones,1438.46,4,0.17,4775.69,Guadeloupe
32d59728,2024-12-02,eBay,f39c3c,Camera,1744.46,4,0.08,6419.61,Moldova
aad79d36,2024-07-13,Shopify,7d54c5,Laptop,1871.37,3,0.01,5557.97,Kazakhstan
daac9cdc,2024-03-16,eBay,634ba4,Headphones,688.51,2,0.24,1046.54,Serbia
e78c0df9,2024-05-14,eBay,5814de,Laptop,314.87,2,0.04,604.55,Japan
fb8c2937,2024-06-02,Shopify,0e22e1,Monitor,512.01,3,0.11,1367.07,French Southern Territories
854a9b39,2024-05-21,Shopify,eaef2e,Camera,1563.53,2,0.14,2689.27,Vanuatu
ef3fa95a,2024-05-05,eBay,00c20d,Headphones,1944.39,2,0.13,3383.24,Bangladesh
b41613bf,2024-04-10,Shopify,739617,Headphones,959.47,2,0.22,1496.77,French Southern Territories
281f3202,2024-06-29,eBay,9c2c10,Smartphone,645.44,3,0.18,1587.78,Montenegro
90925494,2024-02-13,eBay,fd2b7a,Tablet,886.92,1,0.09,807.1,Antarctica (the territory South of 60 deg S)
836d5691,2024-05-10,Shopify,7ac110,Monitor,644.39,4,0.02,2526.01,Zambia
9623658d,2024-06-30,Amazon,5dc038,Smartwatch,550.15,1,0.23,423.62,Montenegro
7b465f28,2024-12-30,Shopify,1680c7,Monitor,1207.81,2,0.11,2149.9,Finland
e9097933,2024-02-29,Amazon,b6d23f,Smartwatch,80.69,3,0.27,176.71,Guinea-Bissau
53cd9974,2024-11-01,eBay,064216,Camera,556.13,4,0.12,1957.58,Marshall Islands
21d10013,2024-10-21,eBay,9b9c95,Smartwatch,1339.7,2,0.22,2089.93,Lithuania
df211f7d,2024-05-24,Amazon,14e09d,Laptop,112.52,4,0.28,324.06,Pakistan
78890f8e,2024-10-27,eBay,ddcd21,Smartwatch,212.24,4,0.2,679.17,Burkina Faso
e82a30d7,2024-09-21,Amazon,ed9433,Smartwatch,622.12,1,0.12,547.47,Tajikistan
8104f915,2024-09-16,Amazon,2d871c,Smartphone,1761.72,2,0.17,2924.46,Georgia
d5a60866,2024-08-24,eBay,552f76,Headphones,1541.53,4,0.16,5179.54,Italy
e96c24d0,2024-10-29,Amazon,601ed8,Monitor,93.21,1,0.18,76.43,Libyan Arab Jamahiriya
ea962638,2024-12-10,Shopify,e8df97,Monitor,1028.34,3,0.04,2961.62,Anguilla
c33d0c70,2024-10-12,Shopify,9c1e0c,Camera,585.64,4,0.21,1850.62,Sweden
aecd2862,2024-07-01,eBay,331d73,Camera,1314.86,2,0.04,2524.53,Iran
0f829cad,2025-01-31,eBay,d8d64b,Smartwatch,1457.03,3,0.0,4371.09,Sao Tome and Principe
0a7ca0a5,2025-01-19,Amazon,d67c5b,Tablet,1732.58,4,0.19,5613.56,Mauritania
ef2d591d,2024-07-13,Amazon,f8f5b8,Monitor,977.06,4,0.04,3751.91,Estonia
af9cc7c1,2024-09-11,Amazon,b87d3f,Camera,1989.18,2,0.23,3063.34,Svalbard & Jan Mayen Islands
305ccc17,2024-11-18,Amazon,0dd0ce,Smartwatch,1960.97,4,0.26,5804.47,Burundi
ef43a6ae,2024-09-18,Shopify,94a13b,Camera,1770.23,2,0.28,2549.13,Vanuatu
1b329874,2024-04-15,Shopify,c58eec,Laptop,1171.0,2,0.2,1873.6,Moldova
d4b182fb,2025-01-18,eBay,0a17e4,Laptop,826.11,2,0.14,1420.91,Syrian Arab Republic
aa431bd2,2024-02-19,Amazon,dcff46,Camera,760.55,2,0.11,1353.78,Philippines
a3689230,2024-07-13,Amazon,fa36be,Laptop,73.64,4,0.15,250.38,British Virgin Islands
2fdafa62,2024-08-01,eBay,b5ee95,Camera,535.89,3,0.06,1511.21,Armenia
3f3048b3,2024-06-15,Amazon,875b07,Smartwatch,1451.68,3,0.1,3919.54,Saint Martin
c5f16549,2024-05-04,Amazon,906fe5,Smartphone,1227.08,1,0.22,957.12,British Virgin Islands
6336c8e6,2024-09-30,Amazon,92c1c5,Tablet,1837.02,2,0.07,3416.86,Sao Tome and Principe
d037a68e,2025-01-05,Amazon,50554f,Smartwatch,147.54,4,0.08,542.95,El Salvador
70ade31e,2024-07-23,Amazon,d3f675,Smartphone,352.79,4,0.22,1100.7,Djibouti
9a70e9ff,2025-01-05,eBay,deaed2,Smartphone,1589.03,1,0.05,1509.58,Saint Kitts and Nevis
8be68843,2024-12-25,Amazon,8a0f35,Monitor,749.09,3,0.07,2089.96,Congo
3078ee77,2024-11-27,eBay,761b18,Smartwatch,280.77,4,0.01,1111.85,Sri Lanka
7825bd25,2024-04-14,Amazon,b49bfd,Smartwatch,1993.08,1,0.22,1554.6,Benin
baa70896,2024-12-05,Shopify,9f2b2b,Camera,1585.14,3,0.19,3851.89,British Virgin Islands
dec1f889,2024-07-18,Shopify,3ce6b0,Smartphone,847.05,4,0.21,2676.68,Ethiopia
5efc2963,2024-03-31,Shopify,a21abe,Smartphone,1655.53,2,0.06,3112.4,Azerbaijan
072d8910,2025-01-01,Shopify,84a256,Smartphone,1377.18,1,0.21,1087.97,Tanzania
eb5f4792,2024-07-10,eBay,ee94c0,Camera,1590.45,4,0.18,5216.68,Reunion
02780596,2024-04-23,eBay,853c7c,Monitor,1639.65,1,0.11,1459.29,Portugal
f2471aad,2024-06-21,Amazon,cdd12e,Smartwatch,215.22,1,0.13,187.24,Tokelau
7ecc6bab,2024-12-23,Shopify,bacde5,Smartphone,1264.8,1,0.17,1049.78,British Virgin Islands
1e79f2d0,2024-10-31,eBay,55bc2c,Laptop,63.23,2,0.15,107.49,Myanmar
e1a14420,2024-05-13,Amazon,e78756,Smartwatch,134.74,3,0.19,327.42,Cuba
f8a759d0,2024-07-12,Amazon,25b8fc,Camera,1812.76,3,0.05,5166.37,Andorra
dbcb040a,2024-08-05,eBay,f23b24,Monitor,1078.75,4,0.16,3624.6,Guatemala
87b70a37,2024-04-17,Shopify,aab5d4,Laptop,1485.01,2,0.14,2554.22,Guyana
bdda4fc3,2024-10-22,Amazon,11f8d8,Camera,1685.08,3,0.14,4347.51,Albania
93aec166,2024-10-21,Shopify,54de50,Headphones,1901.69,4,0.14,6541.81,Dominica
d753a730,2025-01-10,Shopify,35f107,Smartwatch,1745.24,4,0.26,5165.91,Canada
aa7cd713,2024-08-22,Shopify,e9dc06,Headphones,992.46,1,0.25,744.34,Slovenia
4a075bee,2024-10-04,Amazon,34c883,Camera,705.14,2,0.19,1142.33,Tanzania
5040aa30,2024-12-19,Shopify,a423e1,Camera,351.26,3,0.21,832.49,Uganda
fc0d59eb,2024-03-04,Amazon,984e44,Camera,830.63,2,0.01,1644.65,Gibraltar
bdf533aa,2024-10-21,Shopify,9d53cf,Smartphone,764.66,2,0.22,1192.87,New Zealand
aa97a917,2024-06-05,Amazon,86d29b,Monitor,1141.17,3,0.15,2909.98,Fiji
0d3836ca,2024-09-14,Shopify,c24f7b,Smartphone,1347.74,3,0.1,3638.9,Vietnam
93905305,2024-12-29,eBay,f651eb,Monitor,1957.73,2,0.04,3758.84,Germany
19813689,2024-10-05,Shopify,9f104e,Tablet,1470.35,4,0.02,5763.77,Isle of Man
8a92da60,2024-10-07,Shopify,211971,Smartphone,1305.31,2,0.01,2584.51,Italy
6a7f9083,2024-05-15,Amazon,415e66,Headphones,703.43,3,0.05,2004.78,Algeria
94e12838,2024-12-13,Amazon,a44814,Monitor,117.28,2,0.01,232.21,Uruguay
13e82687,2024-07-14,Shopify,ce3d1f,Smartphone,611.84,3,0.22,1431.71,Central African Republic
e8c03e48,2024-10-21,eBay,feb4ee,Smartwatch,1548.47,4,0.07,5760.31,Uzbekistan
7f9ffacc,2024-05-30,eBay,888559,Camera,450.28,2,0.11,801.5,Saint Pierre and Miquelon
6468a051,2025-01-15,Amazon,a105ec,Monitor,1438.77,4,0.25,4316.31,Cuba
5025b49e,2024-04-27,eBay,810ba3,Monitor,1180.57,2,0.03,2290.31,Svalbard & Jan Mayen Islands
d2c8d3b7,2024-12-07,Shopify,b512b0,Smartphone,385.12,2,0.25,577.68,Canada
51c82a37,2024-07-15,Amazon,b7b3fd,Tablet,560.17,3,0.19,1361.21,Guinea
bf2144b1,2024-06-19,Shopify,3093f9,Smartphone,1017.79,1,0.1,916.01,United Arab Emirates
4bc99cb2,2024-05-29,Amazon,368a90,Headphones,865.83,3,0.04,2493.59,Iraq
1d985252,2025-01-07,Amazon,498e50,Headphones,1568.2,2,0.03,3042.31,Tuvalu
2dd78815,2024-05-31,Amazon,bdeb16,Monitor,1482.09,1,0.1,1333.88,Aruba
88c5f6be,2024-08-11,Amazon,0fa400,Monitor,1170.42,1,0.04,1123.6,Bulgaria
67d62687,2024-12-04,eBay,be05ae,Smartphone,1653.44,4,0.08,6084.66,Lesotho
2e6e2de0,2024-02-13,Shopify,8c18da,Headphones,1147.21,2,0.02,2248.53,Burkina Faso
4751bfaa,2024-09-01,Shopify,c3d63b,Headphones,1930.56,3,0.18,4749.18,Italy
ebd8e092,2024-04-10,Shopify,b45ad3,Tablet,473.59,1,0.04,454.65,Mongolia
95f12c0a,2024-12-15,Amazon,afb508,Smartwatch,1442.56,1,0.23,1110.77,Argentina
27f52476,2024-12-30,eBay,2bf8c5,Tablet,771.39,3,0.07,2152.18,Timor-Leste
b0cd0796,2025-01-02,Shopify,fea35b,Laptop,593.98,3,0.24,1354.27,Botswana
69d752b5,2024-11-12,eBay,18cbba,Camera,401.76,1,0.06,377.65,Holy See (Vatican City State)
d66e6e3d,2024-06-11,Amazon,7624d8,Tablet,1127.38,3,0.22,2638.07,American Samoa
35cc3922,2024-07-17,Shopify,713d23,Smartphone,470.17,4,0.1,1692.61,Mauritius
b6b5bc5b,2024-05-29,eBay,df6805,Smartwatch,440.68,1,0.17,365.76,Northern Mariana Islands
af4f511b,2024-03-27,Amazon,1b5cbf,Smartphone,1981.54,4,0.01,7846.9,Afghanistan
5adfbbaa,2024-09-03,eBay,562113,Camera,1613.41,2,0.15,2742.8,Australia
af063ad6,2024-10-14,Shopify,62536a,Laptop,1509.14,4,0.04,5795.1,Cambodia
d19d5808,2024-08-10,Shopify,be3a9e,Smartwatch,1598.42,3,0.15,4075.97,Iran
67cb03d0,2025-01-10,Amazon,c92d09,Monitor,1939.4,1,0.04,1861.82,Swaziland
ecc3e9b4,2024-05-27,Amazon,65e787,Headphones,1167.89,4,0.13,4064.26,Norfolk Island
12447a02,2024-12-27,Amazon,0e2fe1,Tablet,479.48,3,0.03,1395.29,Cape Verde
8e441b53,2024-12-12,eBay,948d9f,Smartphone,1731.31,3,0.07,4830.35,Nicaragua
1427877b,2024-10-04,eBay,91f76b,Laptop,1498.32,4,0.18,4914.49,Azerbaijan
45739b5d,2024-08-21,eBay,559582,Headphones,857.9,1,0.29,609.11,Greece
a2cd41e2,2024-03-19,Amazon,bdb049,Tablet,973.46,4,0.13,3387.64,Comoros
e9b77051,2024-02-09,Shopify,a2acf9,Headphones,851.94,2,0.21,1346.07,British Virgin Islands
3c72946d,2024-09-10,Shopify,56f915,Tablet,1863.39,4,0.16,6260.99,Bouvet Island (Bouvetoya)
94ec5f09,2024-06-23,eBay,aab47d,Monitor,719.89,4,0.15,2447.63,South Africa
6b2ba9b4,2024-10-19,eBay,28bdbf,Smartwatch,1928.79,1,0.02,1890.21,New Zealand
042d95f1,2024-12-09,Shopify,381916,Headphones,1825.03,4,0.04,7008.12,Guyana
e9295699,2024-04-16,Shopify,a319c3,Headphones,1279.52,3,0.26,2840.53,Comoros
c4c49dda,2024-08-05,eBay,61af64,Headphones,1180.65,1,0.12,1038.97,Lao People's Democratic Republic
63966bed,2024-12-13,eBay,f8ed33,Smartwatch,771.67,3,0.18,1898.31,United Arab Emirates
391a70ec,2024-02-05,Shopify,fc044d,Laptop,85.76,1,0.16,72.04,French Polynesia
eaeb35b4,2024-07-07,Amazon,da765f,Tablet,298.87,2,0.11,531.99,Lithuania
e382e68d,2024-08-01,eBay,9a83b5,Monitor,1520.75,2,0.12,2676.52,Kuwait
ec43a0b0,2024-04-21,Shopify,8dc758,Headphones,969.5,2,0.17,1609.37,Algeria
c2af5e81,2024-10-25,Shopify,229a5c,Camera,342.18,4,0.04,1313.97,Estonia
b5075622,2024-11-30,Shopify,711957,Smartwatch,564.72,2,0.12,993.91,Angola
2e1c1d13,2024-11-09,Shopify,593c3f,Laptop,1898.28,1,0.13,1651.5,Tuvalu
5508e10f,2024-08-02,Amazon,248354,Tablet,765.91,2,0.3,1072.27,Cayman Islands
c579fd38,2024-08-22,Shopify,44a356,Smartwatch,1819.98,1,0.11,1619.78,New Zealand
732b2380,2024-11-25,eBay,0fe128,Monitor,644.04,3,0.19,1565.02,Cayman Islands
cb447c83,2024-02-20,Amazon,292035,Monitor,1109.28,4,0.04,4259.64,Chile
d3f19ef5,2024-11-15,Shopify,58c4b2,Tablet,89.93,3,0.02,264.39,Jamaica
75ea7a7b,2024-06-16,Amazon,4b2f7c,Headphones,1067.66,3,0.26,2370.21,Belarus
f7bcee0f,2024-07-04,eBay,ac2f69,Monitor,1292.04,2,0.22,2015.58,Jamaica
05c4269a,2024-10-11,Shopify,955a60,Laptop,506.89,2,0.1,912.4,Northern Mariana Islands
a8dbd25e,2024-06-07,eBay,2d31ee,Smartwatch,1178.93,2,0.15,2004.18,Ecuador
59f21c78,2024-10-17,Shopify,39d2dd,Laptop,1311.98,3,0.04,3778.5,Eritrea
10fe79cf,2024-03-26,Shopify,b8619e,Headphones,1389.43,4,0.21,4390.6,Svalbard & Jan Mayen Islands
4cdd6358,2024-12-09,Shopify,1f503a,Laptop,1563.99,4,0.02,6130.84,Tanzania
7c1e8406,2024-07-17,Shopify,9de9fe,Laptop,657.11,3,0.23,1517.92,French Southern Territories
a4cd411c,2024-07-19,Shopify,d3e74a,Smartphone,1157.17,4,0.16,3888.09,Gibraltar
3f0cbb91,2024-05-15,Amazon,a96312,Laptop,1964.08,3,0.08,5420.86,Mozambique
5c6aacd2,2024-03-19,Shopify,8f5cf5,Tablet,1801.38,3,0.26,3999.06,Zimbabwe
13011d8e,2024-05-14,Shopify,6e82d1,Smartwatch,1907.7,4,0.3,5341.56,Costa Rica
62a6d958,2025-01-07,Amazon,c955f6,Smartphone,802.97,1,0.08,738.73,Nicaragua
b7344f84,2024-07-27,Amazon,eb4387,Smartwatch,1584.51,1,0.24,1204.23,Saudi Arabia
6e491083,2024-06-12,Amazon,aeab6a,Smartwatch,1258.8,2,0.23,1938.55,Venezuela
f8810b5e,2024-12-30,Amazon,72a04a,Headphones,211.33,4,0.22,659.35,Singapore
50c6015f,2024-12-06,Amazon,a0f331,Headphones,1656.76,2,0.29,2352.6,Algeria
91b28628,2024-06-23,Amazon,ed6c7b,Smartphone,1370.35,3,0.15,3494.39,Sao Tome and Principe
14e2b8e6,2024-10-27,Shopify,403ca7,Monitor,437.89,1,0.2,350.31,Maldives
8bf57c05,2024-12-06,Shopify,fdd978,Camera,205.49,4,0.25,616.47,Congo
11a11c3d,2024-10-28,eBay,400083,Headphones,1682.19,4,0.14,5786.73,Moldova
3c70f1f4,2024-12-28,Shopify,fa0fd5,Camera,203.86,4,0.14,701.28,Central African Republic
f93fb16b,2024-08-03,Shopify,d45a1d,Headphones,228.14,1,0.1,205.33,Hungary
681d0174,2024-11-04,Amazon,de5d72,Headphones,883.45,2,0.23,1360.51,French Guiana
e7d83608,2024-11-08,Amazon,0ea5c8,Smartwatch,312.86,1,0.21,247.16,Andorra
6df25ed4,2024-02-09,Shopify,82ee4d,Smartphone,1831.66,2,0.14,3150.46,Anguilla
1acb0946,2024-09-07,eBay,18251f,Smartwatch,967.05,3,0.13,2524.0,Bolivia
22a8edca,2025-01-02,Amazon,4c0add,Tablet,1159.84,3,0.02,3409.93,Costa Rica
cd00ab8a,2025-01-24,Shopify,1df365,Smartwatch,1859.81,2,0.0,3719.62,Somalia
0152d0ca,2024-04-04,Shopify,03fec6,Camera,1084.01,3,0.16,2731.71,Zambia
6ac761ed,2024-10-28,eBay,1f4543,Camera,739.5,3,0.13,1930.1,Italy
6725d649,2025-01-20,eBay,ee374d,Tablet,1604.45,4,0.24,4877.53,Poland
9bfc5df6,2024-11-25,Amazon,29c897,Laptop,913.56,4,0.16,3069.56,Cuba
74d69d96,2024-06-18,eBay,654c1c,Laptop,671.02,1,0.28,483.13,France
0f4eca7f,2024-11-13,Shopify,19abf6,Tablet,1460.3,1,0.06,1372.68,Guadeloupe
c1f2bf25,2024-05-21,Shopify,72045e,Tablet,1613.13,1,0.3,1129.19,Paraguay
4383342b,2024-06-20,eBay,facf92,Smartwatch,1593.85,4,0.09,5801.61,Cameroon
c5d4623c,2024-11-11,eBay,6e53db,Tablet,1956.47,1,0.19,1584.74,Solomon Islands
2a620eef,2024-08-21,eBay,41a201,Smartphone,1584.0,1,0.15,1346.4,Dominica
ef8c4a38,2025-01-18,eBay,62fc72,Laptop,1551.37,4,0.11,5522.88,United Arab Emirates
bd229927,2024-06-04,Amazon,cf9452,Laptop,1722.1,2,0.04,3306.43,Bahamas
99fe732b,2024-02-22,eBay,a83c5f,Monitor,50.36,4,0.04,193.38,Georgia
7a0e9fe7,2024-04-23,Amazon,af9b2b,Tablet,756.74,2,0.21,1195.65,Portugal
3f4f957b,2024-12-18,Shopify,0e9c0e,Headphones,1488.33,4,0.11,5298.45,Madagascar
27dbee52,2024-09-04,eBay,783615,Headphones,1219.45,1,0.29,865.81,Guatemala
dc29a6a8,2024-07-18,Amazon,97a6e9,Tablet,396.27,3,0.1,1069.93,Isle of Man
66823cca,2024-08-13,eBay,3c710c,Smartphone,642.28,3,0.3,1348.79,Tonga
ffacfdc7,2024-02-05,Shopify,eac8aa,Headphones,706.75,2,0.06,1328.69,Slovakia (Slovak Republic)
9c646543,2024-07-27,Shopify,292f50,Monitor,1157.26,2,0.03,2245.08,Micronesia
b95fc202,2024-08-14,Shopify,ec1b2a,Camera,1671.62,2,0.09,3042.35,Namibia
a013e686,2025-01-26,eBay,72486b,Tablet,1868.36,3,0.27,4091.71,Mexico
79a14920,2024-02-21,eBay,5fb772,Smartphone,1512.68,2,0.16,2541.3,Cambodia
67587a1f,2024-08-23,Amazon,60f851,Smartphone,1693.75,4,0.04,6504.0,Nepal
63455aae,2024-09-13,Shopify,6de6c1,Smartwatch,966.69,4,0.06,3634.75,Saint Helena
c230b9d4,2024-12-27,eBay,724fd3,Smartphone,810.06,3,0.09,2211.46,Malawi
17deb5f4,2024-07-01,Shopify,2e04c7,Headphones,815.78,4,0.18,2675.76,Kiribati
e4e0f841,2024-08-16,Shopify,3edf4d,Camera,1251.28,2,0.1,2252.3,Guyana
2c25f107,2024-09-06,Amazon,423216,Headphones,292.26,3,0.22,683.89,Egypt
ee91db74,2024-09-11,Amazon,813766,Tablet,1180.01,2,0.18,1935.22,Heard Island and McDonald Islands
768eff1c,2024-10-30,Amazon,0d420d,Camera,1347.01,4,0.26,3987.15,Belize
0a3e5954,2025-01-23,Amazon,2d7949,Tablet,905.87,2,0.15,1539.98,San Marino
cab14335,2024-02-24,Shopify,2ca93b,Smartphone,1908.68,3,0.1,5153.44,Cyprus
ceaba099,2025-01-20,Amazon,9d53d0,Monitor,1236.02,2,0.3,1730.43,Monaco
f4aa374a,2024-02-26,Amazon,2caf25,Laptop,479.0,4,0.11,1705.24,Costa Rica
6db28ec9,2024-07-22,Amazon,14903a,Camera,984.47,1,0.13,856.49,Cote d'Ivoire
fd906c52,2024-06-26,Amazon,61b522,Smartwatch,1367.04,3,0.24,3116.85,Uzbekistan
69bda329,2024-03-23,Shopify,7966e4,Laptop,681.08,2,0.03,1321.3,Kenya
c296e898,2024-05-27,Amazon,85dd6f,Smartphone,205.3,3,0.12,541.99,Angola
2976c460,2024-03-20,Shopify,4ee07d,Smartphone,1187.7,2,0.03,2304.14,Norfolk Island
b333da95,2024-06-01,eBay,814bdc,Laptop,1898.35,1,0.04,1822.42,Egypt
d3db8838,2024-02-07,Shopify,774f55,Smartwatch,995.89,4,0.0,3983.56,Brazil
c4b80d4d,2024-12-01,Shopify,23bdeb,Camera,1816.91,2,0.0,3633.82,Japan
d387b66b,2024-02-12,Amazon,41a596,Camera,1678.3,2,0.11,2987.37,North Macedonia
896c1ab6,2024-06-05,eBay,96f00d,Laptop,337.45,1,0.24,256.46,Antarctica (the territory South of 60 deg S)
9c6e5080,2024-10-01,eBay,c129f2,Tablet,1430.93,3,0.18,3520.09,Venezuela
3d3af15f,2024-10-02,eBay,15c399,Headphones,899.16,4,0.19,2913.28,Western Sahara
ed98b832,2024-06-11,eBay,ac4572,Monitor,537.98,2,0.16,903.81,Guinea-Bissau
77229242,2024-05-10,Shopify,1d1637,Tablet,1389.53,2,0.25,2084.3,Afghanistan
a114763a,2024-12-25,eBay,a1e466,Camera,1498.19,4,0.26,4434.64,Panama
512d8c85,2024-02-15,Shopify,f66a80,Headphones,400.8,1,0.25,300.6,American Samoa
aa898096,2024-12-07,Shopify,6ed513,Monitor,1833.17,3,0.24,4179.63,Oman
9a0874ff,2025-02-02,Shopify,7ceb10,Monitor,1514.74,4,0.05,5756.01,Sweden
6d452540,2024-07-17,eBay,3607bb,Monitor,1870.08,3,0.18,4600.4,Taiwan
5633efb2,2024-02-25,Amazon,03d4db,Smartphone,668.29,1,0.17,554.68,Korea
b0344f3d,2024-09-19,Amazon,98f40c,Monitor,1881.7,1,0.16,1580.63,Poland
00285808,2024-09-19,eBay,cf0f86,Smartwatch,768.61,4,0.14,2644.02,Western Sahara
f8874d5f,2024-06-07,Amazon,0e09db,Laptop,155.24,2,0.03,301.17,Colombia
c87cfc10,2024-11-21,Amazon,16fcee,Camera,1537.79,1,0.03,1491.66,Bouvet Island (Bouvetoya)
140672ff,2024-03-11,Shopify,6dbe02,Smartwatch,1421.84,1,0.27,1037.94,Georgia
b7e7b0b7,2024-02-22,Shopify,97ec51,Laptop,1215.93,4,0.19,3939.61,Albania
38e3f9d1,2024-04-29,eBay,0b6f78,Tablet,1005.29,4,0.08,3699.47,Kuwait
3b1587f8,2024-05-05,eBay,83b4ca,Tablet,112.72,4,0.08,414.81,Belgium
6ff87a66,2024-04-01,Amazon,7c7e3a,Laptop,1267.96,1,0.18,1039.73,Micronesia
f6b8c54e,2024-10-16,Shopify,1e5ce7,Smartwatch,862.83,3,0.12,2277.87,Dominican Republic
7379eb4e,2024-08-10,eBay,d78a2f,Laptop,1142.41,1,0.13,993.9,Thailand
0c03131b,2024-06-04,eBay,51a782,Monitor,887.18,4,0.02,3477.75,Croatia
102378a4,2024-12-22,eBay,e37b11,Smartphone,1933.81,2,0.04,3712.92,French Guiana
e0facea8,2024-04-30,eBay,46c564,Camera,1228.01,2,0.12,2161.3,El Salvador
34651232,2024-12-18,eBay,1c8bd3,Tablet,1511.01,4,0.21,4774.79,Estonia
0ead2f81,2024-08-01,eBay,ac929e,Camera,1875.88,2,0.01,3714.24,Hong Kong
6503b51b,2024-03-27,Amazon,4d601b,Smartphone,1203.62,1,0.1,1083.26,Colombia
cdfb07e6,2024-04-30,Shopify,06f238,Monitor,73.52,3,0.21,174.24,Uzbekistan
e3bc9689,2024-02-24,Shopify,81882d,Monitor,116.87,1,0.24,88.82,Barbados
f5d8bf4c,2024-06-14,eBay,331395,Tablet,1419.56,4,0.06,5337.55,United Kingdom
3bc1fb0f,2024-08-19,Shopify,bd50e4,Tablet,594.22,1,0.22,463.49,Azerbaijan
bd30f102,2024-08-06,Shopify,639ba5,Monitor,1179.79,2,0.29,1675.3,Ecuador
05558486,2024-03-28,Shopify,12e292,Headphones,444.44,1,0.27,324.44,Sudan
4d33d241,2024-08-25,eBay,a01f33,Camera,576.99,3,0.24,1315.54,Kiribati
8aa60a0e,2025-01-06,eBay,48499a,Smartphone,1034.05,2,0.21,1633.8,Seychelles
44310baa,2024-11-17,Shopify,b79dd7,Camera,1952.36,3,0.07,5447.08,British Virgin Islands
5e399c06,2024-08-30,Shopify,d3a7f2,Smartphone,1251.73,3,0.19,3041.7,Madagascar
30cf6722,2024-10-05,eBay,a777ff,Headphones,1875.49,3,0.19,4557.44,Tunisia
da659c12,2024-07-21,Amazon,18f408,Smartwatch,1920.79,1,0.12,1690.3,Jersey
cfdeb22b,2024-09-26,Shopify,608942,Smartphone,455.81,1,0.15,387.44,Malawi
b4d5f0bd,2024-04-23,Amazon,db973e,Camera,656.83,1,0.21,518.9,Ireland
d6750994,2025-01-18,Shopify,5073d0,Laptop,1551.48,1,0.29,1101.55,Yemen
a0be7f17,2024-05-04,Amazon,7720a5,Monitor,1740.19,2,0.09,3167.15,Brunei Darussalam
90e733a5,2024-02-24,Amazon,52b5d0,Monitor,1062.49,1,0.07,988.12,Jersey
0a23601d,2025-01-22,Amazon,3ea9f6,Headphones,1986.79,2,0.18,3258.34,South Africa
823e3661,2024-08-15,eBay,73f071,Smartphone,72.57,3,0.04,209.0,Palau
8cab40d8,2024-02-15,Amazon,7db021,Smartwatch,634.21,2,0.17,1052.79,Saint Pierre and Miquelon
31529d72,2024-04-07,Amazon,b2bc76,Smartphone,1265.17,4,0.03,4908.86,Bahamas
c329d426,2024-07-17,Amazon,d4c0b7,Monitor,965.12,1,0.15,820.35,Bermuda
132f8d53,2024-12-03,Shopify,42c14c,Tablet,277.38,4,0.19,898.71,Lesotho
cfbe5c14,2024-07-29,Amazon,89c619,Laptop,767.18,2,0.02,1503.67,Iceland
615a736f,2024-06-15,Shopify,40b74e,Headphones,99.62,1,0.06,93.64,Reunion
436369db,2024-05-09,Amazon,f082fa,Tablet,1303.35,4,0.1,4692.06,Egypt
ec9ee563,2024-03-30,Amazon,8a6671,Camera,1790.85,1,0.11,1593.86,Central African Republic
37d5f313,2024-02-20,eBay,9390c5,Smartwatch,1775.5,2,0.2,2840.8,Lebanon
e9d906f8,2024-05-15,Shopify,3cdf9a,Tablet,1414.11,4,0.16,4751.41,New Caledonia
2bf1a9fc,2024-11-27,Amazon,f36c08,Camera,958.25,2,0.11,1705.68,Yemen
26c3f3cb,2024-07-29,Shopify,83b3a3,Tablet,1048.46,4,0.14,3606.7,Ethiopia
6bfc8aa8,2024-02-15,Shopify,4e53fc,Smartwatch,316.99,3,0.0,950.97,Eritrea
0361fc6b,2024-02-05,eBay,e1be6f,Tablet,714.98,3,0.23,1651.6,Bouvet Island (Bouvetoya)
ee4b4121,2024-11-17,eBay,ef537d,Headphones,416.07,3,0.01,1235.73,Norfolk Island
0dbd531e,2024-03-10,eBay,7f0aff,Monitor,1651.34,3,0.25,3715.51,Niue
dd26cb51,2024-03-10,eBay,77bd8f,Smartphone,1833.77,3,0.16,4621.1,Germany
c08f6d05,2024-07-13,eBay,0871c1,Tablet,1097.0,2,0.16,1842.96,Reunion
d750fb6b,2024-06-25,eBay,f8786c,Headphones,1469.14,3,0.21,3481.86,Mozambique
3cf2742c,2024-05-15,eBay,846a41,Smartphone,286.86,2,0.26,424.55,Lithuania
98bf33bc,2024-11-14,eBay,16c6c5,Camera,1236.64,3,0.28,2671.14,Zimbabwe
3124c513,2024-07-30,Amazon,13ea29,Smartphone,1420.44,1,0.16,1193.17,China
0332aa99,2024-11-08,Shopify,078863,Camera,932.9,3,0.05,2658.76,Czech Republic
3e2de9da,2024-10-09,eBay,2a1133,Tablet,524.38,1,0.26,388.04,Azerbaijan
e5c21e81,2025-01-11,eBay,04b5b7,Headphones,1760.88,2,0.01,3486.54,Philippines
9c14013e,2024-06-18,Shopify,37a459,Monitor,1498.67,3,0.24,3416.97,Palau
d3736234,2024-12-22,Amazon,c19e68,Tablet,1804.72,4,0.2,5775.1,Portugal
f5c8334d,2024-10-12,Shopify,d1c050,Camera,1645.89,2,0.27,2403.0,Kyrgyz Republic
d3b740a0,2024-06-09,Shopify,74e2b2,Smartwatch,1981.23,3,0.27,4338.89,Tonga
a48fd966,2024-03-27,eBay,710bf0,Smartphone,424.74,2,0.02,832.49,French Southern Territories
3e7149fa,2024-08-18,Shopify,89ec54,Tablet,219.16,4,0.18,718.84,Armenia
f6ef1897,2024-06-07,Shopify,01a9f6,Camera,707.16,3,0.04,2036.62,Dominican Republic
c6c05818,2024-05-07,eBay,eae91e,Smartphone,301.56,4,0.02,1182.12,Nauru
4ef811d0,2024-10-17,eBay,b32321,Camera,1070.1,3,0.13,2792.96,Taiwan
f7351371,2024-02-17,eBay,9576af,Headphones,1284.41,1,0.03,1245.88,Venezuela
b27b04a3,2024-03-25,eBay,c38e23,Laptop,1177.66,2,0.22,1837.15,Netherlands
c716aa38,2024-05-20,Shopify,d4765e,Tablet,555.52,4,0.29,1577.68,Saint Pierre and Miquelon
450cf8af,2024-08-16,Shopify,c20ef1,Monitor,1822.21,2,0.17,3024.87,Central African Republic
543210ee,2024-07-14,Amazon,e45f92,Tablet,91.29,4,0.07,339.6,Western Sahara
25a7d8b0,2024-02-06,Amazon,4282ec,Smartphone,728.63,2,0.25,1092.94,Equatorial Guinea
5794b37d,2025-01-14,Shopify,732e80,Headphones,1452.04,2,0.26,2149.02,Algeria
fd61bdc6,2024-12-31,Amazon,55a694,Camera,1545.51,2,0.22,2411.0,Mozambique
58a576ba,2025-01-25,Shopify,908dcf,Smartwatch,861.43,1,0.18,706.37,Afghanistan
0c158770,2024-02-10,Amazon,7f0b8f,Monitor,82.97,3,0.26,184.19,Western Sahara
b74660fa,2024-02-28,eBay,b476f7,Headphones,1255.19,1,0.05,1192.43,Australia
964ceb27,2024-05-04,Amazon,ae1a94,Tablet,173.03,2,0.28,249.16,India
502b26d0,2024-02-18,eBay,bc7a91,Smartwatch,260.32,4,0.28,749.72,Mauritania
5b3352d8,2024-02-19,eBay,dfb4bd,Headphones,1317.99,2,0.26,1950.63,Yemen
f04d70c6,2024-07-10,eBay,3ecf8b,Laptop,659.35,3,0.08,1819.81,Slovenia
8eb6f95c,2024-07-04,eBay,c20445,Monitor,728.66,1,0.26,539.21,Lithuania
911e0304,2024-03-04,Amazon,091641,Smartphone,999.27,3,0.15,2548.14,Mauritania
49c8c1d1,2024-03-11,Shopify,891f71,Headphones,1958.23,4,0.18,6422.99,Dominica
6a8606cf,2024-04-23,eBay,dec1ed,Headphones,1932.61,3,0.25,4348.37,Djibouti
a8706e19,2024-05-11,Amazon,1b0c8b,Laptop,861.71,1,0.01,853.09,Palestinian Territory
404c6e76,2024-08-09,eBay,3d85f2,Tablet,567.72,4,0.11,2021.08,Ireland
7f773ffe,2024-02-11,Amazon,97902e,Camera,640.05,3,0.24,1459.31,Western Sahara
9111c34e,2025-01-18,Amazon,704b2e,Camera,574.12,1,0.24,436.33,Canada
8b4a47f3,2024-07-18,Amazon,66277f,Monitor,1087.88,1,0.25,815.91,Mongolia
53d94c52,2024-09-03,Shopify,f46b37,Monitor,1233.38,2,0.05,2343.42,Wallis and Futuna
438dae94,2025-01-12,Amazon,5fc57f,Smartphone,1003.12,3,0.21,2377.39,Uzbekistan
d9cf7da6,2024-07-01,Amazon,7a10f2,Headphones,845.59,4,0.04,3247.07,United States Virgin Islands
9d3a9da8,2024-07-08,Shopify,147260,Smartwatch,462.01,2,0.24,702.26,Bouvet Island (Bouvetoya)
ff0ae4d1,2024-03-05,Shopify,78e6dd,Headphones,990.89,3,0.07,2764.58,Christmas Island
351b6e26,2024-02-13,Amazon,01cb81,Camera,715.15,3,0.22,1673.45,Saint Martin
104d3662,2024-08-09,Shopify,305728,Smartphone,1106.11,4,0.14,3805.02,Gabon
c3f2914f,2024-03-16,eBay,96da97,Headphones,1366.62,2,0.3,1913.27,Rwanda
ed39e22c,2024-10-16,eBay,12a499,Laptop,1284.96,2,0.17,2133.03,United States Virgin Islands
9b41b892,2024-05-08,Shopify,32a28a,Camera,951.86,4,0.19,3084.03,Monaco
0c2dcf72,2024-11-27,Shopify,77e58c,Headphones,1134.3,2,0.11,2019.05,Northern Mariana Islands
9ddd4460,2024-10-13,Amazon,c95569,Headphones,605.47,1,0.22,472.27,Israel
f9d60717,2024-05-18,Shopify,bd8cd1,Camera,97.27,4,0.15,330.72,Central African Republic
b33878a1,2024-08-30,Amazon,307bea,Smartwatch,1268.79,3,0.01,3768.31,Moldova
240b377b,2024-10-08,eBay,e58ed8,Camera,542.51,4,0.18,1779.43,Bermuda
af6305ef,2024-11-07,Shopify,dc2445,Laptop,1354.46,1,0.25,1015.84,Argentina
7f731b80,2024-03-18,Amazon,33c77e,Laptop,1506.67,4,0.07,5604.81,Papua New Guinea
2997fd00,2024-10-31,Amazon,983be9,Headphones,1836.06,3,0.07,5122.61,Montenegro
3f302f2a,2024-04-04,eBay,e2a4b6,Monitor,1918.34,3,0.18,4719.12,Bouvet Island (Bouvetoya)
4acd7f04,2024-11-23,Shopify,1d9d68,Smartwatch,70.53,4,0.25,211.59,Italy
f648a04f,2024-04-09,eBay,e0ea9b,Headphones,1981.23,4,0.07,7370.18,Cuba
1c3a153b,2024-04-27,Amazon,34a43b,Camera,1381.89,1,0.28,994.96,Mayotte
348ba82b,2024-08-05,Amazon,8901b6,Headphones,1304.87,1,0.28,939.51,Madagascar
62b16cbc,2024-10-29,Shopify,7f4dbf,Smartphone,79.67,3,0.06,224.67,Niger
62489203,2024-11-08,Amazon,af54f6,Smartphone,1729.41,2,0.08,3182.11,Gabon
5097e174,2024-07-18,Shopify,55076f,Monitor,333.71,2,0.21,527.26,San Marino
d76d78a2,2024-08-30,eBay,2c6be0,Smartwatch,1682.79,2,0.29,2389.56,Canada
60530dd8,2024-03-15,Shopify,a414b3,Tablet,80.35,2,0.21,126.95,Syrian Arab Republic
f2bfd393,2024-11-16,Shopify,47fc0a,Smartphone,1309.63,3,0.13,3418.13,Turkey
a59bf49f,2024-04-21,Amazon,10583a,Tablet,897.86,2,0.05,1705.93,Bahamas
a4d51cf7,2024-10-18,Amazon,648f73,Laptop,441.5,2,0.14,759.38,Niger
87285b85,2024-08-16,Shopify,090aad,Smartphone,259.74,4,0.18,851.95,Niue
e97cf54a,2024-12-26,Amazon,aca3ef,Smartphone,908.25,2,0.1,1634.85,Czech Republic
5625930c,2024-03-14,Amazon,805b35,Smartwatch,290.45,4,0.15,987.53,Jersey
5885de7d,2025-01-05,Amazon,4a48fa,Monitor,998.57,3,0.04,2875.88,Moldova
57d86621,2024-07-01,Shopify,140694,Tablet,1269.17,4,0.14,4365.94,Azerbaijan
040902fa,2024-07-23,Amazon,6421ce,Camera,1663.4,1,0.03,1613.5,New Zealand
a0bb076a,2024-09-15,Shopify,9d80c5,Smartphone,1373.37,4,0.01,5438.55,Mali
9d1ccf78,2024-07-10,Amazon,2b658e,Smartphone,177.14,2,0.26,262.17,Spain
923c8a83,2024-05-01,eBay,cd8f83,Smartwatch,649.49,4,0.06,2442.08,Saint Pierre and Miquelon
a3842796,2024-12-16,Amazon,2978b8,Smartwatch,611.56,4,0.17,2030.38,Honduras
00860a8b,2024-03-20,Amazon,22fde9,Monitor,1834.31,3,0.04,5282.81,Martinique
4046be29,2024-06-25,Shopify,3807e8,Tablet,1742.17,3,0.08,4808.39,Liberia
4593b1cb,2024-03-07,Shopify,21e25c,Laptop,771.79,2,0.11,1373.79,Azerbaijan
752d8a07,2024-11-27,Amazon,29ed59,Camera,188.75,1,0.04,181.2,Rwanda
943033ad,2024-06-17,eBay,2d8529,Monitor,1793.51,1,0.01,1775.57,Ghana
61645a41,2025-01-15,Amazon,1d3e71,Laptop,1781.97,4,0.26,5274.63,Brunei Darussalam
4f33c447,2024-12-27,Amazon,2a9e77,Headphones,1716.75,1,0.0,1716.75,Zambia
c07d2585,2024-02-06,eBay,d4f680,Smartphone,1697.91,3,0.02,4991.86,Sao Tome and Principe
58a3257a,2024-07-18,Shopify,c62f7e,Tablet,986.5,2,0.24,1499.48,Tunisia
753c4172,2024-02-07,Amazon,4bbdb1,Monitor,395.99,2,0.08,728.62,Estonia
954ed510,2024-11-06,Shopify,b175c6,Smartphone,981.1,3,0.22,2295.77,Belize
e6ff45b6,2024-08-10,Shopify,94d73a,Tablet,1014.47,2,0.04,1947.78,Panama
946604ff,2024-08-21,eBay,37d2db,Tablet,1005.37,4,0.07,3739.98,Guernsey
360bedc5,2024-06-16,eBay,d016f8,Tablet,1100.61,2,0.17,1827.01,Mauritania
65a5c5ab,2025-01-02,Shopify,0bbea9,Smartphone,552.43,1,0.3,386.7,United States Minor Outlying Islands
738685dd,2024-07-19,Amazon,907c15,Monitor,764.17,2,0.02,1497.77,Myanmar
4e4ff85a,2024-10-20,Shopify,ed86f0,Camera,896.66,2,0.12,1578.12,Malta
a9c00116,2024-07-26,Amazon,346414,Smartwatch,305.69,3,0.01,907.9,Italy
7674d351,2024-11-01,Amazon,32b92e,Smartphone,937.96,3,0.06,2645.05,Gabon
1648cf27,2025-01-31,eBay,a9570b,Tablet,1630.42,1,0.27,1190.21,Italy
68d18e98,2024-05-14,Amazon,3eded1,Monitor,1664.72,3,0.03,4844.34,Guernsey
26cf5c71,2024-04-29,Amazon,20b14e,Camera,852.55,1,0.26,630.89,Botswana
e2409437,2024-04-12,Shopify,a0fb55,Headphones,1061.68,4,0.05,4034.38,Jersey
f71fc45b,2024-04-14,eBay,e666a2,Laptop,115.62,1,0.26,85.56,Netherlands Antilles
60047b74,2024-11-02,Amazon,526af6,Tablet,1365.14,2,0.16,2293.44,French Polynesia
b788e273,2025-01-19,Amazon,5021cf,Headphones,838.98,1,0.26,620.85,Dominica
bbcbf1ba,2024-07-17,eBay,8f9cb1,Smartwatch,918.68,4,0.05,3490.98,Uruguay
c2936c7e,2024-03-27,Shopify,e3ab50,Camera,1753.66,2,0.23,2700.64,Colombia
8f806c21,2024-04-09,eBay,f62b45,Camera,950.58,1,0.2,760.46,Honduras
909036ed,2024-10-01,eBay,5d9826,Tablet,91.32,3,0.16,230.13,Antigua and Barbuda
36b0908b,2024-03-18,Amazon,7374e8,Camera,493.61,3,0.24,1125.43,Slovakia (Slovak Republic)
37b05044,2024-11-02,Amazon,33c580,Headphones,977.46,3,0.19,2375.23,Djibouti
17635e3b,2024-11-09,Shopify,5b539b,Tablet,877.57,1,0.26,649.4,Slovenia
4321ca9b,2024-07-09,Amazon,a18a69,Smartphone,1727.72,1,0.11,1537.67,Uganda
7d07e237,2024-07-30,Amazon,074024,Monitor,1107.17,4,0.18,3631.52,Western Sahara
627c3e54,2024-05-14,eBay,e66ecd,Headphones,1394.79,2,0.26,2064.29,Central African Republic
7133d1c6,2024-10-26,Amazon,df2b0a,Monitor,965.18,2,0.06,1814.54,Samoa
85f7f19d,2024-07-12,Shopify,db1095,Smartphone,907.33,2,0.15,1542.46,Barbados
f19131bb,2024-11-19,eBay,105f44,Smartphone,920.26,2,0.29,1306.77,Montenegro
31a58a26,2024-08-28,Shopify,62cd0b,Monitor,851.3,1,0.14,732.12,Saint Martin
f3c028bb,2024-09-20,eBay,e6bc12,Headphones,1100.24,1,0.08,1012.22,Slovakia (Slovak Republic)
d2bcd98b,2024-08-31,Amazon,92a1b5,Monitor,538.36,4,0.11,1916.56,Heard Island and McDonald Islands
5ebfa7fb,2024-11-15,eBay,9ba28d,Monitor,1787.56,2,0.27,2609.84,Philippines
01898f8f,2024-10-09,eBay,85c339,Laptop,699.52,1,0.29,496.66,Costa Rica
13f065c9,2024-07-04,Amazon,b4d274,Headphones,337.67,1,0.29,239.75,Libyan Arab Jamahiriya
106d860f,2024-12-11,Amazon,b8aee7,Laptop,238.27,1,0.21,188.23,Cayman Islands
6d3baae7,2024-09-16,Shopify,44840c,Tablet,76.17,1,0.15,64.74,Gibraltar
c8ea70f9,2024-02-24,Shopify,574b44,Camera,874.57,2,0.05,1661.68,Dominica
7fc29a06,2024-08-06,Amazon,1e6ba0,Monitor,415.84,2,0.04,798.41,Swaziland
e44f5d58,2024-09-10,Amazon,78d4b6,Tablet,92.21,1,0.02,90.37,Guinea-Bissau
5b26a65d,2024-02-22,Amazon,90321e,Headphones,1064.04,3,0.01,3160.2,Samoa
eb125d64,2024-05-04,eBay,199481,Monitor,1375.96,4,0.26,4072.84,Svalbard & Jan Mayen Islands
11541bbe,2024-07-31,eBay,cf578f,Camera,217.21,2,0.24,330.16,British Indian Ocean Territory (Chagos Archipelago)
78ba9ccd,2024-08-14,eBay,8d8079,Tablet,948.8,2,0.17,1575.01,Oman
a2a4c758,2024-12-14,Amazon,9a8257,Smartwatch,1500.08,3,0.3,3150.17,New Caledonia
17513ba2,2024-09-01,Shopify,17ab20,Smartphone,1972.32,2,0.29,2800.69,Zambia
8782a09f,2024-05-07,Amazon,7722aa,Monitor,1351.02,3,0.2,3242.45,American Samoa
aa996d8a,2025-01-22,eBay,4081a7,Camera,527.44,3,0.14,1360.8,Isle of Man
8cc4b966,2024-05-06,eBay,631014,Smartphone,1447.28,1,0.05,1374.92,Cocos (Keeling) Islands
3a9dcb1b,2024-02-23,Amazon,d1b32f,Laptop,1215.96,2,0.15,2067.13,South Africa
a0cc6b52,2024-08-13,Amazon,d82766,Tablet,463.01,4,0.05,1759.44,Argentina
f0cac276,2024-11-19,eBay,542cd2,Laptop,1709.67,3,0.12,4513.53,French Guiana
1a50ee59,2024-12-24,eBay,e5da76,Camera,883.44,4,0.28,2544.31,Russian Federation
df344580,2024-02-15,eBay,3df10c,Monitor,1925.86,1,0.1,1733.27,Somalia
df2a05ae,2024-04-02,Amazon,772d87,Smartphone,1459.66,2,0.05,2773.35,Guatemala
568b971e,2025-01-08,eBay,ce11bd,Smartphone,1306.9,1,0.17,1084.73,Fiji
68d54c0a,2024-09-05,eBay,51cd55,Tablet,1470.29,1,0.18,1205.64,Turkmenistan
b048bab1,2025-01-09,Shopify,adce3b,Monitor,982.29,4,0.06,3693.41,United Arab Emirates
940dffdd,2024-02-11,Amazon,76c9d9,Smartwatch,1035.19,4,0.06,3892.31,Paraguay
f5468952,2024-04-08,Shopify,cd6b12,Smartwatch,1709.85,3,0.3,3590.68,Cyprus
fda21f1d,2024-09-27,Shopify,252d48,Tablet,1377.81,2,0.07,2562.73,Trinidad and Tobago
453094e7,2024-05-09,eBay,1d9085,Monitor,1799.62,1,0.25,1349.72,Mali
c76b0ed6,2024-04-07,Amazon,8dfac9,Tablet,1787.11,3,0.14,4610.74,Palau
a9afbb3b,2024-04-09,eBay,c5b7f5,Monitor,1954.16,3,0.13,5100.36,Pakistan
e67d5c29,2024-06-15,Amazon,bca2e0,Camera,1415.42,1,0.09,1288.03,Niger
9a9df845,2024-12-06,Shopify,ffbea6,Camera,1029.49,1,0.23,792.71,Sri Lanka
b235408e,2024-10-09,Amazon,053753,Laptop,374.31,3,0.26,830.97,Norfolk Island
490b9033,2024-04-15,eBay,9319da,Tablet,1425.49,1,0.08,1311.45,Slovakia (Slovak Republic)
52fd68ea,2024-05-08,eBay,b7442d,Monitor,618.58,1,0.03,600.02,Kyrgyz Republic
d5df7302,2025-01-08,eBay,9a56e9,Smartwatch,601.75,4,0.04,2310.72,New Zealand
d56a264e,2024-05-13,Amazon,996da8,Monitor,514.66,2,0.24,782.28,United States of America
00980876,2024-12-23,Shopify,fc006a,Camera,1756.49,3,0.13,4584.44,Macao
4931d0d5,2024-02-19,Shopify,57dede,Monitor,1742.53,1,0.04,1672.83,Monaco
34afb044,2024-08-24,Amazon,50e32d,Tablet,1280.39,3,0.1,3457.05,Haiti
2d5130c9,2024-06-25,eBay,d60fa2,Laptop,972.31,2,0.15,1652.93,France
e534bb6b,2024-06-06,Shopify,1d86ea,Laptop,1360.62,3,0.26,3020.58,Sri Lanka
d740c02a,2024-04-24,eBay,5a1435,Laptop,1234.1,3,0.19,2998.86,Faroe Islands
b7592bcb,2024-07-05,Amazon,7f508c,Laptop,860.68,3,0.05,2452.94,Mali
4b7112fe,2024-06-23,eBay,004a07,Camera,790.28,4,0.05,3003.06,Romania
7748c083,2024-04-18,Shopify,c5927c,Headphones,796.45,2,0.12,1401.75,Mali
0c488bbf,2024-08-25,Shopify,3f5dc9,Tablet,1198.81,2,0.02,2349.67,Saint Martin
3e875f34,2024-09-14,eBay,3de86e,Smartphone,1312.96,3,0.23,3032.94,Bermuda
c8888b00,2024-10-15,Amazon,c5aab9,Tablet,930.9,3,0.12,2457.58,Hungary
addb3b1c,2024-02-07,eBay,20b905,Headphones,1938.95,2,0.1,3490.11,Russian Federation
e2d54879,2024-09-14,Amazon,ea6ea4,Laptop,213.5,1,0.15,181.48,Rwanda
f82e955c,2024-09-30,eBay,2c5dfb,Headphones,726.74,4,0.21,2296.5,Greenland
91dd10d2,2024-06-07,Shopify,77f52f,Smartwatch,867.2,2,0.17,1439.55,Moldova
8319d6b1,2024-07-17,Amazon,4d460b,Smartwatch,83.0,3,0.24,189.24,Sri Lanka
cebf0bf3,2024-09-19,Amazon,c1dbb0,Camera,761.67,1,0.19,616.95,Bhutan
c977aa4d,2024-12-31,Amazon,3c9751,Tablet,583.73,1,0.24,443.63,Indonesia
633f4a72,2024-09-26,Shopify,c58080,Tablet,1036.77,1,0.21,819.05,Singapore
f0620aef,2024-02-25,eBay,66f12b,Smartphone,706.0,4,0.06,2654.56,Mayotte
d806ea2f,2024-02-10,Shopify,51792f,Camera,1466.06,4,0.02,5746.96,Belize
6600c82c,2024-08-26,Amazon,5056d7,Smartphone,1044.37,2,0.27,1524.78,Gambia
cb3df6db,2024-07-17,eBay,fa7a39,Smartwatch,303.04,2,0.28,436.38,Puerto Rico
3359a336,2024-09-02,Shopify,cae7d1,Laptop,1512.62,2,0.22,2359.69,Somalia
2fb35350,2024-08-25,Amazon,0647e0,Headphones,243.5,2,0.22,379.86,Peru
6f82af19,2024-12-04,Amazon,510fe1,Smartphone,1686.15,3,0.08,4653.77,Philippines
9b2bac17,2025-01-10,Shopify,55955b,Monitor,1866.27,4,0.16,6270.67,Christmas Island
60659f73,2024-12-24,Shopify,8ae56b,Smartphone,678.77,1,0.3,475.14,Romania
65d6e18e,2024-03-27,Shopify,2dbffa,Laptop,1855.98,3,0.26,4120.28,Chad
52e0ac53,2024-04-27,Amazon,283a9a,Laptop,1596.37,2,0.09,2905.39,South Africa
bddf219c,2024-05-15,Shopify,13d7bd,Tablet,1848.75,2,0.09,3364.72,Brazil
15325e65,2024-06-01,Amazon,8b9a16,Headphones,1349.23,3,0.15,3440.54,Korea
f22e18ee,2024-03-10,Shopify,f23bdf,Laptop,509.51,1,0.12,448.37,Norfolk Island
60eb7595,2024-03-28,Amazon,dc7c59,Camera,1794.32,4,0.11,6387.78,Armenia
42ec4da3,2024-02-23,Amazon,f9617c,Smartphone,409.32,4,0.19,1326.2,Seychelles
7fa390ab,2024-04-28,eBay,01f7bc,Smartphone,465.47,1,0.0,465.47,Andorra
21fbed78,2024-11-05,Shopify,da9697,Smartwatch,578.57,4,0.23,1782.0,Sierra Leone
ad658570,2024-02-16,Shopify,2a72f2,Laptop,643.28,2,0.22,1003.52,Serbia
fd43324f,2024-02-09,Amazon,1cb5f6,Monitor,1053.24,2,0.25,1579.86,Angola
488f4af6,2024-11-03,Amazon,b356e7,Tablet,1441.24,2,0.25,2161.86,Myanmar
39dfc3a3,2024-10-11,Amazon,b86b4f,Headphones,1856.11,2,0.17,3081.14,Jamaica
4919af73,2024-03-05,eBay,63942d,Monitor,222.45,1,0.23,171.29,Holy See (Vatican City State)
13b1f3cf,2024-06-30,eBay,aff173,Tablet,1911.02,4,0.15,6497.47,Seychelles
2a665611,2024-10-10,Amazon,efdc0f,Smartphone,1846.58,4,0.29,5244.29,Pakistan
d2016d6e,2024-07-28,Shopify,d30bd0,Monitor,155.3,3,0.06,437.95,Kiribati
7f3fdb49,2024-09-21,Shopify,e71cbf,Tablet,752.63,1,0.27,549.42,French Southern Territories
358b59bb,2024-12-19,eBay,c27407,Smartphone,1635.63,4,0.08,6019.12,Saint Pierre and Miquelon
f6545949,2025-01-10,eBay,d82db7,Smartphone,1242.57,4,0.03,4821.17,Cape Verde
6b1ca93e,2024-10-25,Amazon,d66829,Smartphone,1569.23,3,0.13,4095.69,Netherlands Antilles
d40ca4fb,2024-08-04,Shopify,20b055,Smartphone,1452.12,2,0.18,2381.48,Kenya
15dd33b1,2024-05-09,Amazon,d31a54,Camera,1018.7,4,0.07,3789.56,Bouvet Island (Bouvetoya)
ab4c83f4,2024-05-12,eBay,807021,Smartphone,130.38,2,0.17,216.43,Liberia
030cdc74,2024-03-30,Shopify,ee73fc,Smartwatch,1189.32,3,0.24,2711.65,Cuba
6bc6077b,2024-11-03,Shopify,7de02f,Monitor,144.7,4,0.08,532.5,Turkey
b003091f,2024-03-12,eBay,07e4de,Tablet,1227.27,2,0.17,2037.27,Nepal
3449194a,2024-07-14,Amazon,40f2a2,Smartwatch,1610.8,1,0.1,1449.72,Gibraltar
2de01c86,2024-08-22,Amazon,e15b71,Camera,1190.73,2,0.16,2000.43,Malaysia
81c8ba18,2024-05-11,Shopify,4e6d7f,Smartwatch,1994.19,2,0.2,3190.7,Pitcairn Islands
21343ce0,2024-06-23,eBay,41aec2,Laptop,938.94,2,0.11,1671.31,Iceland
0e8752d6,2024-07-10,Shopify,ded9ac,Laptop,1510.21,2,0.3,2114.29,Pakistan
4d548851,2024-10-04,eBay,2c6756,Laptop,1351.07,1,0.17,1121.39,Belize
c99c132f,2024-05-16,Amazon,10e94f,Headphones,1983.29,3,0.25,4462.4,Pakistan
2c2e5a83,2024-05-08,eBay,72f17e,Laptop,1440.78,2,0.22,2247.62,Kenya
752c7dad,2024-12-31,Amazon,1600cb,Tablet,369.86,2,0.26,547.39,Burundi
227130ba,2024-08-08,eBay,c9be66,Smartwatch,1913.26,4,0.05,7270.39,India
4f2590eb,2024-08-19,Shopify,47d66f,Tablet,1352.17,4,0.07,5030.07,Singapore
01a32867,2024-12-31,Amazon,6a4f96,Monitor,165.71,1,0.15,140.85,Mauritius
61ec9b37,2024-07-22,Shopify,6a4081,Laptop,1332.26,1,0.26,985.87,Ukraine
a6f6765a,2024-09-24,Shopify,b098c0,Camera,1772.08,1,0.06,1665.76,Guatemala
6bdb1f96,2024-10-31,Amazon,8db89a,Headphones,1175.23,4,0.29,3337.65,Liberia
34df78bc,2024-07-28,Amazon,c05804,Monitor,740.34,2,0.04,1421.45,Cambodia
f2dac86d,2024-04-03,Shopify,961e44,Camera,1650.77,4,0.05,6272.93,Singapore
e15e6bfc,2024-11-28,Shopify,ba86a7,Headphones,1575.9,3,0.05,4491.32,Canada
2651befe,2024-09-27,Shopify,e48b1a,Monitor,1111.16,1,0.18,911.15,Switzerland
ec425b86,2024-08-31,Shopify,b009e4,Smartwatch,351.01,1,0.28,252.73,Fiji
1b1ea7b7,2024-05-30,Amazon,f5cd1e,Tablet,539.42,1,0.08,496.27,Malta
4780c3f0,2024-11-29,Amazon,7cb833,Smartphone,1490.04,3,0.17,3710.2,Antarctica (the territory South of 60 deg S)
ba92198b,2024-06-17,Shopify,ad7491,Tablet,1621.86,2,0.05,3081.53,Faroe Islands
c8a2abc4,2024-08-24,eBay,2fa230,Laptop,594.57,2,0.19,963.2,Belarus
94b16f19,2024-08-17,eBay,defaca,Camera,767.57,2,0.04,1473.73,Vanuatu
678a7c41,2024-10-21,Amazon,dde6a0,Smartphone,201.38,1,0.15,171.17,Argentina
03551844,2024-06-11,Shopify,42c134,Headphones,1441.25,2,0.2,2306.0,Mauritius
eff73c2d,2024-05-18,Shopify,17be3e,Smartwatch,56.98,4,0.17,189.17,Norway
dbedc807,2024-12-16,Amazon,1a1c8a,Smartwatch,140.76,1,0.04,135.13,Cook Islands
39caab88,2024-09-15,eBay,1baf64,Headphones,58.47,3,0.05,166.64,Ethiopia
c65b1c3e,2025-01-30,eBay,1780ff,Laptop,1308.37,3,0.2,3140.09,Singapore
05029870,2024-04-02,eBay,944675,Headphones,863.9,2,0.24,1313.13,Heard Island and McDonald Islands
49206466,2024-02-27,Amazon,825ed8,Monitor,630.22,1,0.27,460.06,Netherlands Antilles
d028e075,2024-02-04,eBay,70b7f4,Camera,1829.77,4,0.24,5562.5,Faroe Islands
6d2c4b2b,2024-03-06,Amazon,e82d0b,Camera,425.97,4,0.29,1209.75,Svalbard & Jan Mayen Islands
bd20ee31,2024-10-24,Amazon,4071f8,Laptop,809.27,1,0.12,712.16,Ghana
13692eb4,2024-04-20,Shopify,aa78d2,Smartphone,1883.61,2,0.1,3390.5,Ecuador
46337e8b,2025-01-27,eBay,b1df85,Headphones,882.86,3,0.01,2622.09,Chile
2630421e,2024-04-24,Amazon,0e2fa5,Laptop,1131.65,3,0.13,2953.61,Reunion
e0fce3da,2024-04-26,eBay,ed9ee8,Camera,206.66,4,0.2,661.31,Kazakhstan
387dfd3d,2024-03-26,eBay,0f29ec,Smartphone,1590.82,4,0.24,4836.09,Norway
8649caa3,2024-06-20,Shopify,d792f0,Headphones,874.38,4,0.08,3217.72,Haiti
8f7ddece,2025-01-17,eBay,348ac0,Smartwatch,1611.0,3,0.15,4108.05,Netherlands Antilles
90eec016,2024-05-10,Shopify,411893,Headphones,544.91,4,0.2,1743.71,Gabon
ecc41c29,2024-08-19,Amazon,c0c0d3,Tablet,873.83,3,0.17,2175.84,Latvia
d498c045,2024-08-20,eBay,48e1f8,Headphones,1583.77,3,0.08,4371.21,Cuba
d34f091f,2024-08-26,Amazon,69c60f,Tablet,1949.06,2,0.24,2962.57,Guam
a88f818d,2024-07-05,eBay,df5de7,Smartphone,166.27,2,0.05,315.91,Myanmar
47c07eae,2024-07-23,Amazon,b40e57,Headphones,1634.29,2,0.27,2386.06,Gibraltar
503ca88e,2025-01-22,eBay,2f4496,Smartphone,636.34,4,0.29,1807.21,Malaysia
e57a4639,2024-03-21,eBay,5661bb,Smartphone,1123.95,3,0.11,3000.95,South Georgia and the South Sandwich Islands
b294d4e9,2024-03-04,eBay,35d9a2,Camera,615.68,4,0.11,2191.82,Suriname
0a32b058,2024-05-13,eBay,0a02d8,Laptop,1246.22,3,0.22,2916.15,China
a20c3ccb,2024-12-14,eBay,b96355,Smartphone,739.92,2,0.14,1272.66,American Samoa
4722cf1e,2024-05-14,eBay,438dcd,Smartphone,700.55,2,0.01,1387.09,Botswana
cfea65df,2024-08-06,eBay,c0f473,Camera,123.98,4,0.28,357.06,Lao People's Democratic Republic
2de2e420,2024-10-17,eBay,73a1e3,Camera,336.57,3,0.13,878.45,Ukraine
c4a8b5a4,2024-08-15,eBay,49afa7,Headphones,1838.3,4,0.06,6912.01,Swaziland
181e5297,2024-08-10,Amazon,bc9915,Camera,1996.64,1,0.17,1657.21,Togo
06f572dc,2024-12-08,Shopify,63a293,Headphones,1572.02,4,0.07,5847.91,Namibia
706a336b,2024-11-07,eBay,d31159,Smartwatch,609.28,2,0.06,1145.45,Taiwan
eeecaf2e,2024-04-28,Shopify,dc7f39,Camera,834.77,3,0.16,2103.62,Canada
00cca3ca,2024-02-26,eBay,750c40,Laptop,1492.03,3,0.12,3938.96,Lithuania
e0f35415,2024-10-17,eBay,88896e,Smartphone,1938.6,4,0.17,6436.15,El Salvador
a1b43155,2024-08-15,Amazon,dadfb6,Laptop,938.17,2,0.3,1313.44,Cuba
5d43780f,2024-08-27,Amazon,8f249a,Tablet,1667.57,1,0.26,1234.0,Saint Pierre and Miquelon
03db4672,2024-09-05,Shopify,f6dd63,Camera,1951.38,4,0.0,7805.52,Pakistan
17d4004c,2024-10-06,Amazon,d40b9b,Smartphone,1753.27,3,0.02,5154.61,Gibraltar
be104884,2024-05-09,Amazon,dd11c1,Laptop,492.94,2,0.18,808.42,Suriname
d18589e3,2024-10-31,Shopify,ced462,Camera,65.66,3,0.19,159.55,Cook Islands
6affb2d7,2024-10-06,Amazon,534fb7,Camera,1009.56,3,0.26,2241.22,Mali
de43b59b,2024-10-19,eBay,645b62,Smartwatch,1086.15,3,0.19,2639.34,Guinea
06fb7f93,2024-06-19,Shopify,07cc2c,Smartwatch,442.44,3,0.07,1234.41,Monaco
6c9772b1,2024-11-29,Shopify,d2284b,Smartphone,605.12,1,0.14,520.4,Samoa
886e6b8b,2024-03-07,eBay,129e9c,Tablet,1542.05,2,0.24,2343.92,Ecuador
05511526,2024-02-17,Amazon,3cd177,Smartwatch,967.18,4,0.28,2785.48,Palestinian Territory
e92bdf8f,2024-02-20,Shopify,68d09b,Smartwatch,668.84,2,0.07,1244.04,Argentina
8ff58ab6,2024-05-02,Shopify,c8fcc3,Tablet,1264.12,2,0.16,2123.72,Switzerland
a56351ef,2024-11-06,eBay,7480f9,Laptop,1322.88,2,0.05,2513.47,Burundi
6a2fd03f,2024-09-04,eBay,9adfaa,Smartwatch,1550.32,4,0.15,5271.09,Gibraltar
73bbfc0d,2024-03-04,Amazon,97f6c1,Headphones,355.58,2,0.03,689.83,Denmark
c884384f,2024-04-12,Shopify,418634,Monitor,1495.96,4,0.28,4308.36,Eritrea
1fdd5ea7,2024-05-10,Amazon,8b22e4,Monitor,1218.89,4,0.19,3949.2,Greenland
76861104,2024-04-12,Amazon,660782,Smartwatch,162.27,1,0.26,120.08,Guadeloupe
a6782f44,2024-09-02,eBay,f4d562,Laptop,1566.02,3,0.3,3288.64,Luxembourg
67b0b2f8,2024-07-23,Shopify,708a62,Camera,797.01,4,0.05,3028.64,Zimbabwe
caf07db3,2024-11-10,Shopify,09a1af,Laptop,694.24,3,0.21,1645.35,China
68bad6a4,2024-12-28,Shopify,98cc11,Smartphone,923.75,2,0.27,1348.68,Heard Island and McDonald Islands
f3033951,2024-02-05,eBay,e251e5,Headphones,725.04,3,0.17,1805.35,Marshall Islands
0184af41,2024-10-31,eBay,e855f6,Laptop,709.66,3,0.19,1724.47,Turkey
3c04d5fe,2024-09-04,eBay,b69b43,Tablet,1625.75,3,0.12,4291.98,Japan
332a48f4,2024-11-06,eBay,4f40d7,Headphones,292.79,2,0.2,468.46,British Virgin Islands
ff646953,2024-08-29,eBay,f65965,Monitor,1942.67,2,0.12,3419.1,Croatia
48946a23,2024-08-18,Shopify,9e8a04,Headphones,1132.12,4,0.14,3894.49,Comoros
33d425fb,2024-07-08,Amazon,3d218c,Tablet,406.7,4,0.03,1578.0,Turks and Caicos Islands
ec7cd131,2024-04-29,Shopify,9e71e9,Smartwatch,305.87,1,0.0,305.87,Tanzania
b471a9b4,2024-03-23,Amazon,742f2d,Tablet,1203.44,2,0.02,2358.74,Pakistan
4f56fa8e,2024-07-17,eBay,90248c,Tablet,1284.35,1,0.06,1207.29,Guam
eaebf97d,2024-08-16,Amazon,be6f2f,Smartwatch,153.4,2,0.14,263.85,Cameroon
9d5eeb29,2024-02-20,Shopify,5b5393,Smartwatch,523.85,3,0.01,1555.83,Niue
a56b1872,2024-04-07,Shopify,c3c524,Smartwatch,1601.15,1,0.05,1521.09,Guinea
3093b8f5,2025-01-05,Amazon,3c647a,Smartwatch,146.77,1,0.23,113.01,Bhutan
0d1cae60,2024-05-06,eBay,2887c3,Smartwatch,1717.42,1,0.23,1322.41,Malawi
90aeb1bb,2024-12-11,eBay,faccfd,Tablet,1333.42,2,0.24,2026.8,French Polynesia
1569b2ad,2024-03-26,Shopify,013d6a,Smartphone,897.13,4,0.28,2583.73,French Southern Territories
a90cf434,2024-06-07,Amazon,8e9b17,Smartphone,725.54,1,0.04,696.52,New Caledonia
41c20538,2024-04-14,eBay,b4aea4,Laptop,87.54,4,0.05,332.65,Aruba
7b66f903,2024-02-16,eBay,1c91f5,Smartphone,1659.17,2,0.1,2986.51,Martinique
8858199e,2024-08-27,Shopify,6c6d36,Monitor,328.31,1,0.27,239.67,Chad
651e6cb8,2024-09-23,eBay,fe01a0,Smartphone,653.61,2,0.23,1006.56,Panama
2b702bb4,2024-05-07,Amazon,faa120,Tablet,1159.76,4,0.1,4175.14,Tokelau
6a53b3c4,2024-04-02,Shopify,7c113a,Smartwatch,529.69,4,0.03,2055.2,Hong Kong
f7585b0e,2024-03-10,Shopify,c36b38,Smartwatch,1019.42,1,0.18,835.92,Malaysia
ccd852fb,2024-10-02,Amazon,fd9f45,Camera,1628.22,4,0.08,5991.85,Libyan Arab Jamahiriya
1a63c41c,2024-06-06,Shopify,f8fac4,Camera,967.55,3,0.16,2438.23,Dominica
5ee491a4,2024-06-30,eBay,c7db0a,Camera,1900.51,3,0.28,4105.1,Guatemala
5e4afc95,2024-10-08,eBay,a31e78,Tablet,1702.63,1,0.17,1413.18,Senegal
aaa7d37b,2024-05-21,Amazon,8bc700,Monitor,699.43,2,0.28,1007.18,Micronesia
da022362,2024-07-02,eBay,2896fb,Smartphone,829.93,2,0.12,1460.68,Bolivia
50dd9c28,2024-09-19,Amazon,d3f15d,Tablet,875.49,2,0.19,1418.29,Syrian Arab Republic
268cba2a,2024-04-04,Amazon,c3ac21,Laptop,1271.05,3,0.27,2783.6,Rwanda
11054cef,2024-06-04,eBay,08a267,Smartwatch,609.25,4,0.18,1998.34,Tajikistan
0ef57724,2024-11-19,Amazon,71608b,Camera,1940.04,3,0.18,4772.5,Senegal
c95b9699,2024-07-30,eBay,10c44f,Headphones,1236.93,4,0.21,3908.7,Haiti
a82b5155,2024-04-12,Shopify,6c4709,Laptop,828.83,3,0.26,1840.0,Ghana
0eacdaeb,2024-02-14,Shopify,915b5d,Camera,1307.77,2,0.03,2537.07,Qatar
20793c4a,2024-05-22,Amazon,24df30,Monitor,821.04,2,0.1,1477.87,Haiti
c50ccce8,2024-07-31,eBay,747e82,Laptop,1644.7,2,0.12,2894.67,Egypt
fd38b988,2024-12-30,eBay,f2a76e,Tablet,1157.29,1,0.27,844.82,Ukraine
9df2b372,2024-03-09,Shopify,f54754,Smartphone,131.84,1,0.29,93.61,Ukraine
39a7d908,2024-03-18,Shopify,1518d1,Smartwatch,394.68,4,0.04,1515.57,Ireland
49e47885,2024-12-31,eBay,98d714,Monitor,1736.74,1,0.04,1667.27,Nicaragua
d3295e8c,2024-05-04,Amazon,d708ca,Monitor,1147.65,3,0.28,2478.92,Egypt
d848fdc8,2024-07-21,Shopify,017ff6,Headphones,1903.17,3,0.09,5195.65,Russian Federation
53af4a5c,2024-12-22,Amazon,4a2683,Laptop,191.22,4,0.07,711.34,Georgia
4b5d8c70,2025-01-16,Amazon,5d2461,Headphones,625.76,4,0.01,2478.01,India
38cb6302,2024-10-13,Shopify,fa2466,Smartphone,427.41,2,0.08,786.43,Bolivia
72fd0249,2024-09-24,Amazon,3f127b,Camera,1129.99,1,0.21,892.69,Christmas Island
60c936e2,2024-07-19,Amazon,26f3fa,Smartphone,796.45,2,0.13,1385.82,Croatia
851c3482,2024-05-30,eBay,f0e095,Camera,356.68,1,0.16,299.61,Finland
aa580268,2025-01-15,Amazon,e9217e,Headphones,1303.37,1,0.28,938.43,Congo
5b22477e,2024-08-04,eBay,e089d9,Smartwatch,1095.78,4,0.03,4251.63,Namibia
bdb8371c,2024-10-19,Shopify,6f0803,Smartphone,585.74,2,0.02,1148.05,Zambia
10b23e91,2024-03-25,Shopify,a6e319,Headphones,985.55,2,0.26,1458.61,Algeria
3a6aaba2,2024-05-21,eBay,b54cf0,Laptop,1504.19,1,0.23,1158.23,South Africa
fb64041c,2024-06-06,Shopify,486d80,Headphones,450.28,1,0.08,414.26,Saint Helena
a1e504f5,2024-04-21,Amazon,ac736e,Headphones,621.17,4,0.1,2236.21,Guinea-Bissau
ddf9b60b,2024-10-26,Amazon,25555c,Tablet,724.92,3,0.09,1979.03,Croatia
39d46c55,2024-09-14,Amazon,891795,Smartphone,1506.12,2,0.19,2439.91,Senegal
4f6b0cb0,2024-06-02,Shopify,6ce9cc,Smartwatch,1701.5,2,0.02,3334.94,Sri Lanka
6a9c8184,2024-06-10,Amazon,18a526,Smartwatch,783.96,4,0.15,2665.46,United States Minor Outlying Islands
f569cf19,2024-04-28,Shopify,0d89f0,Tablet,628.41,4,0.04,2413.09,Slovenia
afc8236a,2024-10-08,Amazon,743149,Camera,1784.42,2,0.25,2676.63,Panama
185ee12e,2025-01-16,eBay,61e33f,Monitor,1998.76,2,0.11,3557.79,Madagascar
1894fd8a,2024-07-18,Shopify,86d7c6,Camera,1357.19,1,0.16,1140.04,Albania
e5ae7ec0,2024-02-29,Shopify,188fb2,Smartwatch,1980.46,3,0.01,5881.97,Northern Mariana Islands
22a0d4a0,2024-03-12,Amazon,c34ab0,Headphones,1336.93,2,0.02,2620.38,Cote d'Ivoire
821dc495,2024-02-17,Shopify,29d9d7,Tablet,1480.25,4,0.2,4736.8,Tanzania
8d2b7c53,2024-10-03,Shopify,e97ff4,Laptop,807.88,1,0.23,622.07,Guernsey
9d846478,2024-08-15,eBay,f03592,Smartphone,894.29,1,0.21,706.49,Iceland
ac5d023e,2024-04-21,eBay,524ce5,Smartphone,331.06,4,0.22,1032.91,Barbados
e2b4aca6,2024-05-11,Amazon,58e916,Smartphone,1654.36,4,0.03,6418.92,Eritrea
b98e8861,2024-03-24,eBay,21d7a1,Headphones,1865.57,1,0.21,1473.8,San Marino
6bb80089,2024-02-05,Amazon,3d50a3,Laptop,1265.7,4,0.05,4809.66,Japan
096bad76,2024-03-27,Amazon,c10728,Tablet,720.11,1,0.03,698.51,French Southern Territories
f9ea0a3f,2024-04-11,Amazon,8e48e3,Tablet,350.33,4,0.23,1079.02,Eritrea
1ae4e392,2024-04-29,Shopify,04c428,Smartphone,567.05,1,0.27,413.95,Denmark
4b9702a0,2024-10-10,eBay,fc40d2,Laptop,548.05,2,0.22,854.96,Albania
b6020723,2024-10-16,Amazon,2674de,Laptop,1246.38,2,0.24,1894.5,Albania
8486ecd6,2024-11-15,eBay,ff1f95,Laptop,1892.82,4,0.3,5299.9,Iceland
39e98210,2024-08-03,Amazon,cfcacd,Smartwatch,144.13,3,0.04,415.09,Heard Island and McDonald Islands
da30095a,2024-03-04,eBay,88ded6,Smartwatch,51.99,2,0.29,73.83,Venezuela
a6468794,2024-06-05,eBay,ea14ea,Smartphone,1220.35,1,0.18,1000.69,Saint Vincent and the Grenadines
a9690f35,2024-10-20,Amazon,e810f7,Laptop,603.92,3,0.24,1376.94,Belgium
92f1a176,2024-08-18,Shopify,ecbd63,Monitor,1767.07,1,0.2,1413.66,Luxembourg
ee685277,2024-10-31,eBay,73524f,Laptop,688.14,1,0.17,571.16,Austria
5a882dd3,2024-07-18,Shopify,754194,Tablet,614.99,2,0.21,971.68,American Samoa
fb1ee843,2024-06-21,Shopify,5632fc,Tablet,575.55,4,0.1,2071.98,Turkey
e8f4ea08,2025-01-14,Amazon,a0062a,Smartphone,332.46,4,0.28,957.48,Nauru
3aa63ad8,2025-01-27,Amazon,a8a4d5,Monitor,1183.98,1,0.03,1148.46,Sudan
c07d93a0,2024-02-10,Amazon,c37851,Laptop,378.02,2,0.1,680.44,Heard Island and McDonald Islands
70a860b1,2024-08-16,eBay,92462d,Camera,878.03,1,0.01,869.25,Bolivia
3aac25f6,2024-07-24,Amazon,4807c4,Monitor,948.9,3,0.08,2618.96,Haiti
65feefa4,2024-11-20,Amazon,6b6011,Smartphone,89.96,1,0.07,83.66,Samoa
a30b3615,2024-10-26,eBay,8fb882,Tablet,82.77,2,0.01,163.88,Djibouti
25eb8256,2024-11-07,eBay,648ec4,Camera,1064.41,1,0.15,904.75,Brazil
64c88615,2024-08-03,Amazon,c39e7a,Tablet,1407.27,2,0.14,2420.5,Cocos (Keeling) Islands
ce1b7637,2024-12-10,Amazon,a3d104,Smartwatch,1887.18,4,0.02,7397.75,Liberia
953534a4,2024-10-29,Amazon,38aa50,Smartphone,399.28,2,0.08,734.68,Russian Federation
c53631c7,2024-03-08,Amazon,7ad73d,Smartphone,251.35,3,0.29,535.38,Comoros
f5e686c0,2024-09-19,Shopify,7f22d9,Laptop,151.57,2,0.03,294.05,Cocos (Keeling) Islands
4abbd163,2024-09-02,Shopify,6423e9,Laptop,900.28,3,0.09,2457.76,Norway
65d81fbf,2024-05-13,Amazon,2dbf5e,Smartwatch,1265.14,3,0.01,3757.47,Nicaragua
c1a13f00,2024-09-24,Shopify,eb9e03,Camera,1689.08,1,0.04,1621.52,Jordan
baf278ae,2024-09-13,eBay,69fd1a,Headphones,1381.16,3,0.21,3273.35,Jersey
541eeb22,2024-09-28,Shopify,250ad7,Monitor,456.3,2,0.11,812.21,Peru
b5b62ee1,2024-04-26,Shopify,cf2ffd,Headphones,950.45,4,0.14,3269.55,Micronesia
41023f1b,2024-11-27,Amazon,78b4be,Headphones,1825.18,2,0.05,3467.84,Romania
b07ab94f,2024-05-02,Shopify,c4cd45,Smartphone,687.15,4,0.2,2198.88,Falkland Islands (Malvinas)
ae477d66,2024-10-21,Shopify,2c2da9,Monitor,1022.52,3,0.23,2362.02,South Georgia and the South Sandwich Islands
3bc4a3a9,2024-02-12,Shopify,f3de4c,Smartphone,1919.2,1,0.05,1823.24,Mauritius
e913b538,2024-10-25,Shopify,9b7557,Monitor,1482.68,3,0.01,4403.56,Hong Kong
bb6586f7,2024-07-12,eBay,8e8b00,Tablet,1508.09,3,0.02,4433.78,Madagascar
9b38b24c,2024-04-27,Amazon,c1290f,Smartphone,542.05,4,0.2,1734.56,Uganda
0df9de68,2024-12-20,Amazon,f5220b,Smartphone,858.66,2,0.04,1648.63,San Marino
eaea4002,2024-06-14,eBay,c7c4d2,Smartphone,210.57,1,0.15,178.98,Lao People's Democratic Republic
e54d1f3b,2024-10-22,Shopify,4278b5,Camera,1232.73,1,0.05,1171.09,Anguilla
42ea3e4a,2024-09-08,eBay,3736f2,Smartwatch,252.27,1,0.05,239.66,Haiti
9c124c90,2024-11-12,Shopify,f10fa6,Smartphone,1680.02,1,0.0,1680.02,Portugal
874e6463,2024-09-15,eBay,a65498,Laptop,1638.38,2,0.1,2949.08,Zambia
d79b701c,2024-03-02,Amazon,6827e7,Laptop,1090.53,1,0.03,1057.81,Romania
5a9cd633,2024-12-22,Amazon,023d9f,Monitor,325.27,4,0.12,1144.95,Barbados
6701118d,2025-01-01,Amazon,34b833,Tablet,99.88,4,0.18,327.61,Croatia
84276717,2025-01-26,Shopify,345256,Smartwatch,1603.58,1,0.11,1427.19,Saint Pierre and Miquelon
409eb648,2024-09-22,Shopify,a4f283,Camera,1220.27,1,0.21,964.01,Panama
7c6a74a7,2024-11-25,eBay,f9b05a,Monitor,1436.31,2,0.22,2240.64,Lao People's Democratic Republic
3e95ac67,2024-08-01,eBay,2a33f2,Laptop,642.42,2,0.21,1015.02,Anguilla
d1b2bb70,2024-03-30,Amazon,9d3079,Smartwatch,1043.49,1,0.28,751.31,Brunei Darussalam
60cce2b2,2024-02-15,Shopify,5e879d,Smartwatch,1506.99,2,0.07,2803.0,Sao Tome and Principe
581c8e71,2024-08-13,eBay,edec1c,Tablet,952.0,3,0.06,2684.64,Morocco
fe0706aa,2024-10-31,Shopify,33ef56,Smartwatch,1222.7,1,0.18,1002.61,Greenland
b96e5bd1,2024-11-10,Shopify,e1977e,Smartphone,1589.97,2,0.18,2607.55,Mayotte
f34af14a,2024-02-05,Amazon,61fe81,Smartwatch,469.68,4,0.15,1596.91,Trinidad and Tobago
ca25c368,2024-04-14,Amazon,41b18d,Tablet,178.56,1,0.0,178.56,Bermuda
41c048f3,2024-08-16,Shopify,de9add,Monitor,1087.06,1,0.17,902.26,North Macedonia
d057377e,2024-07-08,Shopify,083501,Tablet,171.15,4,0.28,492.91,Suriname
69784143,2024-08-29,Shopify,5f8a71,Camera,1544.79,4,0.1,5561.24,Belgium
a8f65d86,2024-08-30,Shopify,61a4ad,Tablet,1452.46,2,0.29,2062.49,Guatemala
43bbc700,2024-09-04,Amazon,a9b1f3,Laptop,1769.34,4,0.11,6298.85,Greece
c7d64705,2025-01-12,eBay,fa35cf,Smartphone,1297.15,3,0.04,3735.79,Korea
14d598d7,2024-06-07,Amazon,555061,Laptop,181.04,1,0.12,159.32,Fiji
5d845b12,2024-11-03,eBay,c53aec,Monitor,543.65,3,0.15,1386.31,Cocos (Keeling) Islands
b7f83c2b,2024-02-05,Shopify,0a7c81,Headphones,1625.47,2,0.19,2633.26,Thailand
df9395b4,2024-12-09,eBay,2732c0,Monitor,375.91,4,0.15,1278.09,Pitcairn Islands
7f3a0f8b,2024-08-05,Amazon,566279,Smartphone,1412.04,1,0.16,1186.11,Japan
5a90e0a0,2025-01-26,Amazon,211919,Smartwatch,1571.51,4,0.01,6223.18,Isle of Man
8509c0d5,2024-02-13,Shopify,235aff,Tablet,693.72,4,0.08,2552.89,Costa Rica
122c9f5b,2024-08-02,Amazon,b8bbf2,Headphones,678.48,2,0.09,1234.83,El Salvador
eade3f5c,2024-08-18,Shopify,2cd109,Smartphone,1137.72,2,0.3,1592.81,Georgia
a964e22d,2024-02-14,Amazon,68dc54,Laptop,1729.51,2,0.09,3147.71,Philippines
1d8562c0,2024-09-28,Amazon,d1e4dc,Tablet,486.62,2,0.27,710.47,Aruba
54458d79,2025-01-20,Shopify,94dd45,Monitor,1885.45,1,0.09,1715.76,Nigeria
3b597975,2025-01-12,eBay,323d2a,Laptop,1218.28,3,0.03,3545.19,Spain
e024d038,2025-01-02,Amazon,dcc215,Smartphone,1984.65,3,0.07,5537.17,Turks and Caicos Islands
74bda523,2024-07-25,eBay,ddd1c9,Smartphone,224.75,1,0.08,206.77,Netherlands
16649274,2025-01-04,Amazon,d478ad,Monitor,296.8,4,0.29,842.91,Iceland
5faeab4f,2024-07-23,Amazon,15dbc7,Headphones,1661.95,1,0.2,1329.56,Spain
a2e6c1ec,2024-03-11,Amazon,7202f3,Monitor,1736.27,3,0.28,3750.34,Heard Island and McDonald Islands
131cc5fc,2024-03-06,Amazon,0d5782,Smartwatch,918.64,3,0.25,2066.94,Israel
80dd1472,2025-01-12,eBay,87b634,Laptop,1442.44,1,0.17,1197.23,Tunisia
b2a76d92,2025-01-14,eBay,6c153e,Headphones,1741.74,2,0.2,2786.78,North Macedonia
176dfc75,2024-08-01,Amazon,f70e06,Tablet,134.1,4,0.19,434.48,San Marino
51b919d5,2024-08-03,Amazon,01b37a,Camera,1169.2,1,0.2,935.36,Greenland
bd209f64,2024-12-27,eBay,1dd040,Smartwatch,1714.29,3,0.08,4731.44,Tonga
2e1b00f9,2024-04-09,Shopify,1798e6,Headphones,826.4,2,0.12,1454.46,Bangladesh
d09652e5,2024-08-23,Shopify,73e8f1,Camera,639.65,4,0.18,2098.05,Bangladesh
0d03cdf5,2024-05-06,eBay,431295,Camera,1601.63,3,0.01,4756.84,Myanmar
a0b7bf79,2024-04-17,Amazon,d9623e,Laptop,704.78,4,0.14,2424.44,Saint Helena
b95fb6c9,2024-05-06,Amazon,db8905,Smartphone,56.19,2,0.26,83.16,Norway
f354dea9,2024-12-20,Shopify,93cd29,Tablet,1921.17,3,0.15,4898.98,Chile
57faa53f,2024-12-01,Shopify,52c219,Monitor,1204.64,2,0.17,1999.7,Sao Tome and Principe
f7436ac0,2024-10-12,eBay,977262,Laptop,1648.06,1,0.06,1549.18,India
1dc14778,2024-02-04,Shopify,b30457,Smartwatch,1659.34,1,0.24,1261.1,Bolivia
555b5f73,2024-10-29,eBay,fd72fa,Camera,179.5,4,0.11,639.02,French Polynesia
531c3360,2024-09-11,Shopify,624581,Smartwatch,383.18,2,0.29,544.12,Burundi
c0e09610,2024-02-23,Shopify,d0a05a,Camera,656.69,2,0.3,919.37,Somalia
c010c7b0,2024-06-23,Shopify,395521,Smartphone,675.36,4,0.27,1972.05,Cayman Islands
a9deba64,2025-01-08,Amazon,de2762,Smartphone,1334.63,4,0.03,5178.36,Somalia
97fc5772,2024-10-30,Amazon,704da0,Tablet,1265.11,4,0.1,4554.4,New Caledonia
488ba363,2024-07-07,Amazon,99906e,Monitor,1014.45,1,0.28,730.4,Central African Republic
27b07f91,2024-05-30,Shopify,03707f,Tablet,461.96,4,0.24,1404.36,Cape Verde
23150e66,2024-10-21,eBay,cc3743,Smartphone,794.87,1,0.27,580.26,Aruba
7b1a4878,2024-09-01,eBay,ab417d,Smartphone,1110.01,4,0.17,3685.23,Argentina
63381b88,2024-08-28,eBay,0a8f80,Smartwatch,962.57,2,0.14,1655.62,Philippines
20580f49,2024-07-21,eBay,1cffc5,Smartphone,298.22,2,0.03,578.55,Latvia
c97a1c53,2024-08-22,Amazon,fec99a,Headphones,1316.55,4,0.25,3949.65,Faroe Islands
3f83faa4,2024-07-03,Amazon,9248f6,Camera,192.45,4,0.22,600.44,Bulgaria
4ae7c944,2024-12-14,Shopify,4df598,Laptop,787.48,1,0.02,771.73,Isle of Man
b12a8402,2024-08-25,Shopify,84c867,Smartphone,1434.56,3,0.06,4045.46,Czech Republic
9b5b5aae,2025-01-24,eBay,295c61,Tablet,89.05,1,0.17,73.91,Egypt
8eb9feec,2025-01-23,Amazon,738aba,Monitor,1161.47,2,0.21,1835.12,South Georgia and the South Sandwich Islands
ca29df95,2024-12-24,eBay,d316cd,Camera,702.32,4,0.04,2696.91,China
52420339,2024-03-17,Shopify,0e5a90,Camera,67.22,2,0.07,125.03,Jamaica
3b96407b,2024-06-09,Shopify,af6bfa,Monitor,421.25,3,0.06,1187.92,Iraq
29ade877,2024-04-08,eBay,cc2f32,Monitor,1884.85,1,0.07,1752.91,Western Sahara
26c8c39d,2024-07-22,Shopify,f4e09d,Camera,1066.24,2,0.28,1535.39,Micronesia
59234a12,2024-05-21,eBay,0cb391,Headphones,1994.59,1,0.21,1575.73,Russian Federation
e4ac2f93,2024-03-14,Amazon,01a4da,Tablet,1073.39,4,0.22,3348.98,Madagascar
7d3c45bf,2024-06-27,eBay,b7e8e4,Headphones,1110.68,2,0.24,1688.23,Tokelau
72adeeaf,2024-08-10,Amazon,74eb3f,Smartphone,814.09,3,0.11,2173.62,Denmark
2e893f50,2025-01-07,Amazon,6fd5a8,Laptop,654.58,1,0.23,504.03,Sudan
8684c94d,2024-11-14,Shopify,cf96ba,Monitor,540.51,1,0.29,383.76,Niue
1e46e342,2025-01-18,Shopify,6f1306,Tablet,719.67,3,0.21,1705.62,Tajikistan
799062ab,2024-03-23,Shopify,e62e29,Monitor,946.71,2,0.13,1647.28,Canada
a53bd5d3,2024-10-29,eBay,e38ba1,Headphones,424.38,2,0.21,670.52,Switzerland
80fdc35e,2024-09-03,eBay,07ba79,Smartwatch,488.51,1,0.27,356.61,New Zealand
7ea4aa8b,2024-08-23,Shopify,7bb85b,Smartphone,579.51,3,0.04,1668.99,Heard Island and McDonald Islands
6806d34e,2024-10-31,eBay,f3a372,Laptop,926.06,1,0.08,851.98,Paraguay
e9829a05,2024-12-10,Shopify,53d1c0,Smartphone,1322.99,1,0.28,952.55,Poland
2d2cd16e,2024-07-04,eBay,c38b98,Smartwatch,1719.48,4,0.28,4952.1,United States Minor Outlying Islands
5873257a,2024-02-05,Amazon,b965f8,Laptop,609.91,2,0.15,1036.85,Thailand
611cdee6,2024-03-19,Amazon,53737a,Smartwatch,408.27,2,0.11,726.72,Sudan
48667479,2024-05-02,Shopify,7f8b68,Smartphone,788.75,4,0.08,2902.6,Paraguay
e4e3361d,2024-06-02,eBay,cf5295,Headphones,1794.05,2,0.15,3049.88,Sao Tome and Principe
9061a1f0,2024-05-29,eBay,9956b5,Camera,69.23,2,0.28,99.69,Tajikistan
d28d451f,2024-02-27,Amazon,d856c2,Smartphone,1371.84,2,0.04,2633.93,Trinidad and Tobago
f70327e8,2024-06-06,Amazon,e5f900,Smartphone,980.46,3,0.13,2559.0,Egypt
7ec79e48,2024-09-25,Shopify,3150d6,Smartphone,364.04,4,0.27,1063.0,Samoa
097da399,2024-09-09,Amazon,f20555,Tablet,675.99,1,0.1,608.39,Ecuador
2038908c,2024-07-27,Shopify,4e8f82,Smartwatch,488.65,3,0.23,1128.78,Belize
4c5fbf77,2024-09-17,Amazon,9f233c,Smartwatch,1761.77,1,0.12,1550.36,Saint Barthelemy
65bd6e79,2024-07-29,Amazon,d6a455,Monitor,989.65,4,0.24,3008.54,Belgium
0d0c77cf,2024-05-10,eBay,25527a,Smartwatch,1148.03,4,0.29,3260.41,Venezuela
afda50a6,2024-12-20,Amazon,ee013e,Monitor,1207.69,4,0.12,4251.07,Turkmenistan
785f2a96,2024-10-05,Amazon,9231fa,Tablet,1297.25,2,0.25,1945.88,Greece
5142b4d4,2024-04-20,Shopify,633951,Headphones,1016.33,3,0.3,2134.29,Norway
57707ebe,2024-10-07,Amazon,2162b5,Monitor,84.85,4,0.3,237.58,Fiji
749e50ef,2024-02-07,Shopify,b770fc,Smartphone,702.71,1,0.13,611.36,Reunion
bff21729,2024-06-19,Amazon,b75e89,Headphones,408.55,2,0.15,694.54,Albania
0ca7e76e,2024-12-18,Amazon,923ff0,Camera,1376.28,2,0.09,2504.83,Eritrea
e221f741,2024-12-30,Shopify,6c69d3,Tablet,160.57,3,0.09,438.36,United States Virgin Islands
739683e3,2024-08-04,eBay,80ea97,Smartwatch,1149.42,3,0.15,2931.02,Guinea-Bissau
be488f8f,2024-12-15,Shopify,aa856e,Monitor,460.73,3,0.06,1299.26,Macao
1881f688,2024-11-11,Shopify,7db81e,Smartphone,1900.25,2,0.21,3002.4,Portugal
bdd8eb26,2025-01-28,Shopify,50a85e,Laptop,704.3,4,0.16,2366.45,Aruba
248db0d0,2024-03-22,eBay,07f8d1,Camera,684.18,1,0.27,499.45,Costa Rica
5b81212f,2024-03-05,Amazon,38d589,Laptop,1850.6,4,0.24,5625.82,Ukraine
bf1c008e,2024-11-11,Shopify,223be2,Headphones,863.83,1,0.1,777.45,Austria
c4f0a64e,2024-07-16,Shopify,440f66,Smartwatch,1927.58,4,0.15,6553.77,France
fdd0c6b5,2024-05-06,eBay,c5d117,Laptop,97.13,3,0.23,224.37,Mali
8b611625,2024-04-17,Shopify,10e52f,Headphones,647.37,1,0.06,608.53,Guyana
6c0e61cf,2024-05-06,Amazon,8bd0cf,Tablet,1349.08,2,0.01,2671.18,Brunei Darussalam
0187415a,2024-10-27,eBay,34a852,Headphones,1787.17,1,0.26,1322.51,Chad
23e2e6cf,2024-04-18,Amazon,eec7be,Camera,549.99,2,0.04,1055.98,Belgium
2dd0d1fe,2024-11-21,Amazon,f4b5b5,Headphones,1864.43,4,0.27,5444.14,Dominica
8d062632,2024-06-04,eBay,ccf877,Camera,1208.54,3,0.27,2646.7,Azerbaijan
ed928a22,2024-07-02,Shopify,a24aee,Headphones,1611.97,1,0.14,1386.29,British Virgin Islands
fd3ce47b,2024-03-05,Amazon,a4d11e,Smartphone,824.55,2,0.24,1253.32,Bermuda
f826583a,2025-01-20,Amazon,d5fe4c,Headphones,463.75,4,0.11,1650.95,Vanuatu
2fa84d75,2024-10-23,Amazon,33d780,Monitor,1826.91,3,0.26,4055.74,Spain
2f240fab,2024-07-24,Amazon,b571a1,Headphones,1869.61,3,0.25,4206.62,Jordan
1683962c,2024-04-20,eBay,bd901b,Smartphone,1020.27,3,0.02,2999.59,Guatemala
a7e72b52,2024-09-14,eBay,e0d0de,Smartphone,62.67,4,0.17,208.06,Hong Kong
5d1456d7,2024-08-14,Amazon,8a5b90,Tablet,264.08,4,0.19,855.62,Djibouti
b68ee364,2024-07-17,Shopify,a324e3,Camera,1167.4,4,0.0,4669.6,Rwanda
a9dc770c,2024-04-12,Amazon,7e3ce9,Smartwatch,96.36,3,0.29,205.25,Korea
f285d0ff,2024-07-23,Shopify,05c493,Laptop,823.98,1,0.12,725.1,Pakistan
5679da96,2024-11-03,Amazon,aadcd2,Laptop,641.57,2,0.16,1077.84,Norway
cf5040d3,2024-09-01,Shopify,1d62a4,Headphones,1442.98,4,0.06,5425.6,Fiji
1fc103f0,2024-02-21,Amazon,07d597,Tablet,158.38,1,0.18,129.87,Sweden
452a8d7f,2024-05-26,Shopify,b7d0fe,Headphones,1003.03,2,0.24,1524.61,El Salvador
018379c5,2024-05-16,Amazon,5725ac,Laptop,1179.27,3,0.18,2901.0,Czech Republic
9c32bc4e,2025-01-12,Amazon,131428,Camera,1253.72,1,0.24,952.83,Saint Kitts and Nevis
c9da33ce,2024-10-15,Shopify,496b94,Camera,840.06,3,0.22,1965.74,South Georgia and the South Sandwich Islands
4693f377,2024-08-17,eBay,3625e9,Camera,643.52,2,0.07,1196.95,Bolivia
0ad95d89,2024-11-17,Shopify,86aba4,Smartphone,1380.86,4,0.13,4805.39,Guyana
5453dfe7,2024-06-16,eBay,dbcdb2,Smartwatch,1702.76,3,0.04,4903.95,Comoros
b6609ee0,2024-11-26,Amazon,4c66f3,Tablet,1402.55,1,0.01,1388.52,Micronesia
33885581,2024-02-19,Shopify,b7e01f,Smartphone,1867.6,4,0.02,7320.99,Palestinian Territory
1d79abc1,2024-06-17,Shopify,20849b,Smartwatch,1448.66,1,0.28,1043.04,Tokelau
822a93ac,2024-11-11,Shopify,2d1ec7,Tablet,1541.01,2,0.3,2157.41,Sierra Leone
93163a26,2024-04-09,eBay,1d9e59,Tablet,377.41,2,0.03,732.18,Faroe Islands
14f3b734,2024-03-17,eBay,32327c,Laptop,868.1,4,0.1,3125.16,Lao People's Democratic Republic
11632fc2,2024-03-15,Amazon,b7e728,Smartphone,995.86,1,0.03,965.98,El Salvador
f96bdb17,2024-05-11,eBay,8725eb,Tablet,549.77,1,0.25,412.33,Cameroon
43d136b1,2024-05-18,eBay,069f27,Monitor,1080.65,1,0.15,918.55,Peru
b8324ef2,2024-07-20,Amazon,522135,Camera,617.04,1,0.19,499.8,Cambodia
8c1d8786,2024-04-11,Shopify,aee2cd,Tablet,1390.63,2,0.16,2336.26,Eritrea
8bc19a2b,2024-12-14,Shopify,393b0c,Smartwatch,967.06,1,0.21,763.98,Niger
487dd05b,2024-04-13,Amazon,3f4d2c,Laptop,944.67,2,0.1,1700.41,Palau
a5a16322,2024-06-15,Shopify,bf91e3,Headphones,1968.1,1,0.04,1889.38,Comoros
d1ae01b9,2024-08-19,eBay,ff4281,Camera,815.27,1,0.01,807.12,Sao Tome and Principe
ffe0ad3b,2024-12-06,Amazon,a85be0,Laptop,756.48,3,0.13,1974.41,Norway
20bb7658,2024-10-12,Amazon,b186cc,Headphones,671.28,3,0.27,1470.1,Austria
9ebfc3b6,2024-07-21,Amazon,358e50,Smartphone,1794.76,1,0.09,1633.23,Wallis and Futuna
5a808e36,2024-05-18,Shopify,cac7e6,Smartphone,1018.61,2,0.06,1914.99,Benin
5b6fcd49,2024-11-23,Amazon,e085ce,Tablet,1220.03,1,0.28,878.42,American Samoa
4fcdb45a,2024-02-11,Amazon,321cfc,Monitor,402.6,3,0.03,1171.57,Ethiopia
4c3cda13,2024-06-17,Amazon,44862c,Smartphone,1104.84,1,0.02,1082.74,Estonia
73db7018,2024-08-12,Shopify,13053d,Tablet,585.56,3,0.26,1299.94,Bahamas
b3b88463,2025-01-17,eBay,3a4bf9,Camera,1474.74,1,0.21,1165.04,Somalia
3ab294c6,2025-01-20,Amazon,019461,Laptop,1673.43,4,0.13,5823.54,Nauru
12d36367,2025-01-02,eBay,e49c16,Smartphone,1443.88,1,0.23,1111.79,Lao People's Democratic Republic
0e16be77,2024-11-30,Shopify,4afabe,Laptop,1473.98,2,0.22,2299.41,Maldives
e53af71a,2024-09-17,Shopify,4d1002,Laptop,1049.33,3,0.01,3116.51,Taiwan
e7ab3fdf,2024-05-31,Shopify,cdb50d,Monitor,1438.63,4,0.2,4603.62,Liberia
857d1c15,2024-11-16,Shopify,fd0872,Smartphone,874.24,3,0.19,2124.4,British Virgin Islands
c60fe073,2024-11-18,eBay,2813d3,Laptop,1320.4,3,0.29,2812.45,Kyrgyz Republic
188718d3,2024-06-24,Amazon,d00a81,Monitor,555.13,2,0.29,788.28,Equatorial Guinea
ab1cc8ff,2024-08-19,Shopify,f168c7,Monitor,186.03,1,0.11,165.57,Kiribati
ddac2e8a,2024-10-21,Shopify,9c9c32,Smartphone,856.27,2,0.18,1404.28,Turkey
d0f33cec,2024-07-03,eBay,d1515e,Monitor,950.47,1,0.04,912.45,Kenya
c00d34bf,2024-06-04,eBay,61e466,Smartphone,549.99,4,0.02,2155.96,Colombia
37e239f2,2024-04-25,Shopify,854591,Smartphone,1469.03,2,0.13,2556.11,Mali
1cc3ca7a,2024-09-14,Amazon,570205,Headphones,193.42,2,0.21,305.6,Puerto Rico
0e05888a,2024-09-12,Amazon,36c2d4,Laptop,484.36,3,0.17,1206.06,Macao
65939e2f,2024-03-12,Shopify,444874,Smartwatch,1509.7,2,0.13,2626.88,Belize
be0ea1f6,2024-10-30,eBay,6a7c7f,Smartphone,902.39,1,0.25,676.79,Greece
d3c7ba2e,2024-06-06,Shopify,7a70f0,Laptop,1425.3,2,0.24,2166.46,Pitcairn Islands
9ffed36c,2024-11-14,Shopify,8f55f9,Camera,1156.6,2,0.22,1804.3,Montserrat
fa83be53,2024-04-06,eBay,12c9e5,Monitor,1903.89,4,0.02,7463.25,Guinea
a3402a02,2024-12-30,Shopify,684e98,Tablet,1215.7,1,0.24,923.93,Mozambique
984c2a81,2024-12-31,Shopify,9e5924,Smartphone,78.99,3,0.28,170.62,Canada
0f06f108,2025-01-17,Shopify,991c0c,Monitor,738.11,1,0.02,723.35,Panama
1c25a68f,2024-11-07,eBay,8c9ae5,Monitor,328.97,4,0.12,1157.97,Paraguay
bca4121f,2024-05-12,Amazon,0ce137,Monitor,1853.04,1,0.3,1297.13,Israel
84a2561a,2024-07-30,Amazon,182c01,Monitor,252.82,1,0.18,207.31,Trinidad and Tobago
cdcf7bf9,2024-11-15,eBay,04240c,Monitor,806.03,2,0.15,1370.25,Philippines
b489828a,2024-06-22,Amazon,d338c9,Smartphone,490.89,2,0.05,932.69,Uruguay
ce6310c8,2024-06-07,Shopify,8f9992,Camera,1701.11,1,0.17,1411.92,Zimbabwe
8e228b75,2025-01-19,Amazon,4065ee,Smartwatch,651.7,1,0.13,566.98,Heard Island and McDonald Islands
52c59285,2024-07-17,Shopify,41eca0,Headphones,1984.19,3,0.04,5714.47,Aruba
dea568ac,2024-06-22,Amazon,102d40,Monitor,125.3,4,0.14,431.03,Reunion
101467e8,2024-08-22,eBay,69a14d,Monitor,300.14,2,0.05,570.27,Peru
eb9a3748,2024-11-11,Amazon,db1002,Headphones,488.05,2,0.22,761.36,Trinidad and Tobago
402d8ce1,2024-12-06,Amazon,a2493b,Camera,1631.66,2,0.29,2316.96,Belarus
367ad2f3,2024-06-28,Amazon,f8e9b5,Camera,1763.11,2,0.14,3032.55,Brazil
83a02438,2024-05-27,eBay,e07227,Smartphone,189.33,1,0.19,153.36,Belarus
2740e03b,2024-09-27,Amazon,941cb1,Laptop,113.3,1,0.13,98.57,Oman
4fa5610a,2024-08-14,eBay,54f3bc,Tablet,1501.89,3,0.04,4325.44,Angola
5abac970,2024-06-23,Shopify,b40bd7,Tablet,310.04,2,0.29,440.26,Latvia
ba75eabf,2024-08-10,Amazon,e026f6,Laptop,309.35,2,0.04,593.95,Palestinian Territory
9441b14a,2024-04-03,eBay,302a5a,Smartphone,93.61,1,0.03,90.8,Suriname
b76d97f0,2024-04-04,eBay,61aba2,Tablet,147.13,3,0.14,379.6,Puerto Rico
c275f771,2024-06-05,Amazon,4ac9ce,Camera,564.17,1,0.2,451.34,Korea
1f9d8218,2024-07-18,Shopify,eb131f,Headphones,176.76,2,0.11,314.63,China
e989bdd6,2025-02-03,eBay,cef6a6,Laptop,769.31,2,0.06,1446.3,Brazil
f5903965,2024-09-11,Amazon,0d6e39,Camera,1673.91,4,0.25,5021.73,Israel
622b81a9,2024-10-22,Shopify,752a10,Smartwatch,686.32,4,0.11,2443.3,Ukraine
43617493,2024-06-18,eBay,9ac4c4,Smartphone,1469.28,4,0.06,5524.49,Bulgaria
22498ba2,2024-04-08,eBay,1bb79d,Laptop,233.12,3,0.11,622.43,Somalia
98627780,2025-01-27,Shopify,4f4a24,Tablet,1335.78,1,0.06,1255.63,Croatia
d8ba922d,2025-02-01,Shopify,c0dfc1,Smartphone,667.66,2,0.16,1121.67,Bhutan
f777a73e,2025-01-16,Amazon,edd7ef,Headphones,1512.02,2,0.2,2419.23,Greece
5d29e812,2024-11-29,Amazon,1069b7,Smartphone,315.69,3,0.24,719.77,Holy See (Vatican City State)
ca2ebf7a,2024-05-13,eBay,20acb5,Smartphone,1800.87,2,0.07,3349.62,Israel
5a48d158,2024-09-13,Shopify,0b065d,Headphones,523.03,2,0.05,993.76,Guyana
b3600b95,2024-12-16,Shopify,bcabde,Monitor,738.62,1,0.01,731.23,Brunei Darussalam
99e353ca,2024-10-19,Shopify,b499b4,Headphones,1902.85,4,0.07,7078.6,Bosnia and Herzegovina
2dec19bf,2024-08-19,eBay,61f643,Camera,1178.04,4,0.01,4665.04,Vanuatu
d184935e,2024-02-16,Shopify,453e15,Smartphone,763.25,3,0.1,2060.78,Switzerland
a6c22c93,2024-02-19,Shopify,c1411e,Headphones,1901.72,4,0.04,7302.6,Saint Lucia
1593d27e,2024-08-23,eBay,f4f4f7,Monitor,691.7,4,0.17,2296.44,Northern Mariana Islands
3eff78a9,2024-03-30,Amazon,1ead6d,Camera,235.0,3,0.12,620.4,Honduras
87c2c61b,2024-12-15,Amazon,36fb90,Laptop,1993.86,3,0.03,5802.13,Uzbekistan
81c518e3,2025-01-18,eBay,fbcadd,Headphones,572.3,4,0.12,2014.5,Anguilla
0c61f9c5,2024-12-16,Shopify,362f87,Headphones,1709.95,1,0.06,1607.35,Qatar
26627c42,2024-07-22,eBay,b959af,Smartphone,372.8,3,0.2,894.72,Northern Mariana Islands
2ade4c6c,2024-02-06,Amazon,423826,Camera,1476.14,2,0.11,2627.53,Kazakhstan
58ba12fd,2024-10-01,Amazon,87d7a8,Laptop,1072.68,3,0.04,3089.32,Uruguay
33e20d66,2025-02-02,eBay,fe3d2f,Smartwatch,1962.77,2,0.1,3532.99,Netherlands Antilles
83e56d9c,2024-05-03,eBay,885465,Smartwatch,1128.02,3,0.07,3147.18,Romania
a8bb8af9,2024-07-20,Amazon,295338,Tablet,98.78,3,0.24,225.22,Bhutan
f20af126,2024-10-07,eBay,17e7d5,Headphones,1227.56,4,0.3,3437.17,Ethiopia
a415d55a,2024-08-16,Amazon,8af39f,Headphones,333.37,4,0.01,1320.15,Bulgaria
c73597ba,2024-10-25,eBay,e0cc97,Laptop,1607.15,4,0.21,5078.59,Lesotho
5856b747,2024-03-04,eBay,52d9dc,Monitor,1720.31,1,0.08,1582.69,Tokelau
dda9eb25,2024-04-20,eBay,587fbe,Smartwatch,990.08,4,0.02,3881.11,Poland
9eaefb4f,2024-02-27,Amazon,018f91,Tablet,1577.28,4,0.0,6309.12,Ghana
35f06662,2024-08-05,eBay,fc30a4,Laptop,332.97,3,0.26,739.19,Angola
db4e404a,2024-06-23,Amazon,dd844d,Headphones,1009.55,3,0.11,2695.5,Hungary
43b9058c,2024-04-21,Amazon,3727d0,Smartwatch,818.19,1,0.3,572.73,Bolivia
87aacc32,2024-06-06,eBay,0e0338,Camera,1242.07,2,0.13,2161.2,Antigua and Barbuda
4f8cd191,2024-08-03,eBay,c8ff0a,Tablet,136.73,3,0.06,385.58,Armenia
1a9960e1,2025-01-28,Amazon,60b71b,Smartphone,1516.64,3,0.23,3503.44,Equatorial Guinea
6b5cb140,2024-12-19,Amazon,ee3024,Smartwatch,204.3,2,0.28,294.19,Bolivia
7a0f11fe,2024-06-26,Shopify,3ef8df,Tablet,1330.12,1,0.24,1010.89,China
cc27eb32,2024-11-12,Amazon,ff90cf,Laptop,85.99,3,0.22,201.22,Solomon Islands
562780c4,2024-05-07,Shopify,77922b,Smartphone,1672.18,4,0.1,6019.85,Nauru
59a1630e,2024-06-12,Shopify,2d98a7,Tablet,390.66,1,0.02,382.85,Honduras
12873859,2024-11-26,Shopify,e77989,Tablet,1055.22,2,0.06,1983.81,Bouvet Island (Bouvetoya)
f1c39b4c,2024-11-24,eBay,3b0275,Headphones,559.91,2,0.13,974.24,Eritrea
604bd627,2024-10-28,eBay,3686ba,Monitor,1459.16,4,0.29,4144.01,India
53000487,2024-08-09,Amazon,18123a,Smartwatch,676.63,4,0.22,2111.09,Haiti
f2366c4d,2024-05-28,Shopify,494106,Headphones,1462.99,4,0.25,4388.97,Hungary
8bee7d31,2024-11-14,eBay,5caf6e,Camera,605.5,1,0.08,557.06,Romania
9ede3993,2024-06-14,eBay,0be6c3,Smartphone,1517.32,2,0.21,2397.37,Guadeloupe
7ea69bdf,2024-05-18,eBay,ddc681,Monitor,109.68,4,0.26,324.65,Chile
787dd05c,2024-04-29,eBay,d2b788,Tablet,602.46,4,0.14,2072.46,Holy See (Vatican City State)
88e7fdba,2024-06-23,eBay,71f8e0,Headphones,1022.34,2,0.13,1778.87,Tanzania
c2cb786d,2024-05-22,Shopify,e5649d,Monitor,137.87,3,0.22,322.62,Tonga
69f18f9a,2024-12-17,Shopify,9a53bb,Camera,412.77,1,0.17,342.6,Papua New Guinea
1683fb9b,2024-02-20,Shopify,ce55e9,Smartwatch,1872.35,3,0.3,3931.93,British Virgin Islands
7b343a5a,2025-02-02,Shopify,3cc219,Camera,1954.83,4,0.13,6802.81,Nauru
43e96aac,2024-02-25,Amazon,73759e,Smartphone,1492.51,1,0.05,1417.88,Kenya
e854949d,2025-01-15,Shopify,d1ab07,Laptop,541.79,3,0.14,1397.82,Argentina
c6350c8d,2024-05-08,eBay,e70405,Headphones,558.01,2,0.07,1037.9,Belgium
888d08fa,2024-11-22,Shopify,3fe892,Smartphone,1309.29,4,0.17,4346.84,Cook Islands
db155ec5,2024-07-11,Amazon,f06741,Laptop,279.32,1,0.04,268.15,Mozambique
0fb578f1,2025-01-07,eBay,a8bbf6,Headphones,1899.2,1,0.28,1367.42,Kyrgyz Republic
adcaebd1,2024-04-03,Shopify,2f8de5,Smartphone,488.39,1,0.26,361.41,Puerto Rico
cc7e9292,2025-01-16,Shopify,5f9695,Camera,1999.29,1,0.05,1899.33,Bhutan
df285de9,2024-04-09,Shopify,2b2d5f,Smartphone,1016.68,4,0.05,3863.38,China
1be15b0a,2024-02-04,eBay,ccc527,Monitor,1554.29,4,0.15,5284.59,Uganda
06297f81,2024-02-18,eBay,d19e2d,Camera,54.26,2,0.23,83.56,Gambia
9bc2affb,2024-05-19,Amazon,f70599,Headphones,1783.06,2,0.07,3316.49,Nepal
679e8a07,2024-02-08,eBay,705427,Smartphone,576.5,2,0.02,1129.94,Malawi
8ffb2589,2024-02-27,eBay,5c9bef,Tablet,1352.48,3,0.16,3408.25,Slovenia
58a47a6b,2024-02-24,Shopify,0e33f6,Headphones,1622.39,2,0.21,2563.38,Japan
eb01c946,2024-04-20,eBay,08f704,Smartphone,370.09,4,0.07,1376.73,Timor-Leste
dd6a1fa2,2024-11-19,Shopify,3987b2,Monitor,912.89,3,0.22,2136.16,Mauritius
97ada80c,2024-06-15,Shopify,db5d58,Laptop,1012.98,4,0.29,2876.86,Grenada
099274ef,2024-12-29,eBay,d2a723,Laptop,658.63,3,0.04,1896.85,Saudi Arabia
d3822f9f,2024-11-01,Amazon,b58882,Tablet,989.42,2,0.15,1682.01,Nauru
e9cdc72d,2024-12-14,Amazon,6f2f50,Headphones,669.21,2,0.02,1311.65,Mozambique
135da0a7,2024-02-24,eBay,cc6586,Monitor,753.46,2,0.06,1416.5,Saint Kitts and Nevis
5bdbb97b,2024-03-20,Amazon,33a404,Smartphone,1355.2,3,0.03,3943.63,New Caledonia
d6bbd01d,2024-04-27,Shopify,9705ca,Smartphone,1283.56,4,0.12,4518.13,Philippines
6fa202b8,2024-04-16,Shopify,1f3163,Laptop,502.92,1,0.25,377.19,Guam
5fa74094,2024-12-29,eBay,be642e,Monitor,1800.09,4,0.17,5976.3,Guernsey
3511348e,2024-09-12,Amazon,a3f9ed,Camera,1732.44,2,0.07,3222.34,New Zealand
bc7916f1,2024-11-18,Amazon,fe6bc1,Tablet,1042.71,3,0.01,3096.85,North Macedonia
b7a1a948,2024-11-09,Shopify,e9c4bc,Laptop,894.84,3,0.17,2228.15,Spain
44d14e11,2024-05-20,eBay,94b301,Laptop,784.87,2,0.04,1506.95,Saint Lucia
c6f07672,2024-10-28,Amazon,b9bf77,Tablet,1429.17,3,0.1,3858.76,Estonia
41230338,2024-12-04,eBay,3492de,Headphones,1359.75,2,0.15,2311.57,Trinidad and Tobago
7ec06e91,2024-04-20,Amazon,503f30,Smartphone,432.55,4,0.27,1263.05,Malta
9132cec0,2024-09-12,Shopify,e6f54f,Headphones,1359.34,3,0.02,3996.46,Kazakhstan
e92bbbbd,2024-11-01,Shopify,a59bbc,Monitor,542.24,1,0.2,433.79,Northern Mariana Islands
0cdfbd80,2024-11-16,eBay,231405,Camera,86.19,3,0.0,258.57,Botswana
00fbede0,2024-07-24,Shopify,7c3e56,Smartwatch,1413.46,2,0.19,2289.81,Chile
91dd61da,2024-05-03,Amazon,1253b8,Smartwatch,1307.35,1,0.17,1085.1,Ukraine
335a932f,2024-03-07,Shopify,9f207a,Smartwatch,851.08,2,0.24,1293.64,French Polynesia
5741b06a,2024-05-08,eBay,7d937d,Tablet,1075.09,3,0.16,2709.23,Antarctica (the territory South of 60 deg S)
813138c6,2024-07-31,eBay,0f89be,Laptop,1896.98,1,0.11,1688.31,Spain
dc08eae9,2024-12-07,eBay,854783,Camera,1210.64,1,0.07,1125.9,Lao People's Democratic Republic
f4a5053b,2024-02-06,Amazon,10bcc2,Headphones,1332.87,3,0.03,3878.65,El Salvador
b1240664,2024-07-30,Amazon,2d22d4,Smartphone,174.63,1,0.16,146.69,Reunion
8e8b79ef,2024-03-28,Amazon,9c49e9,Smartwatch,373.69,4,0.27,1091.17,Kenya
fd7cdef4,2024-10-26,Amazon,dea621,Headphones,636.86,1,0.15,541.33,Syrian Arab Republic
1bd805b7,2024-10-15,Amazon,dc1ea3,Smartwatch,1101.79,1,0.22,859.4,Mongolia
c61a9189,2024-08-07,Shopify,c75c74,Camera,1564.35,4,0.09,5694.23,Cook Islands
01477fcd,2024-11-03,Amazon,10ae50,Smartwatch,676.42,2,0.13,1176.97,Tuvalu
c87ad990,2024-09-26,Amazon,0b19e9,Smartphone,744.95,2,0.1,1340.91,Netherlands Antilles
ee04f4ce,2025-01-11,Shopify,a680b9,Monitor,549.49,4,0.03,2132.02,United States Virgin Islands
8ec858ee,2024-09-01,Amazon,e3e4e5,Monitor,546.49,1,0.13,475.45,Zambia
8b75d206,2024-04-19,eBay,070eea,Camera,1900.28,3,0.23,4389.65,Congo
87a3a839,2024-09-13,Amazon,9a9c44,Monitor,1289.14,4,0.12,4537.77,Cote d'Ivoire
c0b1558c,2024-11-12,Amazon,c33c41,Tablet,354.01,3,0.2,849.62,South Georgia and the South Sandwich Islands
920305bc,2024-07-25,eBay,5534a2,Laptop,1458.38,2,0.23,2245.91,French Polynesia
3f7e80ec,2025-01-07,eBay,15103f,Tablet,1457.94,4,0.1,5248.58,San Marino
379e281a,2024-03-14,eBay,880503,Headphones,1349.62,3,0.24,3077.13,Chile
ab2f1632,2024-07-29,eBay,f0ea72,Tablet,312.7,1,0.1,281.43,Madagascar
772d2280,2024-12-20,Amazon,6c3cbd,Headphones,845.58,4,0.08,3111.73,Senegal
9819e67a,2024-03-13,eBay,1b4086,Headphones,258.17,3,0.07,720.29,Martinique
771f21bd,2024-10-17,eBay,ddbbd0,Laptop,1642.41,4,0.06,6175.46,Barbados
c9eea039,2024-06-24,Shopify,85c4d2,Smartphone,1327.59,4,0.22,4142.08,Faroe Islands
1b468b71,2024-06-28,eBay,8b4f94,Camera,1039.05,2,0.27,1517.01,American Samoa
6f4c62d5,2024-08-07,eBay,9a3993,Laptop,718.88,2,0.07,1337.12,Heard Island and McDonald Islands
05a2b7c9,2024-02-26,Shopify,f658ae,Camera,409.29,1,0.03,397.01,Colombia
ce389669,2024-09-05,Shopify,8fca59,Monitor,257.57,2,0.09,468.78,Finland
1ef0dda5,2024-09-11,Amazon,f5b2b6,Monitor,1940.02,2,0.2,3104.03,Haiti
a91ce892,2024-08-03,Shopify,3205d2,Tablet,439.31,2,0.11,781.97,Barbados
cd36fa59,2024-06-19,Amazon,a3d7dd,Headphones,166.76,3,0.16,420.24,Chile
b2d9a656,2024-10-20,Shopify,bc2f54,Smartwatch,1925.25,4,0.22,6006.78,Malaysia
b4841eb6,2025-01-24,Shopify,7f8bda,Smartwatch,1120.46,2,0.12,1972.01,Isle of Man
0a4762d0,2024-02-12,Amazon,1f5262,Camera,1603.48,3,0.3,3367.31,Israel
9580f9b4,2024-03-26,Shopify,a2dfdf,Headphones,135.34,4,0.09,492.64,Brazil
4ed1efa1,2024-02-04,Amazon,6e8735,Camera,1155.54,2,0.29,1640.87,Bangladesh
26ee5d83,2024-03-30,Shopify,f4b390,Laptop,826.51,2,0.06,1553.84,Sao Tome and Principe
93208c3f,2024-05-24,eBay,4b42cf,Smartphone,1555.33,4,0.03,6034.68,Japan
8b7c7916,2024-11-16,Shopify,fa9e30,Laptop,124.93,3,0.23,288.59,Ghana
857a53de,2025-01-31,Amazon,f16856,Headphones,833.3,3,0.21,1974.92,New Caledonia
148ff973,2024-05-27,Shopify,c18956,Headphones,1608.19,1,0.24,1222.22,Guadeloupe
8fb140d3,2024-02-19,Amazon,0e82ff,Smartphone,1069.26,4,0.1,3849.34,Lesotho
45ceba6b,2024-08-13,Amazon,985adf,Camera,1122.58,1,0.28,808.26,Montenegro
99f6bc15,2024-12-12,eBay,78b982,Tablet,239.47,3,0.04,689.67,Kyrgyz Republic
c62a4bb0,2024-11-01,eBay,860b99,Tablet,308.04,2,0.01,609.92,Kuwait
56e7cad4,2024-02-21,Amazon,36cdd6,Smartphone,1370.15,1,0.09,1246.84,Syrian Arab Republic
2e7b3a54,2024-07-29,Shopify,303538,Tablet,1366.34,3,0.24,3115.26,Croatia
3fae27cc,2024-04-05,Amazon,7f3514,Smartwatch,1959.25,3,0.2,4702.2,Cote d'Ivoire
d8b911eb,2024-02-18,Amazon,b3a190,Tablet,1438.31,2,0.13,2502.66,Anguilla
23facc53,2024-11-03,Shopify,ecba48,Tablet,1011.82,4,0.08,3723.5,Moldova
c4752dca,2024-11-05,Shopify,7c0261,Tablet,1721.79,3,0.02,5062.06,Kuwait
be4e79b6,2024-02-09,Shopify,6d10c9,Smartwatch,253.72,1,0.1,228.35,Panama
2f35aaf1,2024-06-18,Shopify,38c826,Camera,926.13,2,0.14,1592.94,Eritrea
a98aec5f,2024-07-26,Amazon,b6c5b1,Tablet,609.86,4,0.21,1927.16,Guadeloupe
ad9d3d5e,2025-01-29,Amazon,8aee3f,Monitor,254.04,4,0.19,823.09,Tonga
3b3a4e09,2024-06-22,eBay,9e7c96,Smartwatch,1538.83,4,0.28,4431.83,Bhutan
94250b8f,2024-05-26,Amazon,71807d,Smartphone,1046.04,3,0.03,3043.98,Bangladesh
8c5cc86e,2024-04-08,Shopify,f9d1e8,Laptop,1135.7,4,0.1,4088.52,Northern Mariana Islands
b1e19c52,2024-08-13,eBay,80de9c,Smartphone,851.95,3,0.14,2198.03,Mexico
71a18821,2025-01-30,Shopify,7a1bc5,Laptop,947.66,2,0.2,1516.26,Spain
369ec86b,2024-03-18,Amazon,2de6cb,Smartphone,276.23,2,0.15,469.59,Guatemala
db4a1604,2024-07-09,eBay,911a8d,Monitor,1362.19,4,0.27,3977.59,Cuba
5b07d835,2024-05-24,Shopify,e9e57d,Laptop,893.27,2,0.18,1464.96,Mozambique
7fb9bd56,2024-03-23,eBay,504c6f,Laptop,1642.7,1,0.01,1626.27,Northern Mariana Islands
2596dc3d,2024-10-24,eBay,aafbb8,Headphones,432.76,1,0.03,419.78,Martinique
0f5a672e,2024-03-27,Amazon,5daa70,Laptop,449.86,3,0.23,1039.18,Sri Lanka
028a328d,2024-04-18,Shopify,382545,Laptop,1309.23,4,0.21,4137.17,Guadeloupe
c9a26ff7,2024-06-18,eBay,a50e8f,Headphones,1699.71,3,0.05,4844.17,Kuwait
ea86de3d,2024-02-05,eBay,85fc58,Tablet,970.79,2,0.02,1902.75,Haiti
95eb29c2,2024-11-23,Shopify,8cd2c2,Tablet,1467.56,4,0.17,4872.3,Bosnia and Herzegovina
f77ac1d5,2024-09-17,eBay,ed40ca,Headphones,1998.69,3,0.19,4856.82,Cambodia
4be5b15b,2024-08-11,eBay,f1d79b,Smartwatch,1981.02,4,0.04,7607.12,Bangladesh
27ec89e6,2024-06-07,eBay,f3b84e,Laptop,1501.46,4,0.14,5165.02,Chad
5520b4e6,2024-04-30,Shopify,6bbbf5,Laptop,1492.19,3,0.09,4073.68,Sierra Leone
237845ff,2024-03-17,Shopify,0845d0,Headphones,532.86,4,0.28,1534.64,Reunion
9881116f,2025-01-18,Shopify,eced7e,Headphones,1675.4,2,0.07,3116.24,Reunion
a6de3bfc,2024-08-05,Shopify,e15d5a,Smartwatch,839.95,1,0.22,655.16,Pitcairn Islands
442d1707,2024-09-04,Amazon,d89964,Monitor,1925.89,1,0.16,1617.75,Ecuador
c6834742,2024-07-29,eBay,15f38c,Tablet,208.78,4,0.0,835.12,Italy
876bd2cb,2024-03-07,Shopify,801dff,Smartphone,899.89,1,0.16,755.91,Bangladesh
b8f72b21,2024-10-24,eBay,ebb4bb,Monitor,1133.89,4,0.03,4399.49,Lesotho
6be880d3,2024-07-06,eBay,fffc86,Camera,840.05,3,0.2,2016.12,Egypt
f2761892,2024-05-25,Amazon,fcf766,Tablet,460.63,2,0.17,764.65,Russian Federation
3eda64e3,2024-12-27,Shopify,e0ff6d,Laptop,1206.33,1,0.0,1206.33,Norway
c2b8d729,2024-07-29,Shopify,71e513,Camera,1524.04,3,0.06,4297.79,Korea
6b300959,2024-05-08,eBay,53d44d,Monitor,1307.44,2,0.23,2013.46,Egypt
1adea589,2024-11-02,Shopify,4af7a2,Headphones,507.18,1,0.08,466.61,Luxembourg
d1c43409,2024-12-06,eBay,85bd71,Smartwatch,1476.64,1,0.15,1255.14,Nauru
ea8e37c6,2024-08-03,eBay,d39245,Tablet,550.95,2,0.09,1002.73,Reunion
461b714d,2024-12-06,Amazon,ef2935,Smartwatch,391.64,3,0.28,845.94,Kyrgyz Republic
bbe82385,2024-08-11,Amazon,f552d0,Camera,1396.8,3,0.16,3519.94,North Macedonia
a6995a9a,2024-10-10,Amazon,a0543e,Tablet,1693.44,1,0.21,1337.82,Aruba
fef78f06,2024-10-04,eBay,2c7dea,Monitor,989.0,2,0.03,1918.66,British Virgin Islands
5b454d25,2025-01-31,Shopify,11472e,Laptop,1086.21,3,0.01,3226.04,Cameroon
99c14913,2025-01-26,Amazon,aa77fa,Smartphone,640.36,2,0.08,1178.26,United States Minor Outlying Islands
e7d16153,2025-01-14,Shopify,d52313,Smartwatch,1014.51,2,0.09,1846.41,Nepal
b78baeb9,2024-02-26,Amazon,b94112,Smartwatch,307.37,1,0.21,242.82,Bulgaria
de2b995a,2024-10-19,Amazon,a64665,Smartphone,1913.87,2,0.17,3177.02,Nigeria
b60cd39a,2024-04-13,eBay,e24cae,Smartwatch,1610.7,2,0.11,2867.05,Switzerland
02f88e8e,2025-01-07,Amazon,f7e7a9,Smartwatch,1352.55,4,0.2,4328.16,Sweden
8e360b1e,2024-08-25,Amazon,92dfc8,Tablet,1099.48,2,0.05,2089.01,Montenegro
22015fb5,2025-01-16,eBay,5b9f4e,Tablet,1594.73,3,0.02,4688.51,Grenada
689e9b57,2024-10-28,Shopify,d4fddf,Smartphone,1014.78,1,0.26,750.94,Ireland
84d9e787,2024-12-25,Amazon,c56d94,Camera,634.95,1,0.17,527.01,Algeria
86ce8146,2024-10-08,eBay,f2b722,Laptop,362.73,2,0.19,587.62,Yemen
eb5cd195,2024-10-17,Amazon,c66743,Monitor,1312.79,2,0.09,2389.28,Djibouti
6681402f,2024-07-25,eBay,6e4785,Monitor,1862.38,3,0.11,4972.55,Iraq
c81bedb8,2024-03-19,Shopify,5b1326,Camera,349.56,4,0.02,1370.28,Cyprus
7fe85999,2024-04-19,Shopify,c2511b,Smartwatch,401.04,1,0.26,296.77,Antarctica (the territory South of 60 deg S)
53daff10,2024-10-22,eBay,4d232c,Laptop,895.53,4,0.18,2937.34,Ecuador
a6b32c73,2024-08-12,eBay,dd1a06,Smartphone,1623.45,3,0.03,4724.24,Rwanda
77aa5825,2024-07-30,eBay,4bf86e,Camera,623.15,1,0.24,473.59,Sweden
69665827,2024-04-01,Shopify,06af65,Smartphone,545.13,3,0.13,1422.79,Netherlands
fb2fe092,2024-08-03,Amazon,4ad7ae,Tablet,1258.93,2,0.23,1938.75,Niue
410477b7,2024-11-13,Shopify,378d10,Smartwatch,1094.45,3,0.0,3283.35,Austria
9e89d104,2024-02-25,eBay,96623b,Headphones,167.43,2,0.01,331.51,Korea
95f4eba0,2025-01-03,eBay,39a7a1,Smartphone,208.91,4,0.05,793.86,Guyana
741c17fe,2024-03-09,Shopify,76cbca,Camera,1303.88,1,0.06,1225.65,Korea
935f26cd,2024-05-02,eBay,b98ebd,Smartwatch,956.99,1,0.23,736.88,Brazil
3623e95d,2024-03-31,Shopify,80eac3,Laptop,1943.41,4,0.21,6141.18,American Samoa
5b553acb,2024-07-31,eBay,e0572f,Camera,1373.14,2,0.18,2251.95,Jordan
5bce8f82,2025-01-10,Amazon,6d9caa,Tablet,69.64,1,0.27,50.84,Tuvalu
da2e2e8a,2024-06-19,Amazon,4164fd,Monitor,987.99,3,0.07,2756.49,Paraguay
20d96f86,2024-12-10,eBay,58dda6,Laptop,858.17,2,0.27,1252.93,Netherlands
75a23810,2024-04-26,Shopify,acd4ef,Smartphone,258.09,1,0.27,188.41,Gabon
54556c81,2024-10-24,Amazon,d3071f,Smartphone,1850.26,3,0.13,4829.18,Anguilla
1898b70f,2024-05-29,Shopify,1489e6,Laptop,1619.77,3,0.03,4713.53,Malawi
1db8455c,2024-04-29,eBay,06f052,Smartphone,498.67,1,0.22,388.96,Chile
220b15d8,2024-02-26,Shopify,d40629,Camera,549.16,4,0.1,1976.98,Costa Rica
98305088,2024-08-13,Amazon,b46076,Smartwatch,112.44,4,0.24,341.82,Peru
8cf345d9,2024-07-06,Shopify,fc3164,Smartphone,628.6,1,0.05,597.17,Namibia
3194dc2a,2024-08-26,Shopify,76a7dc,Tablet,1190.01,3,0.16,2998.83,Reunion
f65036c7,2024-08-11,eBay,caf699,Smartwatch,870.64,4,0.15,2960.18,Isle of Man
7f58796f,2024-10-15,eBay,880cb1,Camera,1940.05,4,0.03,7527.39,Mali
4891cdf6,2024-04-11,eBay,977bad,Headphones,159.36,4,0.11,567.32,Congo
f3d5aa9d,2024-08-31,Amazon,44e6d5,Smartphone,1203.29,2,0.03,2334.38,Niue
d672aff4,2024-08-10,Amazon,3564d2,Smartphone,1723.7,4,0.14,5929.53,British Virgin Islands
50f7d7ab,2024-07-17,eBay,3bc9f7,Tablet,987.44,1,0.25,740.58,Japan
4e586213,2024-03-01,eBay,881d7c,Camera,55.78,1,0.08,51.32,Tuvalu
0887fba2,2024-12-18,Amazon,53a5fd,Tablet,523.46,2,0.23,806.13,Burundi
4a0a5cf8,2024-07-28,Amazon,422324,Monitor,681.35,2,0.06,1280.94,Swaziland
144e6ae7,2024-06-28,Amazon,9cc339,Camera,1933.69,1,0.2,1546.95,Pakistan
34d0b514,2024-06-09,Amazon,c98e38,Laptop,1827.96,2,0.27,2668.82,Sweden
c44d3cfd,2024-07-03,eBay,22c863,Laptop,1900.88,4,0.1,6843.17,Romania
df171080,2024-04-25,Amazon,2528fe,Laptop,1660.23,3,0.27,3635.9,Papua New Guinea
8fa4cc2d,2024-12-23,eBay,a959f4,Tablet,735.71,3,0.15,1876.06,Mali
67fe123f,2024-04-07,Shopify,b9c37d,Laptop,1816.46,3,0.1,4904.44,New Zealand
8ab501cc,2024-10-03,Shopify,ca4992,Camera,1964.28,1,0.27,1433.92,Costa Rica
902786cc,2024-12-14,Amazon,c0e163,Laptop,732.64,2,0.01,1450.63,Nigeria
342d18e0,2024-08-03,Shopify,a0da08,Headphones,558.08,3,0.01,1657.5,Denmark
7dd126f5,2024-07-04,Shopify,d3ded8,Laptop,1116.49,4,0.18,3662.09,Tokelau
d474f50c,2025-01-24,Shopify,9c0c4d,Smartphone,414.95,4,0.24,1261.45,Bosnia and Herzegovina
d83e4aa9,2024-08-14,Amazon,0030bc,Monitor,113.62,4,0.23,349.95,Sudan
a9ab9662,2024-06-04,Amazon,b19423,Tablet,1894.37,2,0.02,3712.97,Niger
34fdcc41,2024-06-14,Shopify,12f84e,Smartwatch,1855.19,3,0.29,3951.55,Malaysia
611df053,2024-10-25,eBay,a3d776,Monitor,367.18,4,0.21,1160.29,Anguilla
e49f308c,2024-04-16,Shopify,8400d1,Headphones,845.09,2,0.28,1216.93,Israel
30ac7e25,2024-11-07,Amazon,e4e111,Tablet,1670.52,4,0.1,6013.87,Nepal
1c0ef82c,2024-10-21,Amazon,a5a507,Camera,1338.95,3,0.21,3173.31,Australia
dcf0003c,2025-02-01,Amazon,acba2e,Tablet,819.84,3,0.26,1820.04,Northern Mariana Islands
29c6473a,2024-11-10,Shopify,77be9f,Smartphone,1501.13,3,0.11,4008.02,Antigua and Barbuda
ff3308a9,2024-08-26,eBay,ebc077,Camera,1799.24,3,0.29,3832.38,South Africa
3144e056,2024-04-20,Amazon,55664d,Monitor,1856.01,3,0.08,5122.59,Uganda
eea335f7,2024-02-06,Amazon,ef3203,Monitor,788.76,4,0.09,2871.09,Guinea-Bissau
4df16d99,2024-09-22,Shopify,d6a6c7,Laptop,388.44,3,0.28,839.03,Ghana
0731d278,2024-07-07,eBay,36c1fb,Camera,1830.04,4,0.29,5197.31,Sao Tome and Principe
a59471ce,2024-05-17,Shopify,ef98a8,Smartphone,230.48,3,0.09,629.21,Bulgaria
1e9422fd,2024-02-27,Amazon,b0375b,Laptop,1457.29,4,0.04,5595.99,New Caledonia
bbdae51e,2024-07-19,eBay,e99e00,Laptop,323.97,3,0.23,748.37,Western Sahara
ea2d4ac4,2024-03-07,eBay,6e4b61,Tablet,809.3,4,0.28,2330.78,Grenada
959113df,2024-03-27,Amazon,0e7e88,Monitor,852.53,3,0.18,2097.22,Mayotte
76f41631,2024-12-21,eBay,598656,Laptop,359.58,2,0.19,582.52,Venezuela
037925a0,2024-11-21,eBay,0fd215,Headphones,1849.23,4,0.23,5695.63,Malta
c7ae02b4,2025-01-21,Shopify,1ce0bc,Headphones,55.2,2,0.05,104.88,Djibouti
10c76f20,2024-10-30,Amazon,21a241,Monitor,1792.93,4,0.29,5091.92,Guam
bcbcfc6d,2024-07-13,Amazon,99550c,Headphones,1773.47,4,0.11,6313.55,Sierra Leone
904a4768,2024-05-16,Amazon,6dbfd4,Tablet,668.08,4,0.19,2164.58,Japan
806e0194,2024-10-15,Amazon,ad6e0e,Smartphone,1423.35,1,0.14,1224.08,Jersey
f8e09ca9,2024-08-17,Amazon,1c85dc,Smartwatch,542.98,3,0.14,1400.89,Mauritius
2b8eb3fd,2024-03-08,eBay,4834a4,Laptop,1529.61,2,0.21,2416.78,Barbados
3e0c0d9a,2024-04-02,Shopify,25f0ba,Smartwatch,1144.18,2,0.3,1601.85,Wallis and Futuna
eb8c7bea,2024-07-28,Amazon,5ca1e5,Smartphone,635.44,4,0.2,2033.41,Ethiopia
d3b48c80,2025-01-18,Shopify,7d22a2,Smartphone,830.46,2,0.24,1262.3,Bulgaria
653cca48,2024-03-15,Shopify,4b058b,Tablet,1395.28,2,0.01,2762.65,Samoa
a3cb93bb,2024-03-06,eBay,25f7f8,Headphones,1816.89,2,0.24,2761.67,Brazil
97a49231,2024-03-19,Amazon,521183,Headphones,304.92,2,0.09,554.95,France
4ec5efab,2025-01-05,eBay,76c630,Smartphone,1164.16,1,0.04,1117.59,Saint Helena
273d8e7d,2024-07-01,Amazon,43bacd,Tablet,544.77,4,0.03,2113.71,Belgium
552a315b,2024-07-10,eBay,1c7a09,Tablet,1612.68,2,0.2,2580.29,Cayman Islands
b0ff3ffc,2024-05-21,Shopify,f8b8a8,Monitor,186.96,1,0.3,130.87,China
0acfa204,2024-07-13,Amazon,416452,Camera,1393.46,1,0.2,1114.77,Kazakhstan
237d77a5,2024-02-23,Shopify,9eb5be,Laptop,391.14,4,0.08,1439.4,Liberia
ae0d03e2,2024-07-03,Shopify,010220,Camera,1212.95,3,0.06,3420.52,Montserrat
cfa0d9ed,2024-07-28,eBay,beca1d,Headphones,1679.6,3,0.16,4232.59,Togo
3bca9237,2024-03-19,Amazon,811cf4,Smartphone,1522.41,3,0.02,4475.89,Colombia
529d9ae8,2025-01-22,Shopify,7c6dc0,Monitor,1518.24,2,0.12,2672.1,Bangladesh
b23f2479,2024-07-04,eBay,f3aeb2,Smartwatch,1059.8,4,0.2,3391.36,Estonia
25bca5a6,2024-02-15,Amazon,1243e6,Headphones,1786.95,3,0.29,3806.2,Cameroon
b97b321c,2024-02-06,Amazon,4f147e,Laptop,1196.81,2,0.13,2082.45,Palestinian Territory
b1cc6f16,2024-10-31,Shopify,4494b7,Tablet,1839.16,4,0.06,6915.24,Djibouti
98712117,2024-06-05,Amazon,f894ae,Smartphone,1115.72,2,0.25,1673.58,Micronesia
17d96f0d,2024-03-22,Shopify,c590b2,Headphones,1036.63,3,0.22,2425.71,Vanuatu
25c3705e,2024-09-15,Amazon,6c3395,Smartwatch,483.59,3,0.26,1073.57,Oman
418439ce,2024-11-11,eBay,1d78d2,Laptop,1112.33,1,0.06,1045.59,Gibraltar
d85bae16,2024-03-23,Shopify,d85318,Laptop,324.14,1,0.12,285.24,Singapore
5284ccd6,2024-03-27,Shopify,20f0fd,Monitor,1745.9,4,0.29,4958.36,Fiji
9c784edc,2024-03-09,Amazon,ba2c8f,Headphones,1367.99,2,0.05,2599.18,Oman
aeccd938,2024-05-13,Amazon,4e8f65,Smartwatch,1987.59,2,0.2,3180.14,Comoros
19fc3a12,2024-06-12,Shopify,d21b23,Laptop,229.59,3,0.07,640.56,Solomon Islands
eccf9110,2024-02-13,Amazon,d04f69,Smartphone,519.31,3,0.15,1324.24,Montserrat
7029e01a,2025-01-28,eBay,0e9bd9,Laptop,1760.46,4,0.24,5351.8,Guyana
9eff41c6,2024-05-15,Amazon,327fc3,Smartwatch,820.75,1,0.15,697.64,Cape Verde
34a95a33,2025-01-05,eBay,657044,Tablet,959.29,3,0.24,2187.18,Iraq
b5c0531f,2024-12-29,eBay,aa4358,Tablet,1728.27,2,0.13,3007.19,Mongolia
cb3ec244,2024-06-04,eBay,d5ee36,Monitor,1067.56,3,0.3,2241.88,Chile
db0e069e,2024-07-17,eBay,d93d0e,Headphones,427.28,1,0.13,371.73,Morocco
bff92de9,2024-09-10,eBay,4c7e09,Smartwatch,1789.46,2,0.04,3435.76,Guinea-Bissau
24f67e4c,2025-01-26,Amazon,ae52ab,Monitor,110.57,1,0.12,97.3,Solomon Islands
52247936,2024-12-23,eBay,8a626a,Camera,1796.02,4,0.22,5603.58,Tanzania
28b423ff,2024-05-20,Amazon,d994ad,Laptop,148.51,4,0.25,445.53,Botswana
703618ca,2024-10-07,eBay,645c55,Camera,1348.41,1,0.14,1159.63,Lebanon
ec37ee8f,2024-02-09,Shopify,81b7e5,Laptop,189.77,2,0.18,311.22,French Southern Territories
d732fedc,2024-11-20,eBay,b85657,Tablet,1427.12,1,0.25,1070.34,Croatia
365ac8f5,2024-12-08,Shopify,c3fd2c,Monitor,116.24,3,0.24,265.03,Armenia
6b485623,2024-06-21,eBay,d6b8dd,Tablet,1692.79,3,0.2,4062.7,Algeria
049ff743,2024-08-17,eBay,f750fe,Smartphone,958.59,1,0.24,728.53,British Indian Ocean Territory (Chagos Archipelago)
80e9f89f,2024-11-07,eBay,e0ba29,Camera,232.24,3,0.17,578.28,China
d06c58b1,2024-12-18,Shopify,7281f4,Camera,1428.3,1,0.0,1428.3,Guatemala
86ad6f30,2024-08-23,Shopify,f949d8,Tablet,1004.12,3,0.01,2982.24,Russian Federation
adb3d3fa,2024-05-29,eBay,dc47e1,Smartphone,422.35,1,0.29,299.87,Svalbard & Jan Mayen Islands
be7c71dc,2024-04-10,Amazon,f6e135,Laptop,80.56,3,0.04,232.01,Bangladesh
21dd8f3a,2024-07-13,eBay,06c653,Monitor,865.1,2,0.12,1522.58,Algeria
150a587b,2024-02-12,Shopify,ac64a1,Smartphone,216.98,2,0.28,312.45,Yemen
c52206b1,2024-09-03,eBay,7cee8c,Monitor,233.63,3,0.06,658.84,Hong Kong
7792c2c9,2025-01-05,Shopify,2b804a,Camera,571.29,1,0.25,428.47,India
1745338a,2025-01-27,Shopify,34a8d2,Monitor,1279.39,3,0.25,2878.63,Costa Rica
ca9614fc,2024-05-21,Shopify,767c2e,Camera,1083.33,4,0.3,3033.32,Iran
dabc2741,2024-12-30,eBay,bd6c75,Smartphone,184.53,4,0.08,679.07,Mali
d4bc8650,2024-06-05,Shopify,6d08ed,Camera,1938.44,1,0.09,1763.98,Zambia
8feab136,2025-01-11,Shopify,dba09c,Headphones,1779.98,3,0.27,3898.16,Bahrain
e945b3ca,2024-02-04,eBay,2b5809,Camera,555.49,3,0.07,1549.82,Cameroon
486fc8f3,2024-10-28,Shopify,c283c3,Tablet,288.56,2,0.16,484.78,Bulgaria
a01a12c7,2024-05-22,eBay,de07bb,Smartphone,1887.69,1,0.21,1491.28,North Macedonia
db1a3300,2024-02-11,Shopify,ba13ca,Laptop,949.23,4,0.08,3493.17,Puerto Rico
76b5be8f,2024-12-08,Amazon,2360cb,Monitor,656.78,4,0.28,1891.53,Madagascar
4100204b,2024-09-06,Amazon,4c4e01,Smartwatch,1006.2,1,0.2,804.96,Paraguay
0a1535c0,2025-01-07,Shopify,362cdd,Smartphone,1556.85,4,0.01,6165.13,Vietnam
4bcaf274,2024-12-06,Amazon,ef9361,Tablet,378.35,1,0.04,363.22,Malta
423f0ffe,2024-09-07,eBay,023616,Camera,1546.62,4,0.06,5815.29,Lesotho
82e36490,2024-07-24,Amazon,1be999,Monitor,1511.42,4,0.07,5622.48,American Samoa
9def4cb8,2024-02-26,Shopify,ab9845,Headphones,1101.73,1,0.22,859.35,Belarus
1278cbbf,2024-09-25,Shopify,a59ea0,Laptop,1738.39,1,0.03,1686.24,Solomon Islands
81fbff88,2024-03-01,eBay,d6345d,Headphones,307.68,4,0.11,1095.34,Guinea-Bissau
ca36f43a,2024-08-05,Shopify,eb9021,Smartwatch,1211.18,4,0.27,3536.65,Austria
533863a6,2025-01-30,eBay,d8ded3,Smartphone,926.22,2,0.17,1537.53,Equatorial Guinea
c9e747b6,2024-12-15,Amazon,c80fbd,Monitor,873.47,3,0.08,2410.78,Kazakhstan
3a7a9300,2024-06-20,Amazon,899dfc,Smartphone,542.49,1,0.29,385.17,Samoa
adf7c8da,2024-10-30,eBay,1ea3af,Tablet,775.95,1,0.07,721.63,Saint Helena
f5129d30,2024-05-19,eBay,e577d3,Smartphone,260.89,3,0.27,571.35,Central African Republic
7ab57e41,2024-08-31,Shopify,75e41c,Laptop,540.62,2,0.22,843.37,Iran
fefc9142,2024-10-17,Amazon,194ff3,Smartwatch,580.33,4,0.22,1810.63,Tanzania
53e8bd7b,2024-09-19,eBay,8bfe84,Headphones,1455.3,4,0.23,4482.32,French Southern Territories
669eca9b,2024-07-18,Amazon,b5824c,Smartwatch,144.67,2,0.15,245.94,Palau
913dd2f9,2024-02-25,eBay,f7c208,Monitor,1319.83,2,0.24,2006.14,Latvia
bf01dca5,2024-10-16,Amazon,1485ce,Smartphone,481.75,3,0.25,1083.94,Papua New Guinea
07b604e5,2024-06-01,Shopify,6865ce,Monitor,209.63,3,0.11,559.71,Netherlands
bdd84808,2024-12-14,Amazon,bb1299,Headphones,636.57,4,0.12,2240.73,Martinique
edfe96c8,2024-11-23,Amazon,7a0a10,Monitor,487.72,2,0.27,712.07,Niue
f0ffe48d,2024-04-05,Amazon,c2c2df,Tablet,1126.46,2,0.16,1892.45,Jersey
e77390d5,2024-12-25,Amazon,6ba365,Smartwatch,746.88,4,0.26,2210.76,Bouvet Island (Bouvetoya)
e138d89b,2024-09-19,Amazon,739655,Headphones,1933.69,4,0.19,6265.16,Armenia
881d42bf,2024-11-27,Shopify,1c08b9,Headphones,1928.92,4,0.18,6326.86,Singapore
e97ca7d5,2024-02-18,eBay,e9dd1e,Camera,915.24,4,0.01,3624.35,Guinea-Bissau
4a6ff9b0,2024-11-27,Amazon,fde03f,Headphones,1600.42,4,0.08,5889.55,North Macedonia
ee8e270e,2024-07-12,Shopify,634052,Camera,75.87,3,0.15,193.47,Saint Barthelemy
6f28d31d,2024-10-09,Amazon,035b09,Laptop,1118.23,4,0.18,3667.79,Philippines
e7ed6d69,2024-11-29,Amazon,c8fb14,Camera,1499.43,2,0.19,2429.08,Mozambique
4186f20e,2024-11-24,eBay,570240,Smartwatch,473.04,1,0.21,373.7,Peru
30304814,2024-05-12,Amazon,e73349,Monitor,169.28,3,0.2,406.27,Brazil
9670cd7b,2024-09-30,Shopify,5c7d54,Camera,354.04,2,0.25,531.06,Libyan Arab Jamahiriya
52fbc044,2024-09-26,Shopify,94748b,Headphones,911.6,1,0.09,829.56,Antigua and Barbuda
a7bd1e6e,2024-02-19,eBay,42ec44,Smartwatch,1037.42,3,0.19,2520.93,Isle of Man
5223215b,2025-01-01,Amazon,f49797,Camera,792.73,4,0.02,3107.5,Netherlands
b8a4141e,2024-04-02,Shopify,8f20c0,Camera,907.95,3,0.14,2342.51,Lebanon
5c6e3241,2024-05-15,Amazon,d00a44,Headphones,966.96,4,0.08,3558.41,Mongolia
83463d5b,2024-02-21,Amazon,c71c48,Tablet,1550.4,4,0.11,5519.42,Wallis and Futuna
a5f4a61e,2025-01-12,Amazon,e4364a,Tablet,255.22,4,0.11,908.58,Heard Island and McDonald Islands
aae04043,2025-01-08,eBay,969149,Camera,1549.45,1,0.02,1518.46,Niger
5e71d16e,2024-04-13,Amazon,289dcd,Tablet,1392.82,3,0.14,3593.48,Czech Republic
9f6f353a,2024-03-12,Shopify,f6e1ac,Smartphone,1496.24,4,0.3,4189.47,New Caledonia
d2927926,2024-12-05,Amazon,dee066,Headphones,1482.21,2,0.09,2697.62,Guadeloupe
6a52c4d1,2024-03-21,Shopify,ba39e9,Smartphone,967.65,3,0.22,2264.3,Dominica
057f4bde,2024-08-05,Amazon,262ea5,Smartwatch,462.23,2,0.16,776.55,Germany
06cc0c77,2024-12-16,Shopify,a4f722,Smartphone,1096.43,1,0.1,986.79,Serbia
d49cf44d,2024-03-31,Shopify,11f9ce,Smartwatch,1918.07,1,0.03,1860.53,Albania
a25b9824,2024-03-01,Amazon,e96810,Camera,1197.63,3,0.06,3377.32,Honduras
6572c8da,2024-11-15,Amazon,ddc9df,Smartwatch,71.54,1,0.23,55.09,Antigua and Barbuda
91957d1a,2024-12-20,Shopify,6af14b,Smartwatch,166.44,1,0.08,153.12,Saint Martin
4a6ad548,2024-06-03,eBay,371643,Monitor,1986.08,3,0.04,5719.91,Botswana
7ee2e076,2025-01-07,Amazon,c23573,Smartphone,190.3,2,0.1,342.54,North Macedonia
a04454e3,2024-07-24,eBay,7beeca,Monitor,139.79,4,0.18,458.51,Libyan Arab Jamahiriya
8b8269b0,2024-02-12,Amazon,d57472,Camera,738.4,3,0.21,1750.01,Saint Vincent and the Grenadines
17c0995d,2024-06-23,Amazon,88bdbf,Headphones,1940.17,3,0.12,5122.05,Tonga
020113ac,2024-07-03,Amazon,d3fb94,Smartphone,671.42,4,0.15,2282.83,Nigeria
1e5f6347,2024-09-20,Amazon,b7d553,Headphones,849.27,2,0.14,1460.74,Uruguay
8e7910e7,2024-02-25,eBay,1c1177,Headphones,1286.45,4,0.0,5145.8,New Caledonia
c65c7050,2024-04-03,Amazon,d1f57a,Smartwatch,97.02,4,0.12,341.51,Montserrat
3dd73329,2024-08-10,Shopify,f644b7,Smartphone,1800.64,2,0.18,2953.05,Canada
7c25a202,2024-07-22,Shopify,4a3d4e,Headphones,1062.91,2,0.17,1764.43,Swaziland
32d74d61,2024-07-03,eBay,2b6f23,Tablet,960.28,4,0.22,2996.07,Switzerland
914d7f1b,2024-08-21,Amazon,6669ce,Headphones,1728.42,4,0.2,5530.94,Anguilla
3c9d3d1d,2024-11-09,Shopify,ca7299,Tablet,1908.5,3,0.08,5267.46,Sri Lanka
9dbeccf2,2025-01-11,eBay,1909a1,Smartphone,875.68,2,0.08,1611.25,Palestinian Territory
34fc015f,2024-03-14,Amazon,64e1d2,Camera,386.26,1,0.14,332.18,United States Virgin Islands
d1b45ba2,2024-11-06,Shopify,09b946,Monitor,1640.63,2,0.22,2559.38,French Southern Territories
77e21863,2024-10-12,Shopify,d8e941,Smartphone,836.36,4,0.03,3245.08,Mozambique
48e0c692,2024-06-16,eBay,e73eee,Monitor,1874.31,4,0.28,5398.01,Barbados
0058981e,2024-06-19,Amazon,979455,Monitor,1902.3,4,0.16,6391.73,Montserrat
4a17eb50,2024-02-05,Amazon,0fd9b6,Smartphone,273.92,4,0.09,997.07,Kyrgyz Republic
72ccaa72,2024-11-13,Shopify,f5929e,Headphones,1915.28,1,0.21,1513.07,Pakistan
0683bdc7,2024-02-19,Shopify,c7f776,Laptop,768.13,2,0.01,1520.9,Bouvet Island (Bouvetoya)
8d994a26,2024-02-04,Shopify,835a88,Headphones,1310.19,1,0.15,1113.66,Kenya
9ae3bb12,2024-04-01,Amazon,ab7839,Headphones,117.76,1,0.15,100.1,Armenia
d075ca6b,2024-04-27,eBay,219ec9,Camera,1783.32,4,0.05,6776.62,Myanmar
bf3af0ec,2024-09-10,eBay,298a46,Smartwatch,1301.11,1,0.25,975.83,Cayman Islands
27c33a01,2024-10-10,Amazon,08c4f5,Smartwatch,1304.93,4,0.24,3966.99,Guernsey
f615916e,2024-04-26,eBay,3a82df,Headphones,1809.24,4,0.05,6875.11,Palestinian Territory
f09144bd,2024-10-28,Shopify,2c3d0d,Tablet,1041.28,4,0.11,3706.96,Cocos (Keeling) Islands
9b2cc959,2024-09-03,eBay,d87bf6,Camera,850.51,1,0.03,824.99,Antigua and Barbuda
112e9f42,2024-09-05,eBay,5159df,Monitor,1738.95,4,0.25,5216.85,Georgia
e51a5974,2024-02-23,eBay,0fc548,Smartwatch,1497.72,1,0.1,1347.95,Uzbekistan
7fde8c3f,2024-04-18,Shopify,43515c,Headphones,1900.5,2,0.13,3306.87,Wallis and Futuna
d0b38a62,2024-02-18,Amazon,9363d8,Camera,1883.24,4,0.1,6779.66,Panama
c9adf89e,2024-04-06,Shopify,4b5477,Laptop,795.54,3,0.09,2171.82,Saudi Arabia
27c2393f,2024-08-12,Amazon,821946,Tablet,921.62,3,0.22,2156.59,Malta
50322866,2024-07-13,Amazon,0c44e1,Smartphone,549.17,3,0.22,1285.06,United States Virgin Islands
e00ea81d,2025-02-01,Amazon,5157b3,Headphones,1338.26,3,0.16,3372.42,Vietnam
70b30d63,2024-08-26,eBay,fb3e1b,Camera,760.86,3,0.2,1826.06,Oman
20fd66c9,2024-11-27,eBay,7cc747,Headphones,1582.9,1,0.15,1345.46,Guyana
12084da9,2024-03-14,Amazon,92336a,Monitor,287.02,2,0.01,568.3,Georgia
afb14c71,2024-04-26,Amazon,c4df47,Tablet,276.99,1,0.02,271.45,Lithuania
7f71b7a5,2024-06-03,eBay,873753,Smartwatch,448.69,4,0.12,1579.39,Korea
648361db,2024-10-13,Shopify,65871a,Smartwatch,214.37,2,0.22,334.42,Thailand
148c25ce,2024-09-13,Amazon,79d316,Smartwatch,1259.06,2,0.27,1838.23,Dominica
9f280efc,2024-11-24,Shopify,becefe,Smartphone,337.34,2,0.01,667.93,Mali
87da6f43,2025-01-19,eBay,8a5aac,Camera,361.93,2,0.11,644.24,Nicaragua
2a5ec0da,2024-06-15,Amazon,24ecac,Tablet,77.75,3,0.07,216.92,Colombia
c2880703,2024-11-11,Shopify,9f3285,Tablet,1575.08,4,0.24,4788.24,Argentina
4c643443,2024-06-24,Shopify,f32ccf,Smartwatch,1633.98,2,0.25,2450.97,Uruguay
84c117f0,2024-09-22,Shopify,0ffb24,Smartwatch,365.94,2,0.06,687.97,Dominican Republic
f5313241,2024-03-19,eBay,e77cac,Monitor,1492.07,3,0.21,3536.21,Madagascar
21051108,2024-09-11,eBay,6bbd72,Laptop,895.41,1,0.22,698.42,France
3a76fb7c,2024-10-18,Shopify,3b29e3,Laptop,517.21,1,0.05,491.35,Iraq
4c680d18,2024-10-05,Shopify,cee1a0,Headphones,1261.7,1,0.13,1097.68,Luxembourg
581fbcb5,2024-08-05,eBay,ecf337,Headphones,398.04,4,0.19,1289.65,Equatorial Guinea
abcc257c,2024-07-13,Shopify,6f4016,Tablet,1525.92,1,0.01,1510.66,Malta
5bab4edd,2024-12-06,Shopify,2937c8,Tablet,142.85,2,0.12,251.42,Argentina
e1703eb3,2024-03-18,eBay,eeb95b,Smartphone,1920.31,3,0.05,5472.88,Yemen
23c9431f,2025-01-13,Shopify,967b23,Smartphone,190.16,3,0.16,479.2,Mayotte
d525f564,2024-04-09,Shopify,af756a,Laptop,1179.92,1,0.25,884.94,Canada
be70680e,2024-09-19,Shopify,c9730a,Headphones,1809.28,3,0.16,4559.39,Bosnia and Herzegovina
a60d5b8f,2024-12-30,eBay,5fe61f,Laptop,73.21,2,0.01,144.96,Puerto Rico
29ff7ba7,2025-01-03,Shopify,0e7987,Laptop,1022.1,1,0.01,1011.88,Nigeria
c0ca0c20,2024-09-02,eBay,0842aa,Headphones,732.51,2,0.18,1201.32,Albania
8733a033,2024-02-12,eBay,56af81,Camera,1181.65,4,0.1,4253.94,Saint Pierre and Miquelon
e2ad00c7,2024-08-06,Amazon,306839,Smartphone,489.64,2,0.17,812.8,British Virgin Islands
07d0ffb8,2024-02-19,Amazon,dad592,Monitor,176.55,2,0.05,335.44,Greece
fa7aa2b2,2024-05-25,Shopify,49c033,Monitor,1270.57,2,0.23,1956.68,Tunisia
69745ac6,2024-11-08,eBay,fa40dc,Monitor,862.86,2,0.26,1277.03,Kuwait
8e778bb5,2024-11-07,Amazon,1306c4,Headphones,1263.85,4,0.27,3690.44,Turkey
f2393356,2024-06-06,Shopify,683639,Smartwatch,460.55,1,0.09,419.1,Croatia
7172fa7b,2024-06-20,Amazon,01bcfe,Smartwatch,710.55,2,0.2,1136.88,Czech Republic
ad4666a7,2024-03-26,Amazon,a8250b,Smartwatch,1145.28,1,0.08,1053.66,Trinidad and Tobago
53936879,2024-04-19,eBay,85a189,Tablet,1206.57,3,0.23,2787.18,Trinidad and Tobago
78d7452d,2025-01-23,eBay,622056,Smartphone,776.01,2,0.04,1489.94,Latvia
57fd3230,2024-11-05,Amazon,4420e7,Smartphone,596.1,2,0.23,917.99,Turks and Caicos Islands
fede535a,2024-12-09,Amazon,0c4674,Camera,583.72,3,0.13,1523.51,Hong Kong
3e1dfd18,2024-04-16,eBay,061624,Camera,390.66,1,0.26,289.09,Italy
fef71f47,2024-05-27,Shopify,399955,Tablet,684.54,4,0.22,2135.76,Albania
1fc5c0fd,2024-08-23,eBay,21e103,Laptop,438.91,2,0.11,781.26,Saint Helena
b27ac8c0,2024-04-09,Amazon,629e9d,Camera,1285.94,3,0.27,2816.21,Haiti
